datetime,residual_demand,temperature_2m,wind_speed_10m,shortwave_radiation,cloud_cover,surface_pressure,dew_point_2m,total_re,thermal_generation,nuclear_generation,stage
2021-10-02 19:00:00,27552.702,15.4,12.3,5.0,0,875.0,-1.8,2785.44,1846.0,0.0,0
2021-10-02 20:00:00,26068.134,14.5,13.7,0.0,0,875.5,-1.9,2785.44,1845.0,0.0,0
2021-10-02 21:00:00,24809.615,13.5,13.6,0.0,0,876.0,-0.8,2785.44,1845.0,0.0,0
2021-10-02 22:00:00,23264.404,12.5,12.8,0.0,0,876.1,0.3,2785.44,1845.0,0.0,0
2021-10-02 23:00:00,21999.226,11.5,11.6,0.0,0,875.9,0.4,2785.44,1846.0,0.0,0
2021-10-03 00:00:00,21113.912,11.0,15.3,0.0,0,876.0,-0.2,2785.44,1845.0,0.0,0
2021-10-03 01:00:00,20453.945,9.9,15.4,0.0,0,876.2,0.6,2785.44,1846.0,0.0,0
2021-10-03 02:00:00,20164.943,9.1,17.3,0.0,0,876.3,2.0,2785.44,1846.0,0.0,0
2021-10-03 03:00:00,20253.781,8.2,16.1,0.0,0,876.2,2.8,2785.44,1846.0,0.0,0
2021-10-03 04:00:00,20540.381,7.5,14.6,0.0,0,876.6,3.2,2785.44,1847.0,0.0,0
2021-10-03 05:00:00,21286.35,6.9,13.1,0.0,0,877.4,3.3,2785.44,1847.0,0.0,0
2021-10-03 06:00:00,22620.444,6.3,12.6,0.0,0,878.2,3.3,2785.44,1846.0,0.0,0
2021-10-03 07:00:00,24624.394,7.7,13.9,71.0,0,879.6,3.5,2785.44,1846.0,0.0,0
2021-10-03 08:00:00,26299.008,9.6,14.7,287.0,0,880.5,3.0,2785.44,1847.0,0.0,0
2021-10-03 09:00:00,27016.304,12.1,12.4,521.0,0,880.9,2.5,2785.44,1847.0,0.0,0
2021-10-03 10:00:00,26942.491,14.3,10.1,727.0,0,881.4,1.6,2785.44,1847.0,0.0,0
2021-10-03 11:00:00,26681.071,15.9,7.6,880.0,0,881.4,1.0,2785.44,1847.0,0.0,0
2021-10-03 12:00:00,26380.007,17.1,5.5,967.0,0,881.0,0.6,2785.44,1846.0,0.0,0
2021-10-03 13:00:00,25988.759,18.1,6.4,979.0,0,880.7,0.3,2785.44,1846.0,0.0,0
2021-10-03 14:00:00,25717.012,18.6,8.0,917.0,0,880.3,-1.7,2785.44,1847.0,0.0,0
2021-10-03 15:00:00,25693.857,19.3,9.1,793.0,0,880.1,-2.6,2785.44,1847.0,0.0,0
2021-10-03 16:00:00,26009.361,19.1,10.3,605.0,0,879.8,-3.2,2785.44,1846.0,0.0,0
2021-10-03 17:00:00,26759.794,18.4,10.2,377.0,0,879.8,-3.5,2785.44,1847.0,0.0,0
2021-10-03 18:00:00,27886.089,15.9,6.9,142.0,0,879.4,-1.5,2785.44,1847.0,0.0,0
2021-10-03 19:00:00,28234.461,12.8,7.7,6.0,0,878.6,-0.8,2785.44,1847.0,0.0,0
2021-10-03 20:00:00,26769.914,10.9,9.8,0.0,0,878.2,-0.1,2785.44,1846.0,0.0,0
2021-10-03 21:00:00,25138.02,10.6,7.1,0.0,0,878.3,-0.5,2785.44,1845.0,0.0,0
2021-10-03 22:00:00,23145.613,9.5,7.2,0.0,0,878.1,-0.5,2785.44,1846.0,0.0,0
2021-10-03 23:00:00,21688.143,10.3,6.0,0.0,0,878.6,-0.2,2785.44,1846.0,0.0,0
2021-10-04 00:00:00,21058.559,8.1,10.2,0.0,0,878.2,-0.1,2785.44,1845.0,0.0,0
2021-10-04 01:00:00,20568.379,7.1,11.0,0.0,0,877.5,-1.2,2785.44,1845.0,0.0,0
2021-10-04 02:00:00,20412.298,7.2,7.7,0.0,0,878.1,-5.1,2785.44,1845.0,0.0,0
2021-10-04 03:00:00,20737.648,8.4,5.4,0.0,0,878.7,-5.4,2785.44,1846.0,0.0,0
2021-10-04 04:00:00,21611.579,7.0,5.8,0.0,0,878.2,-4.4,2785.44,1846.0,0.0,0
2021-10-04 05:00:00,23699.294,8.2,3.7,0.0,0,879.1,-4.4,2785.44,1846.0,0.0,0
2021-10-04 06:00:00,25390.811,4.8,4.7,0.0,0,877.7,-3.2,2785.44,1846.0,0.0,0
2021-10-04 07:00:00,26519.554,7.5,10.1,80.0,0,880.1,-1.1,2785.44,1846.0,0.0,0
2021-10-04 08:00:00,27853.235,11.5,7.6,306.0,0,882.5,0.6,2785.44,1846.0,0.0,0
2021-10-04 09:00:00,28089.869,14.8,10.2,542.0,29,883.6,-0.7,2785.44,1846.0,0.0,0
2021-10-04 10:00:00,28229.998,17.2,10.8,743.0,64,884.2,-1.0,2785.44,1847.0,0.0,0
2021-10-04 11:00:00,28238.981,19.3,11.2,888.0,71,884.2,-1.2,2785.44,1848.0,0.0,0
2021-10-04 12:00:00,28031.625,20.9,12.7,965.0,37,883.8,-1.8,2785.44,1848.0,0.0,0
2021-10-04 13:00:00,27736.933,22.2,12.2,985.0,64,883.2,-3.5,2785.44,1847.0,0.0,0
2021-10-04 14:00:00,27731.804,22.7,13.7,922.0,79,882.3,-8.6,2785.44,1845.0,0.0,0
2021-10-04 15:00:00,28213.97,23.1,11.1,803.0,78,881.6,-10.4,2785.44,1845.0,0.0,0
2021-10-04 16:00:00,28788.761,22.9,6.8,611.0,39,881.2,-10.3,2785.44,1846.0,0.0,0
2021-10-04 17:00:00,29328.166,22.4,3.3,381.0,0,881.0,-9.9,2785.44,1845.0,0.0,0
2021-10-04 18:00:00,30325.911,18.9,9.2,145.0,0,879.8,-5.6,2785.44,1845.0,0.0,0
2021-10-04 19:00:00,29994.939,16.2,11.8,6.0,0,879.3,-5.5,2785.44,1845.0,0.0,0
2021-10-04 20:00:00,28450.516,13.8,8.6,0.0,0,878.6,-4.1,2785.44,1842.0,0.0,0
2021-10-04 21:00:00,26022.444,12.4,8.4,0.0,0,878.5,-2.9,2785.44,1844.0,0.0,0
2021-10-04 22:00:00,23861.318,11.7,10.2,0.0,0,878.2,-4.1,2785.44,1846.0,0.0,0
2021-10-04 23:00:00,22396.208,11.3,10.1,0.0,0,878.7,-2.9,2785.44,1846.0,0.0,0
2021-10-05 00:00:00,21569.522,9.7,8.2,0.0,0,878.0,-4.8,2785.44,1846.0,0.0,0
2021-10-05 01:00:00,21233.698,7.5,12.0,0.0,0,876.9,-4.8,2785.44,1847.0,0.0,0
2021-10-05 02:00:00,21210.891,7.5,7.6,0.0,0,878.1,-4.9,2785.44,1847.0,0.0,0
2021-10-05 03:00:00,21446.958,6.3,7.8,0.0,0,876.8,-4.0,2785.44,1847.0,0.0,0
2021-10-05 04:00:00,22277.151,6.2,9.7,0.0,0,876.5,-2.7,2785.44,1847.0,0.0,0
2021-10-05 05:00:00,24288.212,5.3,8.1,0.0,0,876.7,-0.9,2785.44,1847.0,0.0,0
2021-10-05 06:00:00,25714.926,4.3,6.8,0.0,3,876.8,0.3,2785.44,1846.0,0.0,0
2021-10-05 07:00:00,27071.9,7.5,8.2,82.0,39,879.3,1.2,2785.44,1846.0,0.0,0
2021-10-05 08:00:00,28375.893,11.9,3.3,302.0,7,882.0,1.6,2785.44,1845.0,0.0,0
2021-10-05 09:00:00,28566.26,15.9,5.1,546.0,0,883.8,1.0,2785.44,1845.0,0.0,0
2021-10-05 10:00:00,28428.384,18.8,5.8,752.0,0,884.3,0.2,2785.44,1845.0,0.0,0
2021-10-05 11:00:00,28113.387,21.3,8.7,902.0,13,884.7,-2.1,2785.44,1844.0,0.0,0
2021-10-05 12:00:00,27748.022,22.9,9.2,981.0,0,884.3,-5.5,2785.44,1848.0,0.0,0
2021-10-05 13:00:00,27549.614,24.1,7.6,990.0,0,883.8,-7.0,2785.44,1848.0,0.0,0
2021-10-05 14:00:00,27664.583,25.2,13.0,927.0,0,883.4,-9.4,2785.44,1848.0,0.0,0
2021-10-05 15:00:00,27921.4,25.9,16.6,797.0,0,882.8,-8.9,2785.44,1848.0,0.0,0
2021-10-05 16:00:00,28420.834,25.3,15.8,606.0,0,882.3,-6.6,2785.44,1847.0,0.0,0
2021-10-05 17:00:00,28916.816,24.4,13.6,377.0,0,882.0,-6.3,2785.44,1847.0,0.0,0
2021-10-05 18:00:00,30081.561,20.4,7.2,142.0,0,880.7,-2.5,2785.44,1848.0,0.0,0
2021-10-05 19:00:00,30017.557,17.0,9.6,6.0,0,879.4,-2.7,2785.44,1849.0,0.0,0
2021-10-05 20:00:00,28212.622,16.0,7.8,0.0,0,879.4,-1.3,2785.44,1849.0,0.0,0
2021-10-05 21:00:00,26146.249,15.0,8.2,0.0,0,879.4,-1.7,2785.44,1849.0,0.0,0
2021-10-05 22:00:00,24150.613,14.3,9.3,0.0,0,879.2,-1.8,2785.44,1849.0,0.0,0
2021-10-05 23:00:00,22634.073,13.8,10.2,0.0,0,878.8,-1.8,2785.44,1849.0,0.0,0
2021-10-06 00:00:00,21734.881,12.9,9.6,0.0,0,878.6,-1.4,2785.44,1848.0,0.0,0
2021-10-06 01:00:00,21332.102,11.7,8.4,0.0,0,878.1,-1.0,2785.44,1848.0,0.0,0
2021-10-06 02:00:00,21067.405,10.8,9.1,0.0,0,877.8,-0.9,2785.44,1847.0,0.0,0
2021-10-06 03:00:00,21295.472,9.7,10.1,0.0,0,877.2,-0.4,2785.44,1847.0,0.0,0
2021-10-06 04:00:00,22449.837,8.8,10.5,0.0,0,876.8,0.1,2785.44,1848.0,0.0,0
2021-10-06 05:00:00,24300.459,8.5,9.7,0.0,0,877.2,0.2,2785.44,1847.0,0.0,0
2021-10-06 06:00:00,25721.478,8.6,9.2,0.0,0,877.5,-0.6,2785.44,1849.0,0.0,0
2021-10-06 07:00:00,26810.735,13.1,10.1,81.0,0,879.6,-1.1,2785.44,1848.0,0.0,0
2021-10-06 08:00:00,27766.519,18.3,6.5,301.0,0,882.6,-1.5,2785.44,1848.0,0.0,0
2021-10-06 09:00:00,27714.249,22.4,8.4,532.0,0,883.9,-3.2,2785.44,1848.0,0.0,0
2021-10-06 10:00:00,27726.963,25.0,12.6,731.0,0,884.2,-6.2,2785.44,1848.0,0.0,0
2021-10-06 11:00:00,27802.293,26.6,13.8,877.0,0,884.2,-2.9,2785.44,1849.0,0.0,0
2021-10-06 12:00:00,27466.503,27.7,11.8,953.0,0,883.5,1.7,2785.44,1850.0,0.0,0
2021-10-06 13:00:00,27278.93,28.7,9.8,963.0,0,882.8,4.9,2785.44,1849.0,0.0,0
2021-10-06 14:00:00,27355.543,29.4,10.6,895.0,4,882.0,4.4,2785.44,1848.0,0.0,0
2021-10-06 15:00:00,27686.291,29.5,9.7,762.0,4,881.1,4.7,2785.44,1848.0,0.0,0
2021-10-06 16:00:00,28407.786,29.1,7.3,585.0,56,880.9,4.2,2785.44,1847.0,0.0,0
2021-10-06 17:00:00,28904.43,28.3,5.8,267.0,45,880.3,4.3,2785.44,1846.0,0.0,0
2021-10-06 18:00:00,29979.234,25.7,6.9,115.0,11,878.9,6.0,2785.44,1846.0,0.0,0
2021-10-06 19:00:00,29616.597,22.9,15.1,6.0,3,878.9,5.1,2785.44,1846.0,0.0,0
2021-10-06 20:00:00,27855.354,22.6,18.6,0.0,0,879.6,2.2,2785.44,1846.0,0.0,0
2021-10-06 21:00:00,26004.876,20.8,17.9,0.0,0,879.6,2.3,2785.44,1846.0,0.0,0
2021-10-06 22:00:00,24133.041,20.0,16.3,0.0,0,879.9,2.4,2785.44,1847.0,0.0,0
2021-10-06 23:00:00,22747.345,19.3,15.1,0.0,0,879.9,2.9,2785.44,1848.0,0.0,0
2021-10-07 00:00:00,22079.605,18.4,13.9,0.0,0,879.5,4.7,2785.44,1848.0,0.0,0
2021-10-07 01:00:00,21639.431,17.6,13.3,0.0,0,879.0,5.3,2785.44,1849.0,0.0,0
2021-10-07 02:00:00,21455.656,17.0,13.8,0.0,0,878.9,8.1,2785.44,1849.0,0.0,0
2021-10-07 03:00:00,21669.472,16.5,14.1,0.0,41,878.2,8.6,2785.44,1848.0,0.0,0
2021-10-07 04:00:00,22562.021,15.4,13.0,0.0,0,877.7,8.7,2785.44,1847.0,0.0,0
2021-10-07 05:00:00,24516.358,14.7,15.0,0.0,8,877.9,8.4,2785.44,1847.0,0.0,0
2021-10-07 06:00:00,25951.503,14.4,19.1,0.0,40,878.5,7.6,2785.44,1846.0,0.0,0
2021-10-07 07:00:00,26980.318,16.3,20.9,86.0,23,880.0,6.9,2785.44,1846.0,0.0,0
2021-10-07 08:00:00,27883.54,19.6,20.9,309.0,27,881.5,8.4,2785.44,1846.0,0.0,0
2021-10-07 09:00:00,27885.981,23.0,22.5,540.0,3,882.2,9.2,2785.44,1848.0,0.0,0
2021-10-07 10:00:00,27987.257,26.0,21.7,737.0,0,882.7,8.4,2785.44,1847.0,0.0,0
2021-10-07 11:00:00,27878.436,29.2,20.5,885.0,0,882.7,5.1,2785.44,1848.0,0.0,0
2021-10-07 12:00:00,27543.622,31.3,21.2,970.0,52,882.1,0.9,2785.44,1847.0,0.0,0
2021-10-07 13:00:00,27190.739,31.4,20.9,875.0,53,881.3,1.5,2785.44,1847.0,0.0,0
2021-10-07 14:00:00,27504.807,31.5,17.0,661.0,36,880.3,0.6,2785.44,1847.0,0.0,0
2021-10-07 15:00:00,27881.206,31.9,16.6,618.0,37,879.0,-1.3,2785.44,1847.0,0.0,0
2021-10-07 16:00:00,28416.137,31.2,24.2,459.0,100,878.0,-1.4,2785.44,1847.0,0.0,0
2021-10-07 17:00:00,28939.651,26.9,34.9,65.0,100,878.3,3.6,2785.44,1845.0,0.0,0
2021-10-07 18:00:00,29985.988,24.6,20.9,20.0,52,878.3,7.5,2785.44,1845.0,0.0,0
2021-10-07 19:00:00,29287.995,23.4,23.3,5.0,47,878.5,9.0,2785.44,1846.0,0.0,0
2021-10-07 20:00:00,27363.046,20.7,17.4,0.0,87,879.6,10.3,2785.44,1846.0,0.0,0
2021-10-07 21:00:00,25591.469,16.9,4.6,0.0,100,879.9,12.9,2785.44,1846.0,0.0,0
2021-10-07 22:00:00,23741.868,17.1,9.4,0.0,77,879.7,13.4,2785.44,1846.0,0.0,2
2021-10-07 23:00:00,22150.944,16.4,11.3,0.0,75,879.1,13.4,2785.44,1847.0,0.0,2
2021-10-08 00:00:00,21716.952,15.7,13.4,0.0,77,878.4,13.2,2785.44,1847.0,0.0,2
2021-10-08 01:00:00,21266.73,14.9,14.1,0.0,23,877.3,12.8,2785.44,1847.0,0.0,2
2021-10-08 02:00:00,21104.632,14.9,11.7,0.0,7,877.7,10.9,2785.44,1847.0,0.0,2
2021-10-08 03:00:00,21420.916,13.9,10.1,0.0,0,876.9,11.4,2785.44,1846.0,0.0,2
2021-10-08 04:00:00,22439.219,13.3,8.7,0.0,0,876.6,11.4,2785.44,1846.0,0.0,2
2021-10-08 05:00:00,24061.985,12.6,8.1,0.0,0,876.5,11.1,2785.44,1848.0,0.0,2
2021-10-08 06:00:00,25564.885,12.2,8.8,0.0,0,876.7,11.0,2785.44,1849.0,0.0,0
2021-10-08 07:00:00,26794.822,14.3,12.6,89.0,0,878.4,11.8,2785.44,1849.0,0.0,0
2021-10-08 08:00:00,28051.318,17.6,13.1,312.0,0,880.0,11.4,2785.44,1848.0,0.0,0
2021-10-08 09:00:00,28262.759,20.9,11.2,547.0,0,880.6,6.6,2785.44,1847.0,0.0,0
2021-10-08 10:00:00,28223.8,23.6,11.1,752.0,0,880.8,1.1,2785.44,1847.0,0.0,0
2021-10-08 11:00:00,28241.962,25.6,13.8,904.0,0,880.6,-3.3,2785.44,1845.0,0.0,0
2021-10-08 12:00:00,27992.401,27.0,15.9,991.0,0,879.8,-4.2,2785.44,1845.0,0.0,0
2021-10-08 13:00:00,27553.374,28.1,15.0,997.0,0,879.3,-1.8,2785.44,1847.0,0.0,0
2021-10-08 14:00:00,27252.581,28.8,15.2,928.0,0,878.7,-9.0,2785.44,1847.0,0.0,0
2021-10-08 15:00:00,27396.032,29.6,15.1,808.0,0,878.0,-10.1,2785.44,1847.0,0.0,0
2021-10-08 16:00:00,27705.312,29.6,15.3,617.0,0,877.5,-10.6,2785.44,1846.0,0.0,0
2021-10-08 17:00:00,27881.382,28.9,17.0,386.0,0,877.3,-11.9,2785.44,1846.0,0.0,0
2021-10-08 18:00:00,29177.453,25.9,10.3,150.0,0,876.6,-11.4,2785.44,1844.0,0.0,0
2021-10-08 19:00:00,28823.922,23.1,14.3,7.0,0,876.2,-12.3,2785.44,1846.0,0.0,0
2021-10-08 20:00:00,27457.915,22.0,16.2,0.0,0,877.0,-13.0,2785.44,1845.0,0.0,0
2021-10-08 21:00:00,25535.408,20.2,14.8,0.0,0,877.2,-12.2,2785.44,1845.0,0.0,0
2021-10-08 22:00:00,23961.963,18.7,12.7,0.0,0,877.1,-12.4,2785.44,1844.0,0.0,2
2021-10-08 23:00:00,22970.883,17.2,10.5,0.0,0,876.6,-12.2,2785.44,1846.0,0.0,2
2021-10-09 00:00:00,22134.225,15.3,9.2,0.0,0,876.4,-11.8,2785.44,1846.0,0.0,2
2021-10-09 01:00:00,21674.35,13.8,8.9,0.0,0,875.8,-11.8,2785.44,1846.0,0.0,2
2021-10-09 02:00:00,21432.03,12.2,11.9,0.0,0,874.9,-11.0,2785.44,1847.0,0.0,2
2021-10-09 03:00:00,21432.329,11.0,11.3,0.0,0,874.3,-10.9,2785.44,1846.0,0.0,2
2021-10-09 04:00:00,21786.056,10.6,10.7,0.0,0,874.4,-10.8,2785.44,1846.0,0.0,2
2021-10-09 05:00:00,22536.757,10.8,9.2,0.0,0,874.9,-10.9,2785.44,1845.0,0.0,2
2021-10-09 06:00:00,23840.667,9.8,9.4,0.0,0,875.1,-10.5,2785.44,1844.0,0.0,2
2021-10-09 07:00:00,25549.274,14.0,14.0,95.0,0,878.2,-11.5,2785.44,1844.0,0.0,2
2021-10-09 08:00:00,27262.707,17.3,13.2,326.0,0,880.1,-13.0,2785.44,1843.0,0.0,2
2021-10-09 09:00:00,27784.753,20.4,13.8,563.0,13,880.7,-13.5,2785.44,1842.0,0.0,2
2021-10-09 10:00:00,27212.82,22.7,17.5,767.0,34,881.6,-12.4,2785.44,1843.0,0.0,2
2021-10-09 11:00:00,26911.316,24.3,19.7,913.0,72,882.0,-15.4,2785.44,1843.0,0.0,2
2021-10-09 12:00:00,27058.804,25.6,20.2,992.0,71,881.7,-15.7,2785.44,1842.0,0.0,2
2021-10-09 13:00:00,26409.953,26.6,21.2,994.0,81,881.6,-14.0,2785.44,1842.0,0.0,2
2021-10-09 14:00:00,25982.546,26.4,22.9,927.0,92,881.4,-9.3,2785.44,1840.0,0.0,2
2021-10-09 15:00:00,25856.404,25.9,24.3,746.0,88,881.1,-7.7,2785.44,1840.0,0.0,2
2021-10-09 16:00:00,26236.031,25.3,24.6,591.0,47,881.2,-10.8,2785.44,1840.0,0.0,2
2021-10-09 17:00:00,26769.652,24.2,22.1,384.0,39,881.0,-11.0,2785.44,1839.0,0.0,2
2021-10-09 18:00:00,28099.93,22.0,16.1,152.0,24,880.8,-6.5,2785.44,1838.0,0.0,2
2021-10-09 19:00:00,27845.876,19.7,14.3,8.0,28,880.7,-3.2,2785.44,1839.0,0.0,2
2021-10-09 20:00:00,25854.181,18.9,17.3,0.0,0,881.7,-3.8,2785.44,1841.0,0.0,2
2021-10-09 21:00:00,24339.433,17.8,18.3,0.0,18,882.2,-4.4,2785.44,1842.0,0.0,2
2021-10-09 22:00:00,23058.517,16.8,17.7,0.0,0,882.4,-4.6,2785.44,1841.0,0.0,2
2021-10-09 23:00:00,21838.245,15.4,15.4,0.0,0,882.4,-4.3,2785.44,1841.0,0.0,2
2021-10-10 00:00:00,21202.693,14.5,17.0,0.0,0,882.6,-3.2,2785.44,1841.0,0.0,2
2021-10-10 01:00:00,20538.3,13.9,18.5,0.0,0,882.7,-3.0,2785.44,1840.0,0.0,2
2021-10-10 02:00:00,20172.897,13.1,18.7,0.0,0,883.2,-4.4,2785.44,1841.0,0.0,2
2021-10-10 03:00:00,20313.564,12.2,20.3,0.0,0,883.3,-3.9,2785.44,1841.0,0.0,2
2021-10-10 04:00:00,20562.649,11.4,21.3,0.0,0,883.5,-3.0,2785.44,1842.0,0.0,2
2021-10-10 05:00:00,21165.104,10.5,22.2,0.0,0,883.8,-1.5,2785.44,1843.0,0.0,2
2021-10-10 06:00:00,22705.931,9.7,20.2,1.0,0,884.5,-0.1,2785.44,1843.0,0.0,2
2021-10-10 07:00:00,24677.899,11.0,19.2,99.0,0,886.0,0.7,2785.44,1843.0,0.0,2
2021-10-10 08:00:00,26452.365,13.1,21.8,333.0,0,886.9,-1.5,2785.44,1842.0,0.0,2
2021-10-10 09:00:00,27208.057,15.5,20.3,577.0,0,887.8,-4.4,2785.44,1840.0,0.0,2
2021-10-10 10:00:00,27131.468,18.2,18.4,786.0,0,888.2,-7.2,2785.44,1841.0,0.0,2
2021-10-10 11:00:00,26896.787,20.9,16.0,940.0,0,888.1,-10.1,2785.44,1841.0,0.0,2
2021-10-10 12:00:00,26520.973,23.2,15.5,1025.0,0,887.7,-12.3,2785.44,1841.0,0.0,2
2021-10-10 13:00:00,26213.199,25.0,15.0,1035.0,0,887.5,-12.9,2785.44,1843.0,0.0,2
2021-10-10 14:00:00,25815.27,26.4,15.0,968.0,0,887.2,-13.0,2785.44,1843.0,0.0,2
2021-10-10 15:00:00,25704.628,27.0,13.1,830.0,0,886.6,-11.5,2785.44,1842.0,0.0,2
2021-10-10 16:00:00,26372.155,26.9,12.6,631.0,0,886.3,-10.1,2785.44,1842.0,0.0,2
2021-10-10 17:00:00,27192.611,26.3,11.5,395.0,0,886.3,-8.8,2785.44,1841.0,0.0,2
2021-10-10 18:00:00,28609.478,23.1,6.2,155.0,0,885.3,-6.4,2785.44,1841.0,0.0,2
2021-10-10 19:00:00,28705.301,20.0,8.4,8.0,0,884.6,-6.5,2785.44,1842.0,0.0,2
2021-10-10 20:00:00,27128.963,18.7,9.4,0.0,0,885.2,-5.6,2785.44,1842.0,0.0,2
2021-10-10 21:00:00,25375.091,17.4,8.3,0.0,0,885.6,-3.8,2785.44,1841.0,0.0,2
2021-10-10 22:00:00,23346.795,17.2,10.3,0.0,0,885.6,-0.5,2785.44,1841.0,0.0,2
2021-10-10 23:00:00,21902.973,17.8,14.8,0.0,0,886.0,0.4,2785.44,1842.0,0.0,2
2021-10-11 00:00:00,21024.786,17.3,16.8,0.0,0,886.3,1.8,2785.44,1841.0,0.0,2
2021-10-11 01:00:00,20653.494,16.6,21.7,0.0,0,886.6,4.1,2785.44,1841.0,0.0,2
2021-10-11 02:00:00,20572.278,15.8,21.5,0.0,0,886.5,4.0,2785.44,1842.0,0.0,2
2021-10-11 03:00:00,20871.033,15.2,20.9,0.0,0,886.3,3.5,2785.44,1842.0,0.0,2
2021-10-11 04:00:00,21960.822,14.7,20.2,0.0,0,886.1,3.5,2785.44,1842.0,0.0,2
2021-10-11 05:00:00,24784.377,14.3,20.5,0.0,0,886.7,4.1,2785.44,1843.0,0.0,2
2021-10-11 06:00:00,26693.627,13.9,20.3,1.0,0,886.8,5.1,2785.44,1843.0,0.0,2
2021-10-11 07:00:00,26744.142,15.3,20.6,95.0,0,888.0,6.3,2785.44,1843.0,0.0,2
2021-10-11 08:00:00,27102.463,17.2,24.4,314.0,0,888.7,7.8,2785.44,1843.0,0.0,2
2021-10-11 09:00:00,27335.834,19.5,24.2,543.0,0,889.3,8.4,2785.44,1843.0,0.0,2
2021-10-11 10:00:00,27571.316,22.0,22.0,740.0,64,889.4,8.4,2785.44,1842.0,0.0,2
2021-10-11 11:00:00,27617.193,24.4,20.4,885.0,76,889.6,8.0,2785.44,1841.0,0.0,2
2021-10-11 12:00:00,27316.921,26.4,18.4,967.0,80,889.1,7.3,2785.44,1841.0,0.0,2
2021-10-11 13:00:00,27056.614,27.9,16.2,977.0,86,888.4,6.0,2785.44,1842.0,0.0,2
2021-10-11 14:00:00,27094.192,28.2,15.5,913.0,73,887.8,3.9,2785.44,1841.0,0.0,2
2021-10-11 15:00:00,27856.279,28.6,14.3,790.0,78,886.9,2.9,2785.44,1842.0,0.0,2
2021-10-11 16:00:00,28427.052,28.5,12.4,605.0,0,886.6,2.2,2785.44,1842.0,0.0,2
2021-10-11 17:00:00,29054.13,27.8,13.0,380.0,0,886.2,1.8,2785.44,1841.0,0.0,2
2021-10-11 18:00:00,30767.223,26.0,9.4,149.0,0,885.7,2.0,2785.44,1841.0,0.0,2
2021-10-11 19:00:00,30738.4,23.3,10.4,8.0,0,885.1,1.9,2785.44,1841.0,0.0,2
2021-10-11 20:00:00,28352.403,22.7,13.1,0.0,0,885.1,1.7,2785.44,1841.0,0.0,2
2021-10-11 21:00:00,26031.396,21.7,13.4,0.0,0,885.2,1.5,2785.44,1841.0,0.0,2
2021-10-11 22:00:00,23868.662,20.7,13.0,0.0,0,885.2,1.4,2785.44,1840.0,0.0,2
2021-10-11 23:00:00,22388.482,20.0,11.4,0.0,0,885.0,1.7,2785.44,1841.0,0.0,2
2021-10-12 00:00:00,21991.571,18.6,10.8,0.0,0,884.9,2.4,2785.44,1840.0,0.0,2
2021-10-12 01:00:00,21777.755,18.0,12.6,0.0,0,884.5,2.7,2785.44,1841.0,0.0,2
2021-10-12 02:00:00,21927.515,17.5,14.3,0.0,0,884.6,2.2,2785.44,1840.0,0.0,2
2021-10-12 03:00:00,22252.192,16.2,13.7,0.0,18,884.1,2.5,2785.44,1840.0,0.0,2
2021-10-12 04:00:00,23532.283,15.5,15.5,0.0,0,883.5,3.4,2785.44,1840.0,0.0,2
2021-10-12 05:00:00,26072.392,14.8,14.8,0.0,100,883.8,4.3,2785.44,1840.0,0.0,2
2021-10-12 06:00:00,27031.508,14.2,13.7,1.0,97,883.9,4.7,2785.44,1841.0,0.0,2
2021-10-12 07:00:00,26928.645,16.1,16.6,93.0,97,885.4,5.0,2785.44,1841.0,0.0,2
2021-10-12 08:00:00,27331.831,18.9,17.0,310.0,76,886.5,5.0,2785.44,1843.0,0.0,2
2021-10-12 09:00:00,27195.695,22.2,16.0,551.0,47,887.4,4.9,2785.44,1843.0,0.0,2
2021-10-12 10:00:00,27011.531,25.5,15.5,753.0,42,887.8,4.4,2785.44,1842.0,0.0,2
2021-10-12 11:00:00,27112.315,27.9,13.4,900.0,70,887.6,3.4,2785.44,1842.0,0.0,2
2021-10-12 12:00:00,26807.649,29.3,13.2,981.0,21,886.8,2.4,2785.44,1841.0,0.0,2
2021-10-12 13:00:00,26555.669,30.4,12.9,995.0,58,886.2,1.1,2785.44,1840.0,0.0,2
2021-10-12 14:00:00,27235.318,30.8,13.8,927.0,85,885.3,2.4,2785.44,1839.0,0.0,2
2021-10-12 15:00:00,27662.145,31.0,12.8,793.0,81,884.5,1.5,2785.44,1838.0,0.0,2
2021-10-12 16:00:00,28128.553,30.9,12.4,596.0,22,884.0,0.6,2785.44,1839.0,0.0,2
2021-10-12 17:00:00,28647.572,30.2,11.6,384.0,4,883.7,-0.2,2785.44,1840.0,0.0,2
2021-10-12 18:00:00,30321.368,27.6,6.9,151.0,2,883.1,1.0,2785.44,1839.0,0.0,2
2021-10-12 19:00:00,30226.279,24.7,10.5,9.0,0,882.2,0.8,2785.44,1839.0,0.0,2
2021-10-12 20:00:00,27848.137,23.7,12.0,0.0,52,882.1,-0.2,2785.44,1840.0,0.0,2
2021-10-12 21:00:00,26020.955,22.9,14.3,0.0,79,882.3,-0.9,2785.44,1840.0,0.0,2
2021-10-12 22:00:00,24092.201,22.2,14.4,0.0,99,882.5,-1.6,2785.44,1840.0,0.0,2
2021-10-12 23:00:00,22868.115,21.3,12.4,0.0,100,881.9,0.4,2785.44,1839.0,0.0,2
2021-10-13 00:00:00,21876.441,20.1,10.8,0.0,0,881.6,2.0,2785.44,1839.0,0.0,2
2021-10-13 01:00:00,21563.715,18.9,9.8,0.0,0,880.8,2.8,2785.44,1840.0,0.0,2
2021-10-13 02:00:00,21417.98,18.6,11.2,0.0,0,880.3,2.8,2785.44,1840.0,0.0,2
2021-10-13 03:00:00,21696.249,18.0,12.3,0.0,91,879.7,2.7,2785.44,1839.0,0.0,2
2021-10-13 04:00:00,22795.81,17.6,13.0,0.0,100,879.5,2.3,2785.44,1839.0,0.0,2
2021-10-13 05:00:00,25326.749,17.1,13.4,0.0,95,879.5,1.6,2785.44,1840.0,0.0,2
2021-10-13 06:00:00,26743.75,16.3,13.7,1.0,5,879.6,0.9,2785.44,1840.0,0.0,2
2021-10-13 07:00:00,26844.508,18.4,15.9,103.0,2,881.4,1.0,2785.44,1841.0,0.0,2
2021-10-13 08:00:00,27173.316,21.8,16.0,326.0,10,882.8,0.7,2785.44,1842.0,0.0,2
2021-10-13 09:00:00,27427.361,25.3,19.1,558.0,4,883.6,-0.1,2785.44,1843.0,0.0,2
2021-10-13 10:00:00,27509.394,28.5,21.3,759.0,76,883.7,-0.7,2785.44,1843.0,0.0,2
2021-10-13 11:00:00,27381.809,30.9,21.1,878.0,98,883.4,-0.6,2785.44,1842.0,0.0,2
2021-10-13 12:00:00,27181.672,32.6,19.3,946.0,98,883.0,-0.7,2785.44,1842.0,0.0,2
2021-10-13 13:00:00,27169.035,33.8,18.0,981.0,83,882.4,-0.3,2785.44,1841.0,0.0,2
2021-10-13 14:00:00,27321.473,34.4,19.3,925.0,0,881.5,0.3,2785.44,1839.0,0.0,2
2021-10-13 15:00:00,27902.179,34.8,19.0,793.0,9,880.5,-0.5,2785.44,1838.0,0.0,2
2021-10-13 16:00:00,28387.881,34.5,19.3,607.0,0,880.1,-1.5,2785.44,1839.0,0.0,2
2021-10-13 17:00:00,29039.845,33.4,20.1,383.0,0,879.6,-1.9,2785.44,1839.0,0.0,2
2021-10-13 18:00:00,30811.708,31.1,15.4,153.0,0,879.2,-1.7,2785.44,1839.0,0.0,2
2021-10-13 19:00:00,30302.725,28.3,13.6,9.0,0,878.5,-1.7,2785.44,1839.0,0.0,2
2021-10-13 20:00:00,28029.455,26.4,12.5,0.0,0,878.7,-1.2,2785.44,1838.0,0.0,2
2021-10-13 21:00:00,25858.971,25.3,16.1,0.0,0,879.1,-0.4,2785.44,1840.0,0.0,2
2021-10-13 22:00:00,23724.926,24.4,14.4,0.0,0,878.8,-0.1,2785.44,1840.0,0.0,2
2021-10-13 23:00:00,22592.679,24.3,17.7,0.0,0,878.5,0.0,2785.44,1840.0,0.0,2
2021-10-14 00:00:00,21927.481,24.0,18.4,0.0,0,877.8,-0.1,2785.44,1839.0,0.0,2
2021-10-14 01:00:00,21389.908,22.9,17.6,0.0,0,877.1,-0.2,2785.44,1840.0,0.0,2
2021-10-14 02:00:00,21120.357,22.0,19.1,0.0,0,876.5,-1.2,2785.44,1840.0,0.0,2
2021-10-14 03:00:00,21336.479,21.3,18.2,0.0,0,876.4,-3.1,2785.44,1839.0,0.0,2
2021-10-14 04:00:00,22550.975,20.2,17.0,0.0,0,876.5,-4.3,2785.44,1839.0,0.0,2
2021-10-14 05:00:00,26239.43,19.0,14.0,0.0,0,876.7,-4.9,2785.44,1839.0,0.0,2
2021-10-14 06:00:00,26837.796,18.2,12.3,2.0,0,877.3,-5.3,2785.44,1840.0,0.0,0
2021-10-14 07:00:00,26672.797,19.9,11.2,108.0,0,878.8,-4.5,2785.44,1841.0,0.0,0
2021-10-14 08:00:00,27187.559,23.3,11.6,337.0,0,880.3,-4.8,2785.44,1841.0,0.0,0
2021-10-14 09:00:00,27182.963,26.0,12.7,571.0,0,880.6,-5.2,2785.44,1841.0,0.0,0
2021-10-14 10:00:00,27452.711,28.1,10.9,769.0,0,880.9,-4.3,2785.44,1841.0,0.0,0
2021-10-14 11:00:00,27260.503,30.1,10.7,914.0,0,880.7,-5.2,2785.44,1841.0,0.0,0
2021-10-14 12:00:00,27177.948,31.7,13.4,996.0,0,880.1,-6.1,2785.44,1840.0,0.0,0
2021-10-14 13:00:00,27078.132,32.7,14.0,1007.0,0,879.5,-6.1,2785.44,1841.0,0.0,0
2021-10-14 14:00:00,27245.061,33.1,14.0,944.0,0,879.2,-6.8,2785.44,1840.0,0.0,0
2021-10-14 15:00:00,27911.288,34.8,6.3,814.0,0,878.1,-8.0,2785.44,1840.0,0.0,0
2021-10-14 16:00:00,28396.877,34.5,25.0,624.0,0,877.5,-8.0,2785.44,1840.0,0.0,0
2021-10-14 17:00:00,28594.227,33.5,22.7,395.0,0,877.5,-7.8,2785.44,1839.0,0.0,0
2021-10-14 18:00:00,29705.412,31.2,13.2,159.0,0,877.3,-7.0,2785.44,1841.0,0.0,0
2021-10-14 19:00:00,29653.811,26.0,8.3,10.0,0,876.6,-6.6,2785.44,1841.0,0.0,0
2021-10-14 20:00:00,27669.48,23.9,9.2,0.0,0,876.8,-6.8,2785.44,1841.0,0.0,0
2021-10-14 21:00:00,25614.455,22.9,8.9,0.0,0,877.3,-6.6,2785.44,1841.0,0.0,0
2021-10-14 22:00:00,23752.083,21.4,8.4,0.0,0,877.2,-5.6,2785.44,1841.0,0.0,0
2021-10-14 23:00:00,22427.539,19.3,11.8,0.0,5,876.4,-4.4,2785.44,1840.0,0.0,0
2021-10-15 00:00:00,22168.472,22.3,6.0,0.0,0,877.6,-5.1,2785.44,1840.0,0.0,0
2021-10-15 01:00:00,21957.671,17.2,8.9,0.0,7,874.6,-4.1,2785.44,1840.0,0.0,0
2021-10-15 02:00:00,21698.366,18.1,8.9,0.0,9,874.5,-3.8,2785.44,1841.0,0.0,0
2021-10-15 03:00:00,21933.846,16.2,8.9,0.0,26,874.1,-3.3,2785.44,1840.0,0.0,0
2021-10-15 04:00:00,23249.64,14.2,9.2,0.0,55,873.9,-2.4,2785.44,1841.0,0.0,0
2021-10-15 05:00:00,25889.708,14.1,8.3,0.0,71,874.5,-2.4,2785.44,1840.0,0.0,0
2021-10-15 06:00:00,26786.023,13.9,10.6,2.0,88,874.4,-1.6,2785.44,1841.0,0.0,0
2021-10-15 07:00:00,26784.123,18.8,10.7,106.0,92,876.4,-2.9,2785.44,1842.0,0.0,0
2021-10-15 08:00:00,27501.641,23.2,8.7,333.0,81,878.3,-3.4,2785.44,1841.0,0.0,0
2021-10-15 09:00:00,27450.938,25.9,8.9,569.0,17,879.0,-4.0,2785.44,1840.0,0.0,0
2021-10-15 10:00:00,27504.563,28.6,9.8,771.0,38,879.1,-3.9,2785.44,1840.0,0.0,0
2021-10-15 11:00:00,27526.919,31.0,13.5,913.0,7,878.8,-4.8,2785.44,1839.0,0.0,0
2021-10-15 12:00:00,27142.979,33.2,19.6,995.0,12,878.2,-5.2,2785.44,1839.0,0.0,0
2021-10-15 13:00:00,27005.724,36.9,38.3,1005.0,79,876.6,-6.6,2785.44,1839.0,0.0,0
2021-10-15 14:00:00,27026.747,34.5,31.9,785.0,77,876.5,-4.3,2785.44,1840.0,0.0,0
2021-10-15 15:00:00,27088.921,34.8,34.2,778.0,89,875.8,-4.4,2785.44,1840.0,0.0,0
2021-10-15 16:00:00,27334.922,34.0,34.1,545.0,100,875.4,-3.9,2785.44,1841.0,0.0,0
2021-10-15 17:00:00,27291.921,32.3,30.4,268.0,97,875.3,-4.5,2785.44,1841.0,0.0,0
2021-10-15 18:00:00,28030.124,29.4,26.1,127.0,93,875.7,-3.8,2785.44,1840.0,0.0,0
2021-10-15 19:00:00,28247.688,26.7,24.3,10.0,24,875.9,-3.3,2785.44,1840.0,0.0,0
2021-10-15 20:00:00,26582.968,24.7,20.8,0.0,16,876.1,-2.6,2785.44,1840.0,0.0,0
2021-10-15 21:00:00,25080.234,23.3,22.4,0.0,93,876.6,-2.8,2785.44,1840.0,0.0,0
2021-10-15 22:00:00,23834.975,22.6,22.2,0.0,88,876.9,-4.1,2785.44,1839.0,0.0,0
2021-10-15 23:00:00,22886.584,20.6,15.8,0.0,95,876.2,-5.1,2785.44,1840.0,0.0,0
2021-10-16 00:00:00,22044.018,18.7,15.3,0.0,100,875.8,-8.1,2785.44,1840.0,0.0,0
2021-10-16 01:00:00,21723.192,17.0,15.5,0.0,94,874.6,-9.5,2785.44,1840.0,0.0,0
2021-10-16 02:00:00,21563.891,16.1,8.7,0.0,88,874.6,-10.0,2785.44,1840.0,0.0,0
2021-10-16 03:00:00,21365.329,15.3,8.0,0.0,88,874.9,-9.3,2785.44,1840.0,0.0,0
2021-10-16 04:00:00,21512.962,14.5,10.9,0.0,97,875.4,-8.4,2785.44,1839.0,0.0,0
2021-10-16 05:00:00,22739.967,14.2,15.5,0.0,100,875.9,-5.5,2785.44,1838.0,0.0,0
2021-10-16 06:00:00,23873.854,13.9,20.1,1.0,100,876.5,-1.2,2785.44,1839.0,0.0,0
2021-10-16 07:00:00,25565.145,13.7,19.2,70.0,100,877.5,1.2,2785.44,1839.0,0.0,0
2021-10-16 08:00:00,26882.918,14.6,17.8,175.0,86,878.1,1.3,2785.44,1838.0,0.0,0
2021-10-16 09:00:00,27288.402,16.3,19.3,489.0,99,878.9,1.4,2785.44,1838.0,0.0,0
2021-10-16 10:00:00,27223.464,17.4,20.6,626.0,99,879.4,0.6,2785.44,1837.0,0.0,0
2021-10-16 11:00:00,27111.58,18.6,23.3,778.0,81,879.4,-1.8,2785.44,1837.0,0.0,0
2021-10-16 12:00:00,26801.875,19.2,24.7,750.0,53,879.3,-5.9,2785.44,1837.0,0.0,0
2021-10-16 13:00:00,26431.131,20.5,24.5,847.0,39,879.2,-9.8,2785.44,1837.0,0.0,0
2021-10-16 14:00:00,26360.287,20.1,18.2,875.0,39,879.8,-13.7,2785.44,1836.0,0.0,0
2021-10-16 15:00:00,26429.048,20.8,19.0,813.0,29,879.2,-16.8,2785.44,1836.0,0.0,0
2021-10-16 16:00:00,26594.122,20.0,18.7,632.0,0,878.9,-13.9,2785.44,1836.0,0.0,0
2021-10-16 17:00:00,26751.254,19.1,16.5,414.0,0,878.7,-12.1,2785.44,1837.0,0.0,0
2021-10-16 18:00:00,27749.33,18.3,12.5,168.0,0,878.6,-13.2,2785.44,1837.0,0.0,0
2021-10-16 19:00:00,27744.497,15.8,9.2,12.0,0,878.1,-13.7,2785.44,1837.0,0.0,0
2021-10-16 20:00:00,25976.018,14.5,11.0,0.0,0,878.3,-13.6,2785.44,1838.0,0.0,0
2021-10-16 21:00:00,24379.861,13.5,11.5,0.0,0,878.6,-12.4,2785.44,1841.0,0.0,0
2021-10-16 22:00:00,22965.911,12.7,13.0,0.0,0,878.7,-12.6,2785.44,1841.0,0.0,0
2021-10-16 23:00:00,21793.075,12.0,13.6,0.0,0,878.4,-13.3,2785.44,1841.0,0.0,0
2021-10-17 00:00:00,21184.808,11.5,17.0,0.0,0,878.7,-13.4,2785.44,1840.0,0.0,0
2021-10-17 01:00:00,20615.224,11.0,17.9,0.0,0,878.7,-12.9,2785.44,1839.0,0.0,0
2021-10-17 02:00:00,20418.494,9.7,16.7,0.0,0,878.6,-12.9,2785.44,1838.0,0.0,0
2021-10-17 03:00:00,20501.702,8.4,13.1,0.0,0,878.0,-12.6,2785.44,1839.0,0.0,0
2021-10-17 04:00:00,20681.46,7.7,12.1,0.0,98,878.1,-11.4,2785.44,1840.0,0.0,0
2021-10-17 05:00:00,21384.729,7.1,10.8,0.0,93,878.3,-9.8,2785.44,1840.0,0.0,0
2021-10-17 06:00:00,22874.293,6.9,10.8,3.0,63,879.1,-8.7,2785.44,1840.0,0.0,0
2021-10-17 07:00:00,24661.149,9.2,12.1,123.0,33,881.1,-8.1,2785.44,1840.0,0.0,0
2021-10-17 08:00:00,26149.631,11.9,14.5,362.0,46,882.1,-7.4,2785.44,1839.0,0.0,0
2021-10-17 09:00:00,27063.998,14.5,14.4,602.0,38,882.9,-7.4,2785.44,1838.0,0.0,0
2021-10-17 10:00:00,27325.73,16.5,14.0,804.0,76,883.3,-8.5,2785.44,1839.0,0.0,0
2021-10-17 11:00:00,27063.921,18.4,14.5,953.0,79,883.4,-9.4,2785.44,1840.0,0.0,0
2021-10-17 12:00:00,26984.966,19.9,15.9,1034.0,100,883.2,-11.0,2785.44,1841.0,0.0,0
2021-10-17 13:00:00,26503.641,20.8,17.1,1031.0,100,882.9,-12.2,2785.44,1841.0,0.0,0
2021-10-17 14:00:00,25962.234,20.8,19.2,956.0,90,882.9,-15.0,2785.44,1840.0,0.0,0
2021-10-17 15:00:00,26069.397,21.1,20.4,815.0,96,882.3,-15.9,2785.44,1840.0,0.0,0
2021-10-17 16:00:00,26596.802,20.7,20.8,632.0,86,881.8,-17.0,2785.44,1839.0,0.0,0
2021-10-17 17:00:00,27008.932,19.7,22.6,412.0,34,881.9,-16.8,2785.44,1839.0,0.0,0
2021-10-17 18:00:00,28126.464,18.0,20.6,171.0,74,881.8,-16.4,2785.44,1838.0,0.0,0
2021-10-17 19:00:00,28289.763,16.1,16.0,12.0,79,882.1,-15.5,2785.44,1840.0,0.0,0
2021-10-17 20:00:00,26638.374,15.0,14.5,0.0,0,882.6,-13.9,2785.44,1840.0,0.0,0
2021-10-17 21:00:00,24438.447,14.2,16.7,0.0,0,883.5,-12.1,2785.44,1840.0,0.0,0
2021-10-17 22:00:00,22845.001,13.2,15.3,0.0,0,883.6,-9.5,2785.44,1841.0,0.0,0
2021-10-17 23:00:00,21464.513,12.4,17.0,0.0,0,883.8,-8.8,2785.44,1841.0,0.0,0
2021-10-18 00:00:00,20857.267,11.5,16.1,0.0,0,884.0,-7.6,2785.44,1841.0,0.0,0
2021-10-18 01:00:00,20482.102,10.3,15.3,0.0,0,883.9,-6.4,2785.44,1843.0,0.0,0
2021-10-18 02:00:00,20448.167,9.3,15.4,0.0,0,883.9,-5.5,2785.44,1842.0,0.0,0
2021-10-18 03:00:00,20833.608,8.1,13.3,0.0,0,883.3,-5.1,2785.44,1841.0,0.0,0
2021-10-18 04:00:00,22262.822,7.3,14.0,0.0,0,883.5,-4.5,2785.44,1839.0,0.0,0
2021-10-18 05:00:00,25363.658,6.7,14.5,0.0,0,883.9,-3.7,2785.44,1839.0,0.0,0
2021-10-18 06:00:00,27111.573,6.2,13.2,3.0,0,884.6,-3.1,2785.44,1842.0,0.0,0
2021-10-18 07:00:00,27060.837,8.4,13.7,129.0,0,886.3,-2.8,2785.44,1842.0,0.0,0
2021-10-18 08:00:00,27816.234,10.7,16.8,369.0,0,887.0,-2.9,2785.44,1841.0,0.0,0
2021-10-18 09:00:00,28056.969,13.4,15.6,610.0,0,887.7,-4.3,2785.44,1842.0,0.0,0
2021-10-18 10:00:00,27276.58,16.3,14.2,817.0,0,888.1,-6.5,2785.44,1843.0,0.0,0
2021-10-18 11:00:00,27709.087,18.8,12.3,968.0,0,888.1,-9.7,2785.44,1843.0,0.0,0
2021-10-18 12:00:00,27542.171,20.7,9.7,1051.0,0,887.5,-12.4,2785.44,1842.0,0.0,0
2021-10-18 13:00:00,26746.296,22.0,7.9,1060.0,0,886.7,-13.8,2785.44,1842.0,0.0,0
2021-10-18 14:00:00,27323.655,22.6,7.7,993.0,0,886.2,-17.5,2785.44,1841.0,0.0,0
2021-10-18 15:00:00,28122.72,23.2,8.4,862.0,0,885.5,-18.4,2785.44,1840.0,0.0,0
2021-10-18 16:00:00,28868.323,23.0,9.6,665.0,0,885.2,-19.0,2785.44,1841.0,0.0,0
2021-10-18 17:00:00,29274.376,22.4,9.8,427.0,0,884.8,-19.6,2785.44,1841.0,0.0,0
2021-10-18 18:00:00,30413.712,20.4,5.8,179.0,0,884.1,-16.8,2785.44,1841.0,0.0,0
2021-10-18 19:00:00,30383.036,15.6,10.0,13.0,0,882.4,-14.2,2785.44,1842.0,0.0,0
2021-10-18 20:00:00,28378.813,14.0,10.9,0.0,0,882.5,-12.6,2785.44,1842.0,0.0,0
2021-10-18 21:00:00,26153.209,13.8,8.7,0.0,0,882.5,-13.0,2785.44,1843.0,0.0,0
2021-10-18 22:00:00,23966.317,13.7,9.9,0.0,0,882.7,-14.7,2785.44,1843.0,0.0,0
2021-10-18 23:00:00,22529.602,13.5,12.8,0.0,0,883.1,-15.5,2785.44,1843.0,0.0,0
2021-10-19 00:00:00,21873.657,11.8,11.9,0.0,0,882.4,-15.3,2785.44,1844.0,0.0,0
2021-10-19 01:00:00,21727.528,10.9,14.5,0.0,0,882.0,-15.2,2785.44,1844.0,0.0,0
2021-10-19 02:00:00,21612.879,10.1,13.6,0.0,0,881.9,-13.2,2785.44,1844.0,0.0,0
2021-10-19 03:00:00,21807.626,9.3,16.3,0.0,0,881.8,-12.4,2785.44,1845.0,0.0,0
2021-10-19 04:00:00,23044.635,9.4,16.1,0.0,0,882.3,-11.8,2785.44,1844.0,0.0,0
2021-10-19 05:00:00,26236.567,8.6,11.9,0.0,0,882.6,-8.8,2785.44,1845.0,0.0,0
2021-10-19 06:00:00,27827.296,8.1,8.4,4.0,0,883.3,-3.2,2785.44,1847.0,0.0,0
2021-10-19 07:00:00,27748.134,11.8,10.4,128.0,0,885.2,1.2,2785.44,1848.0,0.0,0
2021-10-19 08:00:00,28138.449,15.4,11.1,362.0,0,886.6,4.7,2785.44,1848.0,0.0,0
2021-10-19 09:00:00,27871.954,18.4,11.6,596.0,0,887.5,4.5,2785.44,1848.0,0.0,0
2021-10-19 10:00:00,27621.569,21.0,11.2,796.0,0,887.9,2.3,2785.44,1847.0,0.0,0
2021-10-19 11:00:00,27297.182,23.0,10.8,943.0,0,887.8,-1.3,2785.44,1848.0,0.0,0
2021-10-19 12:00:00,27180.92,24.6,9.8,1024.0,0,887.2,-3.9,2785.44,1849.0,0.0,0
2021-10-19 13:00:00,27062.312,25.7,8.6,1031.0,0,886.6,-4.9,2785.44,1849.0,0.0,0
2021-10-19 14:00:00,27365.589,25.8,12.6,965.0,0,886.1,-4.1,2785.44,1850.0,0.0,0
2021-10-19 15:00:00,28055.502,26.2,9.3,827.0,0,885.3,-5.2,2785.44,1849.0,0.0,0
2021-10-19 16:00:00,29015.525,26.1,7.0,637.0,0,884.9,-4.1,2785.44,1848.0,0.0,0
2021-10-19 17:00:00,29674.37,25.5,5.4,408.0,0,884.7,-2.2,2785.44,1847.0,0.0,0
2021-10-19 18:00:00,30686.042,24.0,6.6,171.0,7,884.3,-0.9,2785.44,1846.0,0.0,0
2021-10-19 19:00:00,30811.567,21.7,11.2,13.0,0,883.9,-0.6,2785.44,1845.0,0.0,0
2021-10-19 20:00:00,28781.107,20.5,8.4,0.0,0,883.7,-0.6,2785.44,1845.0,0.0,0
2021-10-19 21:00:00,26413.442,19.2,9.9,0.0,0,883.7,-0.4,2785.44,1846.0,0.0,0
2021-10-19 22:00:00,24133.441,17.9,8.4,0.0,0,883.6,0.6,2785.44,1846.0,0.0,0
2021-10-19 23:00:00,22670.936,16.7,7.9,0.0,0,882.9,1.8,2785.44,1846.0,0.0,0
2021-10-20 00:00:00,22035.805,16.9,9.7,0.0,5,882.9,2.1,2785.44,1847.0,0.0,0
2021-10-20 01:00:00,21687.072,16.9,11.9,0.0,11,882.9,2.4,2785.44,1850.0,0.0,0
2021-10-20 02:00:00,21512.19,15.7,14.2,0.0,0,883.2,1.9,2785.44,1850.0,0.0,0
2021-10-20 03:00:00,21784.645,15.1,16.0,0.0,0,882.8,2.8,2785.44,1849.0,0.0,0
2021-10-20 04:00:00,23004.651,14.7,15.6,0.0,0,882.9,4.7,2785.44,1848.0,0.0,0
2021-10-20 05:00:00,26291.692,14.1,16.0,0.0,0,883.1,5.8,2785.44,1848.0,0.0,0
2021-10-20 06:00:00,27756.459,13.6,17.8,4.0,0,883.8,6.7,2785.44,1849.0,0.0,0
2021-10-20 07:00:00,27346.243,15.3,19.7,125.0,0,885.1,7.3,2785.44,1849.0,0.0,0
2021-10-20 08:00:00,27767.629,17.4,21.8,351.0,0,886.2,7.4,2785.44,1848.0,0.0,0
2021-10-20 09:00:00,27565.747,20.4,22.0,581.0,0,887.1,6.7,2785.44,1847.0,0.0,0
2021-10-20 10:00:00,27457.791,23.6,22.1,779.0,0,887.4,5.2,2785.44,1846.0,0.0,0
2021-10-20 11:00:00,27317.732,25.8,20.6,925.0,0,887.2,3.7,2785.44,1846.0,0.0,0
2021-10-20 12:00:00,27136.524,27.2,17.3,1005.0,0,886.5,2.2,2785.44,1846.0,0.0,0
2021-10-20 13:00:00,27030.14,28.1,16.3,1013.0,13,885.9,1.4,2785.44,1845.0,0.0,0
2021-10-20 14:00:00,27172.842,27.8,14.8,947.0,21,885.5,1.0,2785.44,1846.0,0.0,0
2021-10-20 15:00:00,27784.802,28.0,13.7,817.0,83,884.6,0.4,2785.44,1847.0,0.0,0
2021-10-20 16:00:00,28445.768,27.7,11.2,625.0,31,884.0,-0.4,2785.44,1846.0,0.0,0
2021-10-20 17:00:00,29032.725,27.2,10.1,401.0,52,883.7,-1.2,2785.44,1846.0,0.0,0
2021-10-20 18:00:00,30059.121,25.6,7.6,165.0,78,883.1,-1.4,2785.44,1845.0,0.0,0
2021-10-20 19:00:00,30209.842,23.0,10.4,13.0,100,882.2,-1.7,2785.44,1845.0,0.0,0
2021-10-20 20:00:00,28248.577,22.1,9.6,0.0,97,882.2,-1.9,2785.44,1845.0,0.0,0
2021-10-20 21:00:00,25746.134,20.1,7.7,0.0,96,881.8,-1.9,2785.44,1846.0,0.0,0
2021-10-20 22:00:00,23854.78,19.9,11.2,0.0,100,882.9,-0.9,2785.44,1846.0,0.0,0
2021-10-20 23:00:00,22549.174,19.4,14.0,0.0,99,882.9,-0.2,2785.44,1848.0,0.0,0
2021-10-21 00:00:00,22055.402,18.8,11.7,0.0,92,882.6,-0.2,2785.44,1850.0,0.0,0
2021-10-21 01:00:00,21741.014,17.8,11.4,0.0,100,881.8,-0.6,2785.44,1849.0,0.0,0
2021-10-21 02:00:00,21587.713,17.3,11.9,0.0,99,882.0,0.2,2785.44,1849.0,0.0,0
2021-10-21 03:00:00,21960.002,17.1,13.0,0.0,100,881.7,0.9,2785.44,1849.0,0.0,0
2021-10-21 04:00:00,23293.947,16.9,14.7,0.0,100,881.2,1.3,2785.44,1849.0,0.0,0
2021-10-21 05:00:00,26303.537,16.7,14.5,0.0,100,881.9,1.5,2785.44,1849.0,0.0,0
2021-10-21 06:00:00,27326.835,16.1,12.6,4.0,100,882.0,1.9,2785.44,1849.0,0.0,0
2021-10-21 07:00:00,26838.864,17.2,12.4,55.0,100,883.1,2.4,2785.44,1848.0,0.0,0
2021-10-21 08:00:00,27051.463,18.6,10.2,143.0,100,883.6,4.0,2785.44,1847.0,0.0,0
2021-10-21 09:00:00,26844.357,22.1,13.0,392.0,100,884.3,4.3,2785.44,1846.0,0.0,0
2021-10-21 10:00:00,26947.085,22.0,16.5,396.0,100,884.3,4.2,2785.44,1846.0,0.0,0
2021-10-21 11:00:00,26647.014,21.6,12.3,280.0,100,883.5,4.3,2785.44,1846.0,0.0,0
2021-10-21 12:00:00,26556.289,22.9,6.8,226.0,100,882.9,3.1,2785.44,1849.0,0.0,0
2021-10-21 13:00:00,26243.481,25.0,7.1,365.0,100,882.4,2.0,2785.44,1851.0,0.0,0
2021-10-21 14:00:00,26581.862,25.5,10.5,721.0,100,882.3,5.9,2785.44,1850.0,0.0,0
2021-10-21 15:00:00,27289.204,24.8,21.2,530.0,100,881.1,7.5,2785.44,1851.0,0.0,0
2021-10-21 16:00:00,27973.673,21.9,21.7,276.0,100,880.4,10.6,2785.44,1850.0,0.0,0
2021-10-21 17:00:00,28293.068,20.2,14.3,95.0,100,879.8,12.0,2785.44,1846.0,0.0,0
2021-10-21 18:00:00,29376.65,20.3,11.3,52.0,100,879.7,12.0,2785.44,1845.0,0.0,0
2021-10-21 19:00:00,29359.285,19.4,8.0,5.0,100,879.5,11.5,2785.44,1845.0,0.0,0
2021-10-21 20:00:00,27267.625,18.5,4.4,0.0,100,879.1,12.4,2785.44,1846.0,0.0,0
2021-10-21 21:00:00,25201.324,18.0,3.2,0.0,100,879.1,13.1,2785.44,1846.0,0.0,0
2021-10-21 22:00:00,23494.71,17.0,2.1,0.0,100,878.0,14.5,2785.44,1846.0,0.0,0
2021-10-21 23:00:00,22204.049,16.9,3.7,0.0,100,877.5,14.7,2785.44,1845.0,0.0,0
2021-10-22 00:00:00,21880.52,16.6,11.8,0.0,100,877.4,13.6,2785.44,1846.0,0.0,0
2021-10-22 01:00:00,21494.165,16.4,20.1,0.0,100,877.3,13.2,2785.44,1845.0,0.0,0
2021-10-22 02:00:00,21437.289,15.0,16.8,0.0,100,876.0,13.0,2785.44,1847.0,0.0,0
2021-10-22 03:00:00,21695.565,15.2,24.6,0.0,100,875.6,12.6,2785.44,1846.0,0.0,0
2021-10-22 04:00:00,23106.32,14.6,25.9,0.0,66,875.0,12.0,2785.44,1846.0,0.0,0
2021-10-22 05:00:00,25763.404,13.9,24.9,0.0,60,874.8,12.0,2785.44,1845.0,0.0,0
2021-10-22 06:00:00,27126.053,14.5,24.8,4.0,54,875.4,12.2,2785.44,1846.0,0.0,0
2021-10-22 07:00:00,27431.991,15.5,22.0,108.0,48,876.4,12.3,2785.44,1846.0,0.0,0
2021-10-22 08:00:00,28212.089,17.5,23.7,295.0,100,877.5,12.4,2785.44,1847.0,0.0,0
2021-10-22 09:00:00,28430.825,18.9,27.0,446.0,30,877.9,11.3,2785.44,1847.0,0.0,0
2021-10-22 10:00:00,28391.603,20.6,27.1,661.0,4,878.2,7.1,2785.44,1847.0,0.0,0
2021-10-22 11:00:00,28139.714,22.4,25.6,870.0,2,878.5,4.1,2785.44,1846.0,0.0,0
2021-10-22 12:00:00,27754.047,23.2,24.5,1000.0,6,878.2,3.9,2785.44,1845.0,0.0,0
2021-10-22 13:00:00,27231.828,24.2,22.9,1006.0,2,877.9,3.7,2785.44,1845.0,0.0,0
2021-10-22 14:00:00,27237.001,23.7,24.2,948.0,0,877.7,3.2,2785.44,1845.0,0.0,0
2021-10-22 15:00:00,27540.501,24.4,23.4,821.0,25,877.5,3.1,2785.44,1847.0,0.0,0
2021-10-22 16:00:00,27828.883,24.2,23.1,630.0,13,877.0,3.0,2785.44,1847.0,0.0,0
2021-10-22 17:00:00,27696.818,23.5,21.3,405.0,6,876.7,2.0,2785.44,1847.0,0.0,0
2021-10-22 18:00:00,28373.502,21.9,15.5,173.0,0,876.6,2.6,2785.44,1846.0,0.0,0
2021-10-22 19:00:00,28820.004,18.8,9.6,15.0,0,876.1,3.6,2785.44,1846.0,0.0,0
2021-10-22 20:00:00,27178.415,16.0,8.4,0.0,0,875.4,5.1,2785.44,1845.0,0.0,0
2021-10-22 21:00:00,25470.9,15.1,8.7,0.0,1,875.4,5.7,2785.44,1844.0,0.0,0
2021-10-22 22:00:00,23727.512,16.7,7.4,0.0,0,876.6,5.5,2785.44,1846.0,0.0,0
2021-10-22 23:00:00,22526.705,12.9,8.1,0.0,0,875.3,5.9,2785.44,1847.0,0.0,0
2021-10-23 00:00:00,21821.501,12.0,7.4,0.0,0,875.3,6.3,2785.44,1846.0,0.0,0
2021-10-23 01:00:00,21303.371,11.0,8.7,0.0,0,874.6,6.3,2785.44,1845.0,0.0,0
2021-10-23 02:00:00,21138.426,10.4,8.0,0.0,0,874.3,6.1,2785.44,1846.0,0.0,0
2021-10-23 03:00:00,21197.529,9.7,6.8,0.0,0,873.9,5.8,2785.44,1845.0,0.0,0
2021-10-23 04:00:00,21772.348,9.6,7.2,0.0,0,873.8,5.7,2785.44,1845.0,0.0,0
2021-10-23 05:00:00,22623.098,9.7,8.1,0.0,0,873.7,5.3,2785.44,1845.0,0.0,0
2021-10-23 06:00:00,23754.434,9.8,9.1,6.0,0,873.8,5.0,2785.44,1845.0,0.0,0
2021-10-23 07:00:00,25196.065,12.7,10.7,140.0,0,876.3,5.5,2785.44,1846.0,0.0,0
2021-10-23 08:00:00,26252.162,15.9,10.2,373.0,0,878.2,5.6,2785.44,1846.0,0.0,0
2021-10-23 09:00:00,26712.039,18.5,13.3,605.0,0,879.1,5.3,2785.44,1846.0,0.0,0
2021-10-23 10:00:00,26599.213,20.7,16.4,801.0,0,879.6,5.3,2785.44,1845.0,0.0,0
2021-10-23 11:00:00,26529.905,22.0,18.6,945.0,0,879.8,5.3,2785.44,1844.0,0.0,0
2021-10-23 12:00:00,26271.618,22.6,20.3,1020.0,0,879.9,5.6,2785.44,1843.0,0.0,0
2021-10-23 13:00:00,25647.059,23.6,19.9,998.0,1,879.7,4.9,2785.44,1843.0,0.0,0
2021-10-23 14:00:00,25496.058,24.0,22.8,955.0,0,879.6,-0.2,2785.44,1842.0,0.0,0
2021-10-23 15:00:00,25463.085,23.6,25.0,835.0,0,879.4,-5.1,2785.44,1842.0,0.0,0
2021-10-23 16:00:00,25811.563,22.4,24.5,650.0,0,879.4,-6.9,2785.44,1842.0,0.0,0
2021-10-23 17:00:00,25909.705,20.8,21.4,422.0,0,879.7,-0.4,2785.44,1842.0,0.0,0
2021-10-23 18:00:00,27249.198,17.8,26.7,180.0,0,879.7,6.1,2785.44,1842.0,0.0,0
2021-10-23 19:00:00,27753.824,14.9,25.8,16.0,0,880.1,5.6,2785.44,1843.0,0.0,0
2021-10-23 20:00:00,26250.657,13.8,21.8,0.0,0,881.0,4.6,2785.44,1843.0,0.0,0
2021-10-23 21:00:00,24569.756,12.6,19.6,0.0,0,881.3,4.1,2785.44,1842.0,0.0,0
2021-10-23 22:00:00,23131.065,11.8,16.0,0.0,1,881.4,4.3,2785.44,1841.0,0.0,2
2021-10-23 23:00:00,21943.673,11.3,14.7,0.0,0,881.4,4.3,2785.44,1841.0,0.0,2
2021-10-24 00:00:00,20931.631,10.8,12.0,0.0,0,881.4,4.2,2785.44,1841.0,0.0,2
2021-10-24 01:00:00,20512.218,10.0,8.2,0.0,3,881.0,4.4,2785.44,1842.0,0.0,2
2021-10-24 02:00:00,20345.102,9.4,7.7,0.0,1,880.7,4.4,2785.44,1842.0,0.0,2
2021-10-24 03:00:00,20463.042,8.6,7.3,0.0,0,880.3,4.4,2785.44,1707.0,0.0,2
2021-10-24 04:00:00,20767.139,8.0,7.8,0.0,0,880.1,4.4,2785.44,887.0,0.0,2
2021-10-24 05:00:00,21353.122,7.3,6.9,0.0,0,880.2,4.4,2785.44,885.0,0.0,2
2021-10-24 06:00:00,22855.617,7.6,9.4,7.0,0,881.0,4.3,2785.44,889.0,0.0,2
2021-10-24 07:00:00,24799.794,10.4,12.1,142.0,0,882.8,4.0,2785.44,890.0,0.0,2
2021-10-24 08:00:00,26120.843,13.1,19.7,377.0,0,884.0,3.0,2785.44,890.0,0.0,2
2021-10-24 09:00:00,26684.221,15.7,19.6,610.0,0,884.4,3.0,2785.44,889.0,0.0,2
2021-10-24 10:00:00,26661.645,17.9,16.8,808.0,1,885.0,2.0,2785.44,889.0,0.0,2
2021-10-24 11:00:00,26476.57,19.4,13.2,929.0,17,884.9,1.2,2785.44,888.0,0.0,2
2021-10-24 12:00:00,26167.712,20.7,12.3,1013.0,9,884.4,1.2,2785.44,888.0,0.0,2
2021-10-24 13:00:00,25674.424,21.8,11.9,1032.0,3,883.9,1.3,2785.44,889.0,0.0,2
2021-10-24 14:00:00,25178.605,22.1,10.8,971.0,0,883.9,-0.7,2785.44,889.0,0.0,2
2021-10-24 15:00:00,25555.008,22.9,9.8,845.0,0,883.4,-1.0,2785.44,888.0,0.0,2
2021-10-24 16:00:00,26190.42,22.7,9.6,654.0,0,882.7,-1.3,2785.44,888.0,0.0,2
2021-10-24 17:00:00,26806.973,22.3,9.1,424.0,0,882.4,-1.2,2785.44,888.0,0.0,2
2021-10-24 18:00:00,28295.885,20.9,9.4,184.0,0,882.2,-0.7,2785.44,886.0,0.0,2
2021-10-24 19:00:00,28650.659,17.9,9.5,17.0,0,881.4,0.4,2785.44,886.0,0.0,2
2021-10-24 20:00:00,27008.303,16.6,9.6,0.0,0,881.5,0.1,2785.44,887.0,0.0,2
2021-10-24 21:00:00,25013.75,15.6,9.4,0.0,0,881.6,0.4,2785.44,889.0,0.0,2
2021-10-24 22:00:00,23382.66,15.0,9.0,0.0,0,881.4,0.6,2785.44,889.0,0.0,2
2021-10-24 23:00:00,22182.286,14.1,10.0,0.0,0,881.2,1.2,2785.44,888.0,0.0,2
2021-10-25 00:00:00,21418.766,13.3,12.5,0.0,0,881.4,1.8,2785.44,888.0,0.0,2
2021-10-25 01:00:00,20999.934,12.8,13.5,0.0,0,881.0,2.3,2785.44,888.0,0.0,2
2021-10-25 02:00:00,20816.052,11.9,14.0,0.0,0,880.2,3.2,2785.44,889.0,0.0,2
2021-10-25 03:00:00,21199.819,11.3,11.6,0.0,0,880.0,3.6,2785.44,888.0,0.0,2
2021-10-25 04:00:00,22507.276,11.9,17.6,0.0,1,880.5,5.7,2785.44,888.0,0.0,2
2021-10-25 05:00:00,25558.579,11.6,16.3,0.0,65,880.8,7.5,2785.44,888.0,0.0,2
2021-10-25 06:00:00,27086.725,11.8,15.9,6.0,98,881.1,7.9,2785.44,889.0,0.0,0
2021-10-25 07:00:00,27114.194,13.8,15.0,119.0,100,882.7,8.1,2785.44,889.0,0.0,0
2021-10-25 08:00:00,27909.318,15.9,16.4,243.0,100,883.0,8.5,2785.44,889.0,0.0,0
2021-10-25 09:00:00,28281.982,17.7,16.6,346.0,100,884.1,8.9,2785.44,889.0,0.0,0
2021-10-25 10:00:00,28340.27,18.6,20.3,413.0,100,884.0,9.6,2785.44,888.0,0.0,0
2021-10-25 11:00:00,28482.562,19.6,17.1,441.0,100,884.0,10.3,2785.44,886.0,0.0,0
2021-10-25 12:00:00,28333.958,19.2,17.5,347.0,100,883.2,10.8,2785.44,888.0,0.0,0
2021-10-25 13:00:00,27853.986,20.9,14.5,514.0,100,883.1,10.7,2785.44,888.0,0.0,0
2021-10-25 14:00:00,27993.419,25.6,20.2,632.0,57,882.1,4.6,2785.44,888.0,0.0,0
2021-10-25 15:00:00,28852.915,25.9,20.5,681.0,61,881.5,4.5,2785.44,888.0,0.0,0
2021-10-25 16:00:00,29685.866,23.7,13.4,501.0,70,881.3,6.1,2785.44,888.0,0.0,0
2021-10-25 17:00:00,30444.908,23.7,9.7,300.0,23,880.5,5.7,2785.44,887.0,0.0,0
2021-10-25 18:00:00,30618.746,22.4,7.6,160.0,11,880.5,7.3,2785.44,887.0,0.0,0
2021-10-25 19:00:00,30395.231,18.9,12.3,17.0,9,880.0,8.8,2785.44,887.0,0.0,2
2021-10-25 20:00:00,28595.43,18.4,16.9,0.0,0,880.6,9.7,2785.44,888.0,0.0,2
2021-10-25 21:00:00,26433.621,17.6,18.1,0.0,0,881.2,11.8,2785.44,889.0,0.0,2
2021-10-25 22:00:00,24281.787,16.6,18.6,0.0,0,881.4,11.8,2785.44,889.0,0.0,2
2021-10-25 23:00:00,22873.878,15.7,18.6,0.0,0,881.5,12.1,2785.44,888.0,0.0,2
2021-10-26 00:00:00,22175.167,14.9,17.0,0.0,0,881.2,12.2,2785.44,888.0,0.0,2
2021-10-26 01:00:00,21875.047,14.3,15.1,0.0,0,880.9,12.4,2785.44,889.0,0.0,2
2021-10-26 02:00:00,21657.581,13.1,13.8,0.0,0,881.5,11.8,2785.44,888.0,0.0,2
2021-10-26 03:00:00,21950.484,12.9,14.9,0.0,0,881.2,11.7,2785.44,889.0,0.0,2
2021-10-26 04:00:00,23272.976,12.8,14.6,0.0,19,881.3,11.6,2785.44,889.0,0.0,2
2021-10-26 05:00:00,26510.765,12.6,13.9,0.0,29,881.3,11.6,2785.44,889.0,0.0,2
2021-10-26 06:00:00,27685.527,12.8,14.4,7.0,36,881.8,11.8,2785.44,889.0,0.0,0
2021-10-26 07:00:00,27469.303,15.2,15.2,138.0,5,883.4,12.1,2785.44,889.0,0.0,0
2021-10-26 08:00:00,28567.566,18.0,18.2,365.0,1,884.3,12.3,2785.44,889.0,0.0,0
2021-10-26 09:00:00,28647.106,20.7,17.9,598.0,1,885.0,12.3,2785.44,888.0,0.0,0
2021-10-26 10:00:00,28767.499,23.4,19.7,790.0,13,885.4,11.6,2785.44,888.0,0.0,2
2021-10-26 11:00:00,28606.318,25.6,17.6,877.0,9,885.4,10.4,2785.44,888.0,0.0,2
2021-10-26 12:00:00,28315.41,27.5,15.9,953.0,12,885.1,7.0,2785.44,889.0,0.0,2
2021-10-26 13:00:00,28283.258,28.5,13.7,946.0,14,884.5,5.9,2785.44,889.0,0.0,2
2021-10-26 14:00:00,28307.156,27.3,18.9,881.0,54,884.3,8.3,2785.44,889.0,0.0,2
2021-10-26 15:00:00,28770.869,27.7,17.1,744.0,17,883.7,8.1,2785.44,889.0,0.0,2
2021-10-26 16:00:00,29411.933,27.3,15.8,601.0,19,883.4,8.7,2785.44,888.0,0.0,2
2021-10-26 17:00:00,29929.528,26.6,13.9,378.0,61,883.6,9.3,2785.44,888.0,0.0,2
2021-10-26 18:00:00,30982.632,25.5,12.1,111.0,70,883.6,9.8,2785.44,888.0,0.0,2
2021-10-26 19:00:00,30625.225,23.6,6.2,10.0,27,883.6,10.6,2785.44,888.0,0.0,2
2021-10-26 20:00:00,28908.054,21.4,6.6,0.0,37,883.5,11.1,2785.44,888.0,0.0,2
2021-10-26 21:00:00,26512.086,20.9,11.9,0.0,21,883.8,11.5,2785.44,888.0,0.0,2
2021-10-26 22:00:00,24735.703,20.7,16.1,0.0,2,884.1,12.6,2785.44,889.0,0.0,2
2021-10-26 23:00:00,23381.687,20.0,16.8,0.0,0,884.0,12.8,2785.44,888.0,0.0,2
2021-10-27 00:00:00,22283.399,19.2,16.7,0.0,35,883.9,12.7,2785.44,888.0,0.0,2
2021-10-27 01:00:00,21910.005,18.7,16.8,0.0,34,883.6,12.7,2785.44,888.0,0.0,2
2021-10-27 02:00:00,21806.255,18.1,18.5,0.0,55,882.8,11.8,2785.44,887.0,0.0,2
2021-10-27 03:00:00,22011.591,17.8,18.8,0.0,56,882.8,12.4,2785.44,888.0,0.0,2
2021-10-27 04:00:00,23204.655,17.4,19.0,0.0,96,883.1,12.8,2785.44,889.0,0.0,2
2021-10-27 05:00:00,26284.848,17.3,18.8,0.0,45,883.5,12.9,2785.44,889.0,0.0,2
2021-10-27 06:00:00,27780.675,17.5,20.2,8.0,88,884.2,13.0,2785.44,889.0,0.0,2
2021-10-27 07:00:00,27709.804,19.6,19.3,143.0,63,885.5,13.5,2785.44,890.0,0.0,2
2021-10-27 08:00:00,28261.182,21.9,22.9,368.0,100,886.5,13.8,2785.44,889.0,0.0,2
2021-10-27 09:00:00,28204.826,23.9,24.3,553.0,99,887.3,13.9,2785.44,888.0,0.0,2
2021-10-27 10:00:00,28271.127,25.7,25.1,671.0,100,887.0,13.8,2785.44,892.0,0.0,2
2021-10-27 11:00:00,28218.638,25.5,21.8,679.0,100,887.1,14.2,2785.44,1102.0,0.0,2
2021-10-27 12:00:00,28006.983,25.5,26.5,642.0,100,886.2,14.0,2785.44,1182.0,0.0,2
2021-10-27 13:00:00,27819.214,25.8,16.8,488.0,100,886.2,14.1,2785.44,1195.0,0.0,4
2021-10-27 14:00:00,28012.501,20.8,26.7,371.0,100,886.3,14.5,2785.44,1211.0,0.0,4
2021-10-27 15:00:00,28546.473,21.0,16.3,98.0,100,885.4,15.8,2785.44,1225.0,0.0,4
2021-10-27 16:00:00,29114.252,21.5,14.6,170.0,100,885.8,14.6,2785.44,1239.0,0.0,4
2021-10-27 17:00:00,29553.233,20.6,12.6,86.0,100,885.9,15.2,2785.44,1253.0,0.0,4
2021-10-27 18:00:00,30573.558,19.2,13.3,28.0,100,886.2,15.9,2785.44,1275.0,0.0,4
2021-10-27 19:00:00,30300.117,17.5,14.8,6.0,100,886.3,15.3,2785.44,1295.0,0.0,4
2021-10-27 20:00:00,27991.012,17.5,15.6,0.0,100,886.8,15.9,2785.44,1306.0,0.0,4
2021-10-27 21:00:00,26190.102,17.1,18.3,0.0,100,886.8,15.7,2785.44,1314.0,0.0,4
2021-10-27 22:00:00,24186.108,17.1,16.4,0.0,100,887.1,15.5,2785.44,1340.0,0.0,4
2021-10-27 23:00:00,22872.759,17.3,16.2,0.0,100,886.8,15.5,2785.44,1360.0,0.0,4
2021-10-28 00:00:00,21928.235,16.8,13.6,0.0,100,886.3,15.4,2785.44,1382.0,0.0,4
2021-10-28 01:00:00,21723.902,17.0,12.8,0.0,100,885.7,15.2,2785.44,1402.0,0.0,4
2021-10-28 02:00:00,21664.56,16.1,12.6,0.0,100,885.5,15.0,2785.44,1422.0,0.0,4
2021-10-28 03:00:00,22035.572,16.0,10.0,0.0,100,885.1,15.0,2785.44,1443.0,0.0,4
2021-10-28 04:00:00,23309.239,15.9,14.5,0.0,100,885.3,15.1,2785.44,1463.0,0.0,4
2021-10-28 05:00:00,26393.149,15.8,13.5,0.0,100,884.9,15.2,2785.44,1483.0,0.0,4
2021-10-28 06:00:00,27877.386,15.6,12.6,8.0,100,885.2,15.0,2785.44,1502.0,0.0,4
2021-10-28 07:00:00,27491.398,16.3,12.2,47.0,100,885.5,15.0,2785.44,1518.0,0.0,4
2021-10-28 08:00:00,27767.322,17.0,21.2,130.0,100,885.8,14.7,2785.44,1521.0,0.0,4
2021-10-28 09:00:00,27866.957,18.3,21.1,240.0,100,886.2,14.7,2785.44,1522.0,0.0,4
2021-10-28 10:00:00,28147.652,19.6,24.4,259.0,100,885.9,14.0,2785.44,1523.0,0.0,4
2021-10-28 11:00:00,28154.38,19.9,26.0,262.0,100,885.6,14.0,2785.44,1523.0,0.0,4
2021-10-28 12:00:00,28071.178,20.6,25.6,370.0,100,885.0,14.4,2785.44,1522.0,0.0,4
2021-10-28 13:00:00,27822.594,21.2,25.6,379.0,99,884.3,14.4,2785.44,1522.0,0.0,4
2021-10-28 14:00:00,27961.724,22.7,28.1,618.0,73,883.6,14.0,2785.44,1523.0,0.0,4
2021-10-28 15:00:00,28292.702,23.0,26.6,621.0,100,882.6,14.9,2785.44,1522.0,0.0,4
2021-10-28 16:00:00,28928.803,22.4,23.9,208.0,86,882.0,13.5,2785.44,1523.0,0.0,4
2021-10-28 17:00:00,29228.386,21.3,18.9,260.0,95,881.4,13.8,2785.44,1522.0,0.0,4
2021-10-28 18:00:00,30214.342,20.3,11.2,91.0,100,880.7,14.4,2785.44,1522.0,0.0,4
2021-10-28 19:00:00,30031.031,19.0,9.0,10.0,100,881.7,14.6,2785.44,1522.0,0.0,4
2021-10-28 20:00:00,28400.794,17.6,5.1,0.0,100,882.4,16.1,2785.44,1522.0,0.0,4
2021-10-28 21:00:00,26106.488,17.1,12.0,0.0,100,882.4,15.7,2785.44,1523.0,0.0,4
2021-10-28 22:00:00,24326.017,16.8,11.6,0.0,100,882.6,15.6,2785.44,1523.0,0.0,3
2021-10-28 23:00:00,23028.884,16.3,8.8,0.0,100,882.4,15.7,2785.44,1523.0,0.0,3
2021-10-29 00:00:00,21785.913,16.4,8.9,0.0,100,881.4,15.6,2785.44,1523.0,0.0,3
2021-10-29 01:00:00,21590.741,16.4,19.2,0.0,4,879.2,14.9,2785.44,1523.0,0.0,3
2021-10-29 02:00:00,21603.378,15.3,20.2,0.0,12,879.6,13.9,2785.44,1523.0,0.0,3
2021-10-29 03:00:00,22053.507,14.9,22.3,0.0,29,879.4,13.6,2785.44,1523.0,0.0,3
2021-10-29 04:00:00,23378.095,14.7,22.5,0.0,25,879.0,13.4,2785.44,1523.0,0.0,3
2021-10-29 05:00:00,25867.024,14.5,20.2,0.0,6,878.7,13.2,2785.44,1523.0,0.0,3
2021-10-29 06:00:00,27263.577,14.3,18.8,9.0,21,878.7,13.1,2785.44,1523.0,0.0,2
2021-10-29 07:00:00,27398.408,15.8,16.3,144.0,60,879.9,13.6,2785.44,1524.0,0.0,2
2021-10-29 08:00:00,28349.472,17.5,20.5,325.0,100,880.6,13.7,2785.44,1524.0,0.0,2
2021-10-29 09:00:00,28628.897,18.9,21.2,393.0,85,880.1,13.9,2785.44,1523.0,0.0,2
2021-10-29 10:00:00,28664.828,20.5,23.8,566.0,100,880.2,14.6,2785.44,1523.0,0.0,2
2021-10-29 11:00:00,28502.38,17.1,20.9,482.0,100,879.2,14.6,2785.44,1522.0,0.0,2
2021-10-29 12:00:00,28306.272,18.2,17.7,271.0,100,878.4,16.0,2785.44,1523.0,0.0,2
2021-10-29 13:00:00,28035.018,20.0,16.7,476.0,42,878.4,15.3,2785.44,1524.0,0.0,2
2021-10-29 14:00:00,28039.189,23.3,25.2,673.0,19,877.6,14.1,2785.44,1524.0,0.0,2
2021-10-29 15:00:00,28060.822,25.4,27.2,751.0,32,877.3,11.8,2785.44,1524.0,0.0,2
2021-10-29 16:00:00,28010.34,24.5,25.5,559.0,20,877.0,9.9,2785.44,1524.0,0.0,2
2021-10-29 17:00:00,28005.571,24.0,19.9,374.0,11,876.7,9.6,2785.44,1523.0,0.0,2
2021-10-29 18:00:00,28473.271,21.9,15.6,175.0,0,876.6,9.0,2785.44,1523.0,0.0,2
2021-10-29 19:00:00,28538.863,19.0,13.7,21.0,0,876.7,7.4,2785.44,1524.0,0.0,2
2021-10-29 20:00:00,26812.825,17.5,14.9,0.0,0,877.2,6.5,2785.44,1524.0,0.0,2
2021-10-29 21:00:00,25073.858,16.5,15.1,0.0,0,877.9,5.9,2785.44,1525.0,0.0,0
2021-10-29 22:00:00,23518.404,14.8,12.8,0.0,0,878.0,5.0,2785.44,1526.0,0.0,0
2021-10-29 23:00:00,22367.191,13.3,10.3,0.0,0,877.6,4.2,2785.44,1526.0,0.0,0
2021-10-30 00:00:00,21960.501,12.1,8.7,0.0,0,876.8,4.8,2785.44,1526.0,0.0,0
2021-10-30 01:00:00,21650.56,11.6,9.5,0.0,0,876.2,5.5,2785.44,1526.0,0.0,0
2021-10-30 02:00:00,21359.093,11.4,10.9,0.0,0,876.2,4.9,2785.44,1526.0,0.0,0
2021-10-30 03:00:00,21458.475,11.2,10.5,0.0,0,876.4,5.7,2785.44,1526.0,0.0,0
2021-10-30 04:00:00,21918.713,10.4,8.7,0.0,0,876.2,6.1,2785.44,1527.0,0.0,0
2021-10-30 05:00:00,23017.669,9.8,8.4,0.0,0,876.6,6.3,2785.44,1527.0,0.0,0
2021-10-30 06:00:00,24305.899,9.7,6.8,11.0,0,877.0,6.7,2785.44,1527.0,0.0,0
2021-10-30 07:00:00,25870.479,12.5,6.6,163.0,0,878.8,7.8,2785.44,1527.0,0.0,0
2021-10-30 08:00:00,26876.725,15.1,6.8,401.0,0,880.1,8.5,2785.44,1528.0,0.0,0
2021-10-30 09:00:00,27242.383,17.2,8.4,634.0,0,880.6,8.6,2785.44,1527.0,0.0,0
2021-10-30 10:00:00,26716.138,18.7,9.0,831.0,0,880.9,7.1,2785.44,1527.0,0.0,0
2021-10-30 11:00:00,26548.772,19.9,8.5,973.0,0,880.9,6.3,2785.44,1527.0,0.0,0
2021-10-30 12:00:00,26320.261,20.9,7.2,1050.0,0,880.6,6.5,2785.44,1526.0,0.0,0
2021-10-30 13:00:00,25897.549,21.8,7.6,1054.0,0,880.3,6.5,2785.44,1526.0,0.0,0
2021-10-30 14:00:00,25578.592,21.9,8.4,985.0,0,880.3,6.0,2785.44,1526.0,0.0,0
2021-10-30 15:00:00,25489.315,22.4,6.2,850.0,0,879.7,6.6,2785.44,1525.0,0.0,0
2021-10-30 16:00:00,25670.841,22.6,5.7,660.0,0,879.5,6.4,2785.44,1525.0,0.0,0
2021-10-30 17:00:00,25829.787,22.4,6.0,433.0,0,879.3,5.8,2785.44,1525.0,0.0,0
2021-10-30 18:00:00,26773.818,20.2,4.7,196.0,0,878.9,11.1,2785.44,1526.0,0.0,0
2021-10-30 19:00:00,27477.762,16.5,8.8,22.0,0,878.1,8.4,2785.44,1526.0,0.0,0
2021-10-30 20:00:00,26099.439,15.8,7.6,0.0,0,878.2,8.0,2785.44,1526.0,0.0,0
2021-10-30 21:00:00,24600.128,14.5,8.7,0.0,0,878.3,7.8,2785.44,1527.0,0.0,0
2021-10-30 22:00:00,23208.321,13.9,11.3,0.0,0,877.9,7.3,2785.44,1527.0,0.0,0
2021-10-30 23:00:00,22389.366,14.7,8.7,0.0,0,878.4,7.0,2785.44,1527.0,0.0,0
2021-10-31 00:00:00,21528.283,13.4,7.7,0.0,0,877.9,7.1,2785.44,1527.0,0.0,0
2021-10-31 01:00:00,20914.044,11.6,8.0,0.0,0,876.8,7.2,2785.44,1526.0,0.0,0
2021-10-31 02:00:00,20806.743,11.5,7.9,0.0,0,876.5,7.3,2785.44,1527.0,0.0,0
2021-10-31 03:00:00,20816.12,12.1,11.2,0.0,0,876.7,7.3,2785.44,1525.0,0.0,0
2021-10-31 04:00:00,21129.171,11.7,10.9,0.0,0,876.4,6.9,2785.44,1527.0,0.0,0
2021-10-31 05:00:00,21957.42,11.2,10.8,0.0,0,876.6,6.6,2785.44,1527.0,0.0,0
2021-10-31 06:00:00,23147.508,11.5,12.0,12.0,0,877.0,6.4,2785.44,1528.0,0.0,0
2021-10-31 07:00:00,24661.048,14.4,10.7,166.0,0,879.2,7.9,2785.44,1528.0,0.0,0
2021-10-31 08:00:00,25715.007,17.8,7.2,404.0,0,880.9,9.1,2785.44,1527.0,0.0,0
2021-10-31 09:00:00,26120.015,20.7,10.6,636.0,0,881.7,7.7,2785.44,1527.0,0.0,0
2021-10-31 10:00:00,25906.761,22.1,10.4,832.0,0,881.8,6.8,2785.44,1527.0,0.0,0
2021-10-31 11:00:00,25570.333,23.1,9.3,974.0,0,881.8,7.0,2785.44,1527.0,0.0,0
2021-10-31 12:00:00,25399.962,24.1,8.7,1051.0,0,881.4,7.3,2785.44,1527.0,0.0,0
2021-10-31 13:00:00,24951.961,24.7,7.6,1056.0,0,881.1,7.7,2785.44,1526.0,0.0,0
2021-10-31 14:00:00,24515.723,25.5,7.3,988.0,0,880.6,5.2,2785.44,1525.0,0.0,0
2021-10-31 15:00:00,24365.068,26.0,6.3,857.0,0,879.9,5.9,2785.44,1525.0,0.0,0
2021-10-31 16:00:00,24545.162,25.7,5.7,665.0,0,879.4,6.7,2785.44,1525.0,0.0,0
2021-10-31 17:00:00,25077.338,25.3,4.7,438.0,0,879.2,6.5,2785.44,1524.0,0.0,0
2021-10-31 18:00:00,26273.173,23.3,3.7,200.0,0,878.6,14.7,2785.44,1524.0,0.0,0
2021-10-31 19:00:00,27012.686,18.8,7.8,24.0,0,876.9,9.2,2785.44,1524.0,0.0,0
2021-10-31 20:00:00,25591.107,18.3,8.1,0.0,0,876.8,8.8,2785.44,1524.0,0.0,0
2021-10-31 21:00:00,23990.156,17.5,8.8,0.0,5,876.8,7.9,2785.44,1524.0,0.0,0
2021-10-31 22:00:00,22643.231,15.7,8.4,0.0,0,876.1,8.1,2785.44,1524.0,0.0,0
2021-10-31 23:00:00,21670.037,14.7,7.7,0.0,0,875.5,8.1,2785.44,1524.0,0.0,0
2021-11-01 00:00:00,20972.715,14.1,7.1,0.0,0,875.0,7.9,2785.44,1525.0,0.0,0
2021-11-01 01:00:00,20407.61,14.0,9.0,0.0,0,874.8,7.6,2785.44,1525.0,0.0,0
2021-11-01 02:00:00,20227.286,14.1,8.8,0.0,0,874.3,7.3,2785.44,1525.0,0.0,0
2021-11-01 03:00:00,20334.113,13.9,11.0,0.0,0,873.8,7.1,2785.44,1525.0,0.0,0
2021-11-01 04:00:00,20889.61,13.5,10.5,0.0,7,873.6,7.0,2785.44,1525.0,0.0,0
2021-11-01 05:00:00,21706.196,13.1,11.8,0.0,38,873.4,7.1,2785.44,1525.0,0.0,0
2021-11-01 06:00:00,22271.449,13.6,12.8,13.0,48,873.6,7.2,2785.44,1525.0,0.0,0
2021-11-01 07:00:00,23547.529,16.6,14.1,167.0,2,875.4,8.4,2785.44,1525.0,0.0,0
2021-11-01 08:00:00,24875.375,19.9,12.0,407.0,13,876.8,9.4,2785.44,1525.0,0.0,0
2021-11-01 09:00:00,25489.493,23.3,15.3,639.0,36,877.6,9.9,2785.44,1526.0,0.0,0
2021-11-01 10:00:00,25761.48,26.0,20.2,830.0,20,877.9,8.1,2785.44,1526.0,0.0,0
2021-11-01 11:00:00,25728.527,27.6,21.1,970.0,65,878.0,5.8,2785.44,1526.0,0.0,0
2021-11-01 12:00:00,25499.782,28.9,21.2,1044.0,98,877.5,4.9,2785.44,1526.0,0.0,0
2021-11-01 13:00:00,25070.063,30.7,18.8,1041.0,92,876.8,4.0,2785.44,1526.0,0.0,0
2021-11-01 14:00:00,24845.348,30.1,30.4,966.0,71,876.2,3.0,2785.44,1526.0,0.0,0
2021-11-01 15:00:00,24922.022,30.1,27.9,847.0,96,875.6,4.2,2785.44,1525.0,0.0,0
2021-11-01 16:00:00,25535.671,28.4,27.7,642.0,81,875.5,6.8,2785.44,1525.0,0.0,0
2021-11-01 17:00:00,26086.091,24.6,30.3,428.0,54,875.5,7.7,2785.44,1525.0,0.0,0
2021-11-01 18:00:00,26995.416,22.4,24.5,196.0,4,875.8,6.9,2785.44,1525.0,0.0,0
2021-11-01 19:00:00,27837.094,20.0,21.2,24.0,0,875.9,6.0,2785.44,1525.0,0.0,0
2021-11-01 20:00:00,26375.995,18.3,17.3,0.0,0,876.5,4.6,2785.44,1526.0,0.0,0
2021-11-01 21:00:00,24666.826,17.0,18.7,0.0,0,877.0,1.7,2785.44,1526.0,0.0,0
2021-11-01 22:00:00,22548.449,15.7,17.5,0.0,0,877.2,2.3,2785.44,1526.0,0.0,0
2021-11-01 23:00:00,21299.698,14.6,14.8,0.0,0,877.2,2.6,2785.44,1526.0,0.0,0
2021-11-02 00:00:00,20739.54,13.6,16.3,0.0,0,877.2,2.9,2785.44,1527.0,0.0,0
2021-11-02 01:00:00,20638.468,12.5,14.3,0.0,0,876.9,3.7,2785.44,1527.0,0.0,0
2021-11-02 02:00:00,20509.705,11.1,13.3,0.0,0,876.9,3.7,2785.44,1527.0,0.0,0
2021-11-02 03:00:00,20779.37,10.5,13.0,0.0,0,876.4,3.9,2785.44,1527.0,0.0,0
2021-11-02 04:00:00,22069.208,9.8,11.5,0.0,0,876.3,3.9,2785.44,1527.0,0.0,0
2021-11-02 05:00:00,25007.043,9.0,9.2,0.0,0,876.6,4.0,2785.44,1527.0,0.0,0
2021-11-02 06:00:00,26175.967,8.9,9.9,14.0,0,877.1,4.2,2785.44,1527.0,0.0,0
2021-11-02 07:00:00,25934.474,10.9,10.7,173.0,0,878.4,4.0,2785.44,1527.0,0.0,0
2021-11-02 08:00:00,26718.698,13.1,10.3,413.0,0,879.2,3.6,2785.44,1527.0,0.0,0
2021-11-02 09:00:00,27054.877,15.0,7.7,648.0,0,879.8,3.6,2785.44,1527.0,0.0,0
2021-11-02 10:00:00,26997.285,16.6,5.8,846.0,0,879.9,3.9,2785.44,1526.0,0.0,0
2021-11-02 11:00:00,26994.661,18.3,6.8,990.0,0,880.1,3.9,2785.44,1526.0,0.0,0
2021-11-02 12:00:00,26762.707,19.9,8.3,1067.0,0,880.2,4.2,2785.44,1526.0,0.0,0
2021-11-02 13:00:00,26852.347,21.2,9.4,1072.0,0,880.0,3.9,2785.44,1525.0,0.0,0
2021-11-02 14:00:00,27024.118,22.7,11.0,1004.0,0,879.9,0.2,2785.44,1525.0,0.0,0
2021-11-02 15:00:00,27590.028,23.3,12.4,876.0,0,879.5,-1.2,2785.44,1525.0,0.0,0
2021-11-02 16:00:00,28061.901,23.1,12.4,687.0,0,879.3,-1.9,2785.44,1524.0,0.0,0
2021-11-02 17:00:00,28512.003,22.5,11.2,457.0,0,879.2,-2.7,2785.44,1522.0,0.0,2
2021-11-02 18:00:00,29604.394,20.7,6.6,213.0,0,878.9,-0.5,2785.44,1520.0,0.0,2
2021-11-02 19:00:00,29532.004,16.0,10.5,27.0,0,877.4,1.4,2785.44,1520.0,0.0,2
2021-11-02 20:00:00,27756.23,16.4,8.9,0.0,0,878.0,0.1,2785.44,1521.0,0.0,2
2021-11-02 21:00:00,25501.69,16.0,9.0,0.0,0,878.4,-0.5,2785.44,1531.0,0.0,2
2021-11-02 22:00:00,23705.185,14.8,9.4,0.0,0,878.2,-0.3,2785.44,1551.0,0.0,2
2021-11-02 23:00:00,22319.05,13.3,10.1,0.0,0,877.8,0.1,2785.44,1566.0,0.0,2
2021-11-03 00:00:00,21787.4,11.7,9.9,0.0,0,877.3,-0.1,2785.44,1579.0,0.0,2
2021-11-03 01:00:00,21525.179,11.2,8.8,0.0,0,877.0,-0.2,2785.44,1589.0,0.0,2
2021-11-03 02:00:00,21297.811,10.3,10.0,0.0,0,876.8,0.3,2785.44,1605.0,0.0,2
2021-11-03 03:00:00,21488.09,9.5,9.6,0.0,0,876.4,-0.2,2785.44,1627.0,0.0,2
2021-11-03 04:00:00,22740.054,9.4,8.7,0.0,0,876.7,-0.7,2785.44,1640.0,0.0,2
2021-11-03 05:00:00,25796.556,8.1,11.5,0.0,0,876.4,-0.6,2785.44,1658.0,0.0,2
2021-11-03 06:00:00,26880.769,9.2,8.6,15.0,0,877.3,1.0,2785.44,1675.0,0.0,0
2021-11-03 07:00:00,26379.74,13.6,7.2,180.0,0,880.1,1.0,2785.44,1689.0,0.0,0
2021-11-03 08:00:00,26823.872,17.0,5.0,423.0,0,882.1,-0.1,2785.44,1702.0,0.0,0
2021-11-03 09:00:00,26845.696,19.6,5.1,659.0,0,882.9,-1.5,2785.44,1720.0,0.0,0
2021-11-03 10:00:00,26946.164,21.4,3.1,858.0,0,883.1,-1.7,2785.44,1741.0,0.0,0
2021-11-03 11:00:00,26901.847,23.0,4.3,1002.0,0,883.2,-1.7,2785.44,1753.0,0.0,0
2021-11-03 12:00:00,26912.901,24.4,5.4,1078.0,0,883.0,-2.6,2785.44,1770.0,0.0,0
2021-11-03 13:00:00,26737.724,25.5,7.0,1081.0,0,882.6,-3.2,2785.44,1787.0,0.0,0
2021-11-03 14:00:00,27079.807,26.5,12.4,1013.0,2,882.5,-6.3,2785.44,1802.0,0.0,0
2021-11-03 15:00:00,27409.161,26.6,14.1,883.0,0,881.9,-5.8,2785.44,1823.0,0.0,0
2021-11-03 16:00:00,27554.459,26.3,12.7,688.0,0,881.7,-5.0,2785.44,1826.0,0.0,0
2021-11-03 17:00:00,28181.383,25.4,11.3,455.0,0,881.5,-4.7,2785.44,1825.0,0.0,0
2021-11-03 18:00:00,28909.795,23.3,8.5,212.0,0,881.0,-1.9,2785.44,1826.0,0.0,0
2021-11-03 19:00:00,29538.1,19.6,9.6,27.0,0,879.9,-1.3,2785.44,1827.0,0.0,0
2021-11-03 20:00:00,27802.379,22.6,4.0,0.0,0,881.7,-4.3,2785.44,1828.0,0.0,0
2021-11-03 21:00:00,25661.958,22.4,2.3,0.0,0,882.0,-4.8,2785.44,1827.0,0.0,0
2021-11-03 22:00:00,23755.108,21.4,4.5,0.0,0,881.8,-4.6,2785.44,1827.0,0.0,0
2021-11-03 23:00:00,22722.505,14.2,11.0,0.0,0,879.2,-1.8,2785.44,1828.0,0.0,0
2021-11-04 00:00:00,21991.539,12.8,10.0,0.0,0,878.6,-2.4,2785.44,1828.0,0.0,0
2021-11-04 01:00:00,21661.886,11.9,10.7,0.0,0,878.1,-2.8,2785.44,1828.0,0.0,0
2021-11-04 02:00:00,21448.535,11.5,11.5,0.0,0,877.9,-4.3,2785.44,1828.0,0.0,0
2021-11-04 03:00:00,21731.761,10.4,11.9,0.0,0,877.2,-4.9,2785.44,1828.0,0.0,0
2021-11-04 04:00:00,23254.956,9.9,12.1,0.0,0,876.8,-4.9,2785.44,1828.0,0.0,0
2021-11-04 05:00:00,26214.272,9.9,11.2,0.0,0,877.3,-5.1,2785.44,1828.0,0.0,0
2021-11-04 06:00:00,26825.376,10.7,8.3,15.0,0,878.1,-2.7,2785.44,1828.0,0.0,0
2021-11-04 07:00:00,26371.025,15.0,6.8,182.0,0,881.0,-1.9,2785.44,1828.0,0.0,0
2021-11-04 08:00:00,26928.389,18.6,2.3,425.0,14,883.0,-4.2,2785.44,1828.0,0.0,0
2021-11-04 09:00:00,27108.431,21.3,1.4,658.0,56,883.7,-4.6,2785.44,1827.0,0.0,0
2021-11-04 10:00:00,27489.612,23.7,1.4,828.0,99,884.0,-4.8,2785.44,1826.0,0.0,0
2021-11-04 11:00:00,27285.739,25.2,1.3,895.0,100,883.8,-4.8,2785.44,1826.0,0.0,0
2021-11-04 12:00:00,27124.504,26.6,5.6,937.0,99,883.7,-4.1,2785.44,1826.0,0.0,0
2021-11-04 13:00:00,27023.382,27.3,9.4,947.0,99,883.4,-3.7,2785.44,1827.0,0.0,0
2021-11-04 14:00:00,27478.605,28.3,9.6,971.0,91,882.8,-4.8,2785.44,1828.0,0.0,0
2021-11-04 15:00:00,28207.544,28.4,9.7,707.0,58,882.0,-3.9,2785.44,1827.0,0.0,0
2021-11-04 16:00:00,28438.015,28.3,6.1,555.0,64,881.3,-3.2,2785.44,1828.0,0.0,0
2021-11-04 17:00:00,28634.888,27.7,1.4,407.0,37,881.0,-2.7,2785.44,1827.0,0.0,0
2021-11-04 18:00:00,29142.72,25.5,15.2,207.0,16,880.4,-1.1,2785.44,1827.0,0.0,0
2021-11-04 19:00:00,29258.385,21.8,9.0,28.0,1,879.3,-1.7,2785.44,1827.0,0.0,0
2021-11-04 20:00:00,27822.562,18.7,7.6,0.0,0,878.5,1.5,2785.44,1827.0,0.0,0
2021-11-04 21:00:00,25547.604,18.3,8.4,0.0,0,878.4,1.1,2785.44,1828.0,0.0,0
2021-11-04 22:00:00,24104.87,17.2,11.0,0.0,0,877.9,0.2,2785.44,1828.0,0.0,0
2021-11-04 23:00:00,22893.242,18.0,10.4,0.0,0,878.3,-1.4,2785.44,1829.0,0.0,0
2021-11-05 00:00:00,22338.834,16.8,10.0,0.0,0,877.8,-1.1,2785.44,1829.0,0.0,0
2021-11-05 01:00:00,22086.168,14.8,10.8,0.0,0,876.9,0.2,2785.44,1829.0,0.0,0
2021-11-05 02:00:00,21940.543,17.7,6.5,0.0,0,878.3,0.3,2785.44,1829.0,0.0,0
2021-11-05 03:00:00,22116.263,12.4,7.2,0.0,5,875.6,2.1,2785.44,1829.0,0.0,0
2021-11-05 04:00:00,23332.243,11.8,7.7,0.0,93,874.9,2.2,2785.44,1829.0,0.0,0
2021-11-05 05:00:00,26152.706,13.3,6.8,0.0,97,875.9,1.6,2785.44,1829.0,0.0,0
2021-11-05 06:00:00,27400.946,14.3,8.0,13.0,100,877.0,1.4,2785.44,1828.0,0.0,0
2021-11-05 07:00:00,26931.932,16.6,9.0,85.0,100,878.7,2.6,2785.44,1828.0,0.0,0
2021-11-05 08:00:00,27633.395,19.3,7.3,206.0,76,880.1,3.6,2785.44,1827.0,0.0,0
2021-11-05 09:00:00,27923.481,23.8,8.6,597.0,100,881.6,2.5,2785.44,1827.0,0.0,0
2021-11-05 10:00:00,28112.375,25.3,9.4,582.0,99,881.5,4.2,2785.44,1827.0,0.0,0
2021-11-05 11:00:00,28149.9,28.4,8.3,937.0,98,881.2,6.6,2785.44,1827.0,0.0,0
2021-11-05 12:00:00,27804.058,28.8,12.8,617.0,71,880.4,7.2,2785.44,1827.0,0.0,2
2021-11-05 13:00:00,27462.066,30.8,11.5,939.0,28,880.3,5.6,2785.44,1826.0,0.0,2
2021-11-05 14:00:00,27355.771,32.4,7.3,935.0,51,879.2,3.0,2785.44,1827.0,0.0,2
2021-11-05 15:00:00,27383.769,32.2,31.3,767.0,30,878.4,-0.6,2785.44,1826.0,0.0,4
2021-11-05 16:00:00,27524.781,32.8,24.8,602.0,42,877.7,-0.9,2785.44,1826.0,0.0,4
2021-11-05 17:00:00,27514.347,32.4,21.3,446.0,46,877.5,-1.3,2785.44,1826.0,0.0,4
2021-11-05 18:00:00,28336.703,29.1,20.8,171.0,30,877.9,0.3,2785.44,1826.0,0.0,4
2021-11-05 19:00:00,28880.574,26.7,18.8,26.0,95,878.2,-0.8,2785.44,1827.0,0.0,4
2021-11-05 20:00:00,27794.703,24.6,11.8,0.0,97,879.1,-0.3,2785.44,1828.0,0.0,4
2021-11-05 21:00:00,26052.648,23.5,11.4,0.0,99,879.3,-1.6,2785.44,1828.0,0.0,4
2021-11-05 22:00:00,24461.61,21.6,7.2,0.0,100,879.0,-1.8,2785.44,1828.0,0.0,4
2021-11-05 23:00:00,23134.948,20.5,6.3,0.0,100,878.8,-0.4,2785.44,1827.0,0.0,4
2021-11-06 00:00:00,22750.056,19.9,7.8,0.0,100,878.6,0.8,2785.44,1829.0,0.0,4
2021-11-06 01:00:00,22274.568,18.3,7.2,0.0,95,877.6,0.9,2785.44,1829.0,0.0,4
2021-11-06 02:00:00,22032.988,16.5,8.9,0.0,100,877.1,-2.0,2785.44,1830.0,0.0,4
2021-11-06 03:00:00,22095.029,15.5,9.7,0.0,97,876.4,-2.1,2785.44,1831.0,0.0,4
2021-11-06 04:00:00,22520.988,14.8,9.2,0.0,100,876.0,-2.1,2785.44,1831.0,0.0,4
2021-11-06 05:00:00,23282.901,13.9,8.3,0.0,98,875.9,-1.9,2785.44,1832.0,0.0,4
2021-11-06 06:00:00,24353.735,13.9,6.1,16.0,36,876.6,0.0,2785.44,1832.0,0.0,2
2021-11-06 07:00:00,25685.079,16.8,13.9,174.0,11,879.8,0.8,2785.44,1831.0,83.0,2
2021-11-06 08:00:00,26905.124,19.4,8.6,401.0,16,881.0,-0.7,2785.44,1831.0,16.0,2
2021-11-06 09:00:00,27402.381,22.3,6.9,642.0,58,881.6,-0.6,2785.44,1830.0,0.0,2
2021-11-06 10:00:00,27291.091,24.8,5.2,834.0,46,881.6,-0.9,2785.44,1830.0,0.0,2
2021-11-06 11:00:00,27291.72,27.2,7.8,974.0,17,881.4,-1.1,2785.44,1829.0,0.0,2
2021-11-06 12:00:00,26972.969,29.0,9.0,1063.0,1,881.0,-0.8,2785.44,1828.0,0.0,2
2021-11-06 13:00:00,26380.403,29.9,11.3,1066.0,9,880.7,-0.5,2785.44,1828.0,0.0,2
2021-11-06 14:00:00,25968.696,29.5,16.3,997.0,40,880.2,-0.3,2785.44,1827.0,0.0,2
2021-11-06 15:00:00,25834.678,31.7,16.3,866.0,39,878.9,-1.6,2785.44,1828.0,0.0,2
2021-11-06 16:00:00,26126.314,30.9,26.3,679.0,47,878.4,-3.6,2785.44,1828.0,0.0,2
2021-11-06 17:00:00,26287.538,29.6,22.1,452.0,33,878.2,-4.3,2785.44,1827.0,0.0,2
2021-11-06 18:00:00,27424.248,27.8,17.4,212.0,2,878.0,-3.0,2785.44,1827.0,0.0,2
2021-11-06 19:00:00,28416.868,24.4,14.7,31.0,24,877.5,-1.9,2785.44,1827.0,0.0,2
2021-11-06 20:00:00,26981.83,22.4,13.8,0.0,52,877.7,-2.4,2785.44,1827.0,0.0,2
2021-11-06 21:00:00,25195.319,21.4,12.5,0.0,59,877.8,-2.9,2785.44,1827.0,0.0,2
2021-11-06 22:00:00,24015.505,20.2,11.9,0.0,73,877.7,-2.4,2785.44,1827.0,0.0,2
2021-11-06 23:00:00,22984.377,19.1,11.5,0.0,44,877.6,-1.9,2785.44,1827.0,0.0,2
2021-11-07 00:00:00,21822.828,17.4,8.4,0.0,13,876.7,-1.5,2785.44,1828.0,0.0,2
2021-11-07 01:00:00,21445.261,16.2,8.3,0.0,53,875.7,-2.1,2785.44,1826.0,0.0,2
2021-11-07 02:00:00,21279.864,14.8,10.6,0.0,100,875.9,-3.8,2785.44,1829.0,0.0,2
2021-11-07 03:00:00,21216.018,14.1,8.6,0.0,98,875.0,-4.4,2785.44,1830.0,0.0,2
2021-11-07 04:00:00,21532.458,13.7,7.9,0.0,39,874.6,-3.9,2785.44,1831.0,0.0,2
2021-11-07 05:00:00,22103.986,12.6,8.6,0.0,39,874.8,-2.5,2785.44,1832.0,0.0,2
2021-11-07 06:00:00,23400.012,13.0,8.5,17.0,4,876.3,-1.2,2785.44,1832.0,0.0,2
2021-11-07 07:00:00,25031.421,16.4,6.9,183.0,6,878.0,-0.5,2785.44,1832.0,0.0,2
2021-11-07 08:00:00,26276.435,20.4,2.9,417.0,12,879.5,-2.5,2785.44,1832.0,0.0,2
2021-11-07 09:00:00,26840.752,23.8,3.3,648.0,18,879.9,-3.5,2785.44,1832.0,0.0,2
2021-11-07 10:00:00,26826.32,26.5,2.5,832.0,13,879.6,-2.4,2785.44,1833.0,0.0,2
2021-11-07 11:00:00,26577.13,28.9,8.0,970.0,7,879.5,-1.2,2785.44,1833.0,0.0,2
2021-11-07 12:00:00,26394.979,30.6,11.5,1055.0,16,878.7,-0.2,2785.44,1833.0,0.0,2
2021-11-07 13:00:00,26097.046,31.8,10.5,1027.0,44,877.9,1.2,2785.44,1833.0,0.0,2
2021-11-07 14:00:00,25603.398,31.6,7.4,914.0,33,877.0,0.7,2785.44,1833.0,0.0,2
2021-11-07 15:00:00,25606.63,33.2,10.5,792.0,31,875.9,-0.3,2785.44,1832.0,0.0,2
2021-11-07 16:00:00,25783.236,33.4,35.8,528.0,71,874.5,-1.1,2785.44,1832.0,0.0,2
2021-11-07 17:00:00,26354.659,33.7,26.8,407.0,60,874.5,-1.7,2785.44,1833.0,0.0,2
2021-11-07 18:00:00,27288.858,30.0,21.7,166.0,93,874.5,0.4,2785.44,1833.0,0.0,2
2021-11-07 19:00:00,27966.295,28.5,14.0,16.0,42,874.2,-0.4,2785.44,1832.0,0.0,2
2021-11-07 20:00:00,26455.67,25.5,14.8,0.0,30,874.6,0.5,2785.44,1832.0,0.0,2
2021-11-07 21:00:00,24812.002,24.0,17.1,0.0,91,875.4,2.4,2785.44,1831.0,0.0,2
2021-11-07 22:00:00,23201.154,22.6,5.8,0.0,91,875.7,4.1,2785.44,1832.0,0.0,2
2021-11-07 23:00:00,21943.878,23.7,3.8,0.0,77,876.3,2.1,2785.44,1832.0,0.0,2
2021-11-08 00:00:00,21217.918,22.4,0.8,0.0,21,875.6,3.6,2785.44,1832.0,0.0,2
2021-11-08 01:00:00,21035.177,18.4,6.9,0.0,99,873.0,3.9,2785.44,1833.0,0.0,2
2021-11-08 02:00:00,20960.046,17.4,7.8,0.0,99,872.7,12.6,2785.44,1833.0,0.0,2
2021-11-08 03:00:00,21305.476,17.1,8.9,0.0,100,872.3,10.9,2785.44,1836.0,0.0,2
2021-11-08 04:00:00,22715.248,17.0,20.0,0.0,100,873.4,13.1,2785.44,1837.0,0.0,2
2021-11-08 05:00:00,25261.463,16.6,10.8,0.0,100,874.2,14.4,2785.44,1838.0,0.0,2
2021-11-08 06:00:00,26732.698,16.5,12.4,10.0,100,873.8,15.2,2785.44,1839.0,0.0,2
2021-11-08 07:00:00,26731.909,16.8,13.8,76.0,100,874.7,15.1,2785.44,1839.0,0.0,2
2021-11-08 08:00:00,27700.157,17.1,8.5,59.0,72,873.5,15.2,2785.44,1839.0,0.0,2
2021-11-08 09:00:00,28114.16,21.4,8.1,520.0,100,874.5,15.0,2785.44,1839.0,0.0,2
2021-11-08 10:00:00,28345.358,23.3,15.9,427.0,86,874.1,14.7,2785.44,1837.0,0.0,2
2021-11-08 11:00:00,28622.335,18.3,24.7,405.0,64,874.2,12.9,2785.44,1838.0,0.0,2
2021-11-08 12:00:00,28741.998,22.1,25.0,886.0,92,875.1,9.3,2785.44,1838.0,0.0,2
2021-11-08 13:00:00,28768.267,23.3,22.1,773.0,73,875.1,8.3,2785.44,1837.0,0.0,2
2021-11-08 14:00:00,29103.977,22.4,26.0,784.0,24,874.6,9.7,2785.44,1830.0,0.0,4
2021-11-08 15:00:00,29525.165,22.3,37.9,777.0,15,875.3,5.4,2785.44,1831.0,0.0,4
2021-11-08 16:00:00,29955.511,22.1,27.1,631.0,75,875.6,4.4,2785.44,1832.0,0.0,4
2021-11-08 17:00:00,30076.359,20.0,25.5,398.0,31,876.0,5.3,2785.44,1836.0,0.0,4
2021-11-08 18:00:00,30531.794,18.6,21.8,193.0,23,876.8,5.3,2785.44,1835.0,0.0,4
2021-11-08 19:00:00,30446.255,17.7,16.9,29.0,5,877.3,5.3,2785.44,1836.0,0.0,4
2021-11-08 20:00:00,28749.686,16.1,10.0,0.0,0,877.6,6.0,2785.44,1836.0,0.0,4
2021-11-08 21:00:00,26297.246,14.7,9.0,0.0,0,878.3,6.4,2785.44,1836.0,0.0,4
2021-11-08 22:00:00,24297.979,14.0,9.9,0.0,0,879.0,6.1,2785.44,1836.0,0.0,4
2021-11-08 23:00:00,22853.217,13.2,10.9,0.0,0,879.2,6.1,2785.44,1836.0,0.0,4
2021-11-09 00:00:00,22532.721,12.5,10.8,0.0,0,879.4,6.7,2785.44,1836.0,0.0,4
2021-11-09 01:00:00,22135.38,11.4,7.4,0.0,0,879.1,7.0,2785.44,1837.0,0.0,4
2021-11-09 02:00:00,22037.414,10.4,9.7,0.0,0,879.5,7.0,2785.44,1838.0,0.0,4
2021-11-09 03:00:00,22212.32,9.6,9.6,0.0,0,879.5,6.9,2785.44,1838.0,0.0,4
2021-11-09 04:00:00,23453.327,9.1,8.7,0.0,0,879.8,6.8,2785.44,1839.0,0.0,4
2021-11-09 05:00:00,26121.328,8.6,8.6,0.0,0,880.1,6.6,2785.44,1838.0,0.0,4
2021-11-09 06:00:00,27182.696,9.0,9.9,19.0,0,880.9,6.5,2785.44,1838.0,0.0,4
2021-11-09 07:00:00,26986.089,11.2,10.8,189.0,0,882.4,6.4,2785.44,1839.0,0.0,4
2021-11-09 08:00:00,27684.83,13.5,9.6,428.0,0,883.4,6.6,2785.44,1838.0,0.0,4
2021-11-09 09:00:00,27971.38,15.8,10.2,660.0,0,884.1,6.3,2785.44,1837.0,0.0,4
2021-11-09 10:00:00,28156.41,17.8,11.4,856.0,0,884.6,5.9,2785.44,1837.0,0.0,4
2021-11-09 11:00:00,28327.722,19.4,11.3,998.0,0,884.5,5.8,2785.44,1837.0,0.0,4
2021-11-09 12:00:00,28112.435,20.8,8.7,1074.0,0,884.3,5.9,2785.44,1837.0,0.0,4
2021-11-09 13:00:00,28020.117,21.8,6.4,1079.0,0,883.9,6.1,2785.44,1836.0,0.0,4
2021-11-09 14:00:00,28335.248,22.4,2.3,1012.0,0,883.4,5.2,2785.44,1837.0,0.0,4
2021-11-09 15:00:00,28823.789,23.7,0.4,880.0,0,883.3,5.1,2785.44,1836.0,0.0,4
2021-11-09 16:00:00,29076.777,23.9,0.7,692.0,0,882.7,4.4,2785.44,1836.0,0.0,4
2021-11-09 17:00:00,29295.0,23.6,0.8,465.0,0,882.8,4.0,2785.44,1835.0,0.0,4
2021-11-09 18:00:00,29397.251,22.7,3.3,226.0,0,882.8,4.3,2785.44,1835.0,0.0,4
2021-11-09 19:00:00,29398.104,18.9,7.0,35.0,0,881.8,8.0,2785.44,1835.0,0.0,4
2021-11-09 20:00:00,27879.604,17.8,5.8,0.0,0,881.9,9.4,2785.44,1835.0,0.0,4
2021-11-09 21:00:00,25602.261,17.3,5.8,0.0,0,882.5,9.6,2785.44,1834.0,0.0,4
2021-11-09 22:00:00,23870.457,17.7,3.1,0.0,0,882.7,8.7,2785.44,1834.0,0.0,4
2021-11-09 23:00:00,22488.78,18.2,3.5,0.0,0,882.8,7.7,2785.44,1834.0,0.0,4
2021-11-10 00:00:00,22114.953,16.9,5.8,0.0,0,882.2,7.4,2785.44,1835.0,0.0,4
2021-11-10 01:00:00,21911.668,17.6,3.1,0.0,0,882.3,6.9,2785.44,1836.0,0.0,4
2021-11-10 02:00:00,21668.064,17.0,3.9,0.0,0,881.7,5.5,2785.44,1837.0,0.0,4
2021-11-10 03:00:00,22015.045,16.1,3.5,0.0,0,881.5,5.6,2785.44,1837.0,0.0,4
2021-11-10 04:00:00,23402.02,15.7,0.8,0.0,0,881.5,5.6,2785.44,1838.0,0.0,4
2021-11-10 05:00:00,26228.236,11.8,6.6,0.0,0,880.4,6.0,2785.44,1838.0,0.0,4
2021-11-10 06:00:00,27650.361,12.4,8.5,20.0,0,881.3,7.1,2785.44,1838.0,0.0,3
2021-11-10 07:00:00,27769.057,16.2,9.4,192.0,0,883.3,7.9,2785.44,1838.0,0.0,3
2021-11-10 08:00:00,28555.959,19.9,10.0,431.0,0,885.2,8.4,2785.44,1837.0,0.0,3
2021-11-10 09:00:00,28702.357,21.9,13.2,661.0,0,885.9,7.4,2785.44,1837.0,0.0,3
2021-11-10 10:00:00,28712.24,23.8,12.0,855.0,0,886.0,6.2,2785.44,1836.0,0.0,3
2021-11-10 11:00:00,28506.495,25.4,11.3,998.0,0,886.0,4.0,2785.44,1834.0,0.0,3
2021-11-10 12:00:00,28360.183,26.6,10.5,1077.0,0,885.6,2.5,2785.44,1833.0,0.0,3
2021-11-10 13:00:00,28291.116,27.4,9.8,1085.0,0,885.0,1.6,2785.44,1835.0,0.0,3
2021-11-10 14:00:00,28521.025,27.4,8.2,1019.0,0,884.4,0.8,2785.44,1834.0,0.0,3
2021-11-10 15:00:00,28888.462,28.0,6.8,887.0,0,884.0,0.7,2785.44,1834.0,0.0,3
2021-11-10 16:00:00,29387.076,27.9,6.6,696.0,0,883.2,1.3,2785.44,1834.0,0.0,3
2021-11-10 17:00:00,29379.309,27.4,4.8,468.0,0,882.9,1.6,2785.44,1833.0,0.0,3
2021-11-10 18:00:00,29978.454,25.9,2.3,228.0,0,882.1,6.7,2785.44,1833.0,0.0,3
2021-11-10 19:00:00,29878.674,21.7,8.0,36.0,0,880.7,4.2,2785.44,1833.0,0.0,3
2021-11-10 20:00:00,28181.026,19.6,8.1,0.0,0,879.9,4.3,2785.44,1833.0,0.0,3
2021-11-10 21:00:00,26315.142,19.8,8.4,0.0,0,880.5,4.3,2785.44,1832.0,0.0,3
2021-11-10 22:00:00,24500.146,17.9,11.2,0.0,0,879.8,3.6,2785.44,1832.0,0.0,3
2021-11-10 23:00:00,23258.91,21.9,4.6,0.0,0,881.4,2.5,2785.44,1833.0,0.0,3
2021-11-11 00:00:00,22322.43,17.0,9.5,0.0,0,879.8,5.0,2785.44,1833.0,0.0,3
2021-11-11 01:00:00,21968.335,14.6,10.1,0.0,0,878.9,6.6,2785.44,1834.0,0.0,3
2021-11-11 02:00:00,21784.053,13.6,6.5,0.0,0,877.9,5.9,2785.44,1835.0,0.0,3
2021-11-11 03:00:00,22031.96,12.1,9.4,0.0,0,876.9,5.6,2785.44,1836.0,0.0,3
2021-11-11 04:00:00,23138.566,11.7,7.3,0.0,0,876.6,5.1,2785.44,1837.0,0.0,3
2021-11-11 05:00:00,26015.953,10.8,8.0,0.0,0,876.6,5.1,2785.44,1837.0,0.0,3
2021-11-11 06:00:00,27557.579,12.4,5.8,21.0,0,877.7,5.7,2785.44,1837.0,0.0,3
2021-11-11 07:00:00,27466.929,17.0,6.2,199.0,0,880.1,5.1,2785.44,1837.0,0.0,3
2021-11-11 08:00:00,28120.005,21.0,5.6,442.0,0,881.9,2.4,2785.44,1837.0,0.0,3
2021-11-11 09:00:00,28119.939,24.1,6.0,674.0,0,882.9,-0.1,2785.44,1837.0,0.0,3
2021-11-11 10:00:00,28068.472,26.4,5.4,869.0,0,883.1,-0.1,2785.44,1836.0,0.0,3
2021-11-11 11:00:00,28064.175,28.3,6.7,1010.0,0,883.1,-1.5,2785.44,1836.0,0.0,3
2021-11-11 12:00:00,27980.885,29.4,8.3,1086.0,0,882.6,-2.1,2785.44,1835.0,0.0,3
2021-11-11 13:00:00,27808.489,30.4,9.2,1091.0,0,882.1,-2.5,2785.44,1835.0,0.0,2
2021-11-11 14:00:00,28000.095,31.1,13.9,1024.0,0,881.6,-3.9,2785.44,1834.0,0.0,2
2021-11-11 15:00:00,28530.498,31.4,14.0,892.0,0,880.9,-3.6,2785.44,1834.0,0.0,2
2021-11-11 16:00:00,28956.723,31.0,12.6,703.0,0,880.3,-3.0,2785.44,1834.0,0.0,2
2021-11-11 17:00:00,29564.851,30.6,5.5,475.0,0,879.8,-3.0,2785.44,1834.0,0.0,2
2021-11-11 18:00:00,30375.287,28.4,7.9,234.0,0,878.9,-0.5,2785.44,1835.0,0.0,2
2021-11-11 19:00:00,30378.531,27.7,7.0,38.0,0,878.7,-2.8,2785.44,1836.0,0.0,2
2021-11-11 20:00:00,28470.152,25.8,10.0,0.0,0,878.4,-2.2,2785.44,1836.0,0.0,2
2021-11-11 21:00:00,26020.149,22.4,9.8,0.0,0,877.8,-1.1,2785.44,1836.0,0.0,2
2021-11-11 22:00:00,24342.31,19.6,10.4,0.0,1,877.1,0.3,2785.44,1835.0,0.0,2
2021-11-11 23:00:00,23119.711,19.4,9.7,0.0,0,877.1,-1.3,2785.44,1835.0,0.0,2
2021-11-12 00:00:00,22239.625,17.3,11.2,0.0,0,876.1,-1.3,2785.44,1836.0,0.0,2
2021-11-12 01:00:00,21890.255,15.8,13.8,0.0,0,875.4,-1.1,2785.44,1837.0,0.0,2
2021-11-12 02:00:00,21829.145,15.3,11.6,0.0,0,874.9,-1.3,2785.44,1837.0,0.0,2
2021-11-12 03:00:00,22145.883,14.2,11.2,0.0,0,874.6,-1.7,2785.44,1838.0,0.0,2
2021-11-12 04:00:00,23340.263,15.3,10.3,0.0,0,875.3,-2.1,2785.44,1839.0,0.0,2
2021-11-12 05:00:00,26052.112,14.7,9.6,0.0,0,875.6,-2.0,2785.44,1840.0,0.0,2
2021-11-12 06:00:00,27220.509,15.5,8.7,22.0,0,876.3,-0.5,2785.44,1839.0,0.0,0
2021-11-12 07:00:00,27238.464,19.0,10.7,198.0,0,878.4,1.1,2785.44,1840.0,0.0,0
2021-11-12 08:00:00,28127.572,22.4,9.6,438.0,99,879.9,1.9,2785.44,1840.0,0.0,0
2021-11-12 09:00:00,28167.521,25.4,11.2,649.0,96,880.7,1.7,2785.44,1839.0,0.0,0
2021-11-12 10:00:00,28297.443,27.7,13.0,843.0,95,881.0,0.7,2785.44,1838.0,0.0,0
2021-11-12 11:00:00,28372.386,29.2,16.3,950.0,100,880.7,-0.5,2785.44,1837.0,0.0,0
2021-11-12 12:00:00,28145.369,30.4,20.5,1017.0,77,880.7,-0.2,2785.44,1838.0,0.0,0
2021-11-12 13:00:00,27951.979,31.5,19.6,1042.0,0,880.5,-0.5,2785.44,1838.0,0.0,0
2021-11-12 14:00:00,28073.78,31.5,25.3,1022.0,0,880.2,-0.9,2785.44,1838.0,0.0,0
2021-11-12 15:00:00,27937.415,31.4,24.2,890.0,0,879.7,-1.2,2785.44,1837.0,0.0,0
2021-11-12 16:00:00,28042.065,31.0,22.2,703.0,0,879.0,-1.8,2785.44,1838.0,0.0,0
2021-11-12 17:00:00,27937.859,30.2,21.1,478.0,0,878.7,-2.3,2785.44,1838.0,0.0,0
2021-11-12 18:00:00,28112.877,28.6,15.2,238.0,2,878.3,-1.5,2785.44,1839.0,0.0,0
2021-11-12 19:00:00,28495.799,24.7,9.2,40.0,0,877.3,-0.9,2785.44,1839.0,0.0,0
2021-11-12 20:00:00,27359.999,23.7,10.8,0.0,0,877.2,-1.2,2785.44,1839.0,0.0,0
2021-11-12 21:00:00,25711.248,21.1,8.9,0.0,0,876.8,-0.6,2785.44,1839.0,0.0,0
2021-11-12 22:00:00,24418.696,18.8,10.1,0.0,0,876.3,0.5,2785.44,1838.0,0.0,0
2021-11-12 23:00:00,23357.738,17.2,11.5,0.0,47,876.1,2.2,2785.44,1839.0,0.0,0
2021-11-13 00:00:00,22600.233,20.4,4.8,0.0,36,877.2,1.5,2785.44,1839.0,0.0,0
2021-11-13 01:00:00,22289.276,19.7,4.0,0.0,88,876.8,1.7,2785.44,1839.0,0.0,0
2021-11-13 02:00:00,22102.185,18.1,3.3,0.0,24,876.7,1.9,2785.44,1840.0,0.0,0
2021-11-13 03:00:00,22118.329,18.1,3.1,0.0,74,876.5,1.1,2785.44,1841.0,0.0,0
2021-11-13 04:00:00,22474.265,17.6,1.3,0.0,80,876.4,1.2,2785.44,1841.0,0.0,0
2021-11-13 05:00:00,23121.744,16.7,3.1,0.0,94,876.4,1.8,2785.44,1841.0,0.0,0
2021-11-13 06:00:00,24104.685,14.1,5.2,21.0,100,876.0,4.9,2785.44,1842.0,0.0,0
2021-11-13 07:00:00,25832.973,17.4,6.5,138.0,100,878.0,4.5,2785.44,1843.0,0.0,0
2021-11-13 08:00:00,27031.242,21.1,3.2,365.0,52,880.0,3.6,2785.44,1843.0,0.0,0
2021-11-13 09:00:00,27379.634,24.5,4.6,666.0,100,881.2,3.1,2785.44,1844.0,0.0,0
2021-11-13 10:00:00,27297.378,26.9,5.2,769.0,100,881.5,2.5,2785.44,1844.0,0.0,0
2021-11-13 11:00:00,27059.853,28.5,11.2,773.0,98,881.6,0.1,2785.44,1843.0,0.0,0
2021-11-13 12:00:00,26960.677,29.7,13.0,898.0,88,881.6,-1.6,2785.44,1842.0,0.0,0
2021-11-13 13:00:00,26758.509,31.0,13.1,1025.0,14,881.5,-2.3,2785.44,1840.0,0.0,0
2021-11-13 14:00:00,26275.391,31.5,15.2,1029.0,81,881.3,-5.9,2785.44,1839.0,0.0,0
2021-11-13 15:00:00,25963.785,32.0,16.9,903.0,0,880.5,-6.3,2785.44,1838.0,0.0,0
2021-11-13 16:00:00,25982.377,31.8,17.3,715.0,0,879.9,-6.5,2785.44,1838.0,0.0,0
2021-11-13 17:00:00,26124.691,31.1,18.6,487.0,0,879.8,-6.2,2785.44,1841.0,0.0,0
2021-11-13 18:00:00,26788.117,29.5,15.9,243.0,0,879.4,-4.5,2785.44,1841.0,0.0,0
2021-11-13 19:00:00,27617.199,26.0,11.5,42.0,8,878.4,-3.2,2785.44,1841.0,0.0,0
2021-11-13 20:00:00,26430.644,24.1,11.9,0.0,0,878.6,-2.0,2785.44,1842.0,0.0,0
2021-11-13 21:00:00,24912.066,21.7,8.3,0.0,30,878.4,-0.8,2785.44,1842.0,0.0,0
2021-11-13 22:00:00,23884.454,19.4,11.4,0.0,0,878.0,0.7,2785.44,1841.0,0.0,0
2021-11-13 23:00:00,22793.463,22.8,6.4,0.0,0,879.8,-0.7,2785.44,1841.0,0.0,0
2021-11-14 00:00:00,21961.279,17.8,11.2,0.0,0,877.8,0.9,2785.44,1840.0,0.0,0
2021-11-14 01:00:00,21461.885,17.8,10.6,0.0,4,877.8,0.6,2785.44,1837.0,0.0,0
2021-11-14 02:00:00,21074.531,15.7,10.6,0.0,8,877.6,1.2,2785.44,1842.0,0.0,0
2021-11-14 03:00:00,21095.502,15.2,10.0,0.0,0,877.7,0.7,2785.44,1841.0,0.0,0
2021-11-14 04:00:00,21466.242,13.7,7.1,0.0,8,877.9,2.0,2785.44,1842.0,0.0,0
2021-11-14 05:00:00,21889.032,13.5,9.8,0.0,13,878.4,2.6,2785.44,1842.0,0.0,0
2021-11-14 06:00:00,23174.553,14.8,12.1,23.0,0,879.7,3.8,2785.44,1841.0,0.0,0
2021-11-14 07:00:00,25010.682,18.3,10.8,200.0,0,882.2,5.2,2785.44,1841.0,0.0,0
2021-11-14 08:00:00,26279.302,21.9,9.8,438.0,35,883.8,5.7,2785.44,1843.0,0.0,0
2021-11-14 09:00:00,26728.563,25.1,8.4,664.0,0,884.6,5.6,2785.44,1844.0,0.0,0
2021-11-14 10:00:00,26907.651,27.3,7.4,859.0,0,884.8,5.5,2785.44,1844.0,0.0,0
2021-11-14 11:00:00,26805.721,28.8,6.2,998.0,0,884.8,4.7,2785.44,1844.0,0.0,0
2021-11-14 12:00:00,26665.624,30.1,6.0,1074.0,0,884.9,3.4,2785.44,1843.0,0.0,0
2021-11-14 13:00:00,26363.264,30.9,6.0,1079.0,0,884.4,2.4,2785.44,1842.0,0.0,0
2021-11-14 14:00:00,25960.908,31.0,4.5,1013.0,22,884.0,2.4,2785.44,1841.0,0.0,0
2021-11-14 15:00:00,26112.913,32.0,3.3,878.0,100,883.4,1.8,2785.44,1840.0,0.0,0
2021-11-14 16:00:00,26104.689,32.2,0.7,651.0,94,882.8,0.7,2785.44,1839.0,0.0,0
2021-11-14 17:00:00,26569.123,31.9,8.9,435.0,70,882.7,-0.6,2785.44,1838.0,0.0,0
2021-11-14 18:00:00,27344.543,30.3,11.6,232.0,37,882.2,0.1,2785.44,1838.0,0.0,0
2021-11-14 19:00:00,28041.832,26.5,8.9,42.0,10,881.5,1.0,2785.44,1838.0,0.0,0
2021-11-14 20:00:00,26564.77,24.5,7.4,0.0,0,880.9,1.7,2785.44,1839.0,0.0,0
2021-11-14 21:00:00,24854.964,22.3,8.4,0.0,0,880.4,2.2,2785.44,1840.0,0.0,0
2021-11-14 22:00:00,23215.664,21.1,5.8,0.0,0,880.3,4.3,2785.44,1839.0,0.0,0
2021-11-14 23:00:00,22278.737,18.7,7.2,0.0,6,879.5,6.2,2785.44,1840.0,0.0,0
2021-11-15 00:00:00,21565.495,19.6,0.7,0.0,0,880.1,6.6,2785.44,1840.0,0.0,0
2021-11-15 01:00:00,21182.107,18.8,2.5,0.0,11,879.9,7.1,2785.44,1840.0,0.0,0
2021-11-15 02:00:00,20964.969,17.1,6.4,0.0,0,879.2,6.1,2785.44,1837.0,0.0,0
2021-11-15 03:00:00,21487.185,18.3,3.8,0.0,0,879.5,5.5,2785.44,1842.0,0.0,0
2021-11-15 04:00:00,22704.032,16.6,4.5,0.0,7,879.1,5.4,2785.44,1842.0,0.0,0
2021-11-15 05:00:00,25389.011,15.0,8.2,0.0,9,879.0,5.5,2785.44,1843.0,0.0,0
2021-11-15 06:00:00,26161.964,16.5,10.7,23.0,69,880.1,6.0,2785.44,1843.0,0.0,0
2021-11-15 07:00:00,26244.904,20.3,14.0,197.0,40,882.4,6.2,2785.44,1841.0,0.0,0
2021-11-15 08:00:00,27315.478,23.9,13.5,432.0,59,884.1,5.8,2785.44,1840.0,0.0,0
2021-11-15 09:00:00,27639.655,27.3,13.1,659.0,73,884.8,5.6,2785.44,1838.0,0.0,0
2021-11-15 10:00:00,28031.534,29.9,12.3,851.0,9,884.9,4.1,2785.44,1836.0,0.0,0
2021-11-15 11:00:00,28118.287,31.7,10.1,992.0,0,884.8,3.4,2785.44,1836.0,0.0,0
2021-11-15 12:00:00,28066.655,32.9,8.6,1068.0,0,884.3,2.3,2785.44,1835.0,0.0,0
2021-11-15 13:00:00,27911.319,33.8,7.6,1075.0,0,883.6,1.5,2785.44,1836.0,0.0,0
2021-11-15 14:00:00,28230.048,33.9,7.7,1013.0,0,883.1,1.8,2785.44,1837.0,0.0,0
2021-11-15 15:00:00,28789.754,34.8,6.4,883.0,0,882.0,0.8,2785.44,1836.0,0.0,0
2021-11-15 16:00:00,28972.877,34.8,9.0,700.0,0,881.4,0.6,2785.44,1835.0,0.0,0
2021-11-15 17:00:00,28678.895,34.3,10.8,478.0,0,880.9,0.5,2785.44,1835.0,0.0,0
2021-11-15 18:00:00,29164.011,33.0,11.5,241.0,0,880.4,1.4,2785.44,1834.0,0.0,0
2021-11-15 19:00:00,29910.677,29.4,12.1,44.0,0,879.4,1.8,2785.44,1834.0,0.0,0
2021-11-15 20:00:00,28162.125,26.8,8.0,0.0,0,878.5,2.0,2785.44,1835.0,0.0,0
2021-11-15 21:00:00,25971.877,24.3,11.1,0.0,0,877.9,3.2,2785.44,1837.0,0.0,0
2021-11-15 22:00:00,24344.649,26.8,5.9,0.0,0,879.3,3.1,2785.44,1838.0,0.0,0
2021-11-15 23:00:00,23269.668,25.8,2.6,0.0,0,879.0,3.6,2785.44,1839.0,0.0,0
2021-11-16 00:00:00,22543.262,25.5,5.9,0.0,0,878.7,3.1,2785.44,1838.0,0.0,0
2021-11-16 01:00:00,22429.557,25.3,5.0,0.0,0,878.1,2.1,2785.44,1838.0,0.0,0
2021-11-16 02:00:00,22321.87,17.8,9.0,0.0,0,875.6,6.0,2785.44,1839.0,0.0,0
2021-11-16 03:00:00,22479.588,17.1,8.4,0.0,0,874.8,5.2,2785.44,1838.0,0.0,0
2021-11-16 04:00:00,23750.994,16.4,11.2,0.0,0,874.2,4.5,2785.44,1839.0,0.0,0
2021-11-16 05:00:00,26338.654,16.4,9.5,0.0,0,874.4,4.3,2785.44,1841.0,0.0,0
2021-11-16 06:00:00,27032.197,17.4,7.2,25.0,0,875.4,5.3,2785.44,1843.0,0.0,0
2021-11-16 07:00:00,27016.274,22.3,7.1,205.0,0,877.9,4.1,2785.44,1841.0,0.0,0
2021-11-16 08:00:00,27918.126,26.7,6.8,445.0,0,879.6,1.7,2785.44,1840.0,0.0,0
2021-11-16 09:00:00,28069.952,29.9,7.9,677.0,0,880.2,0.0,2785.44,1838.0,0.0,0
2021-11-16 10:00:00,28228.778,32.6,10.1,871.0,0,880.4,-0.6,2785.44,1837.0,0.0,0
2021-11-16 11:00:00,28484.051,34.2,14.3,1013.0,0,880.3,-0.9,2785.44,1837.0,0.0,0
2021-11-16 12:00:00,28301.93,35.2,17.5,1089.0,0,879.7,-1.5,2785.44,1839.0,0.0,0
2021-11-16 13:00:00,28020.768,36.0,18.9,1096.0,0,879.0,-2.7,2785.44,1839.0,0.0,0
2021-11-16 14:00:00,28263.811,35.9,20.2,1030.0,0,878.6,-3.2,2785.44,1841.0,0.0,0
2021-11-16 15:00:00,28688.922,35.9,20.8,902.0,0,877.8,-3.9,2785.44,1841.0,0.0,0
2021-11-16 16:00:00,28921.735,35.4,21.5,716.0,0,876.9,-2.5,2785.44,1841.0,0.0,0
2021-11-16 17:00:00,28692.29,34.4,18.2,489.0,0,876.4,-2.2,2785.44,1840.0,0.0,0
2021-11-16 18:00:00,29157.839,33.2,16.3,249.0,0,875.9,-3.0,2785.44,1839.0,0.0,0
2021-11-16 19:00:00,29764.512,29.4,10.7,47.0,0,875.0,-3.1,2785.44,1840.0,0.0,0
2021-11-16 20:00:00,27980.942,25.7,9.0,0.0,0,874.3,-2.4,2785.44,1843.0,0.0,0
2021-11-16 21:00:00,26118.858,25.4,10.2,0.0,0,874.8,-3.6,2785.44,1844.0,0.0,0
2021-11-16 22:00:00,24231.058,24.8,11.3,0.0,0,875.3,-6.1,2785.44,1843.0,0.0,0
2021-11-16 23:00:00,23213.079,23.2,10.6,0.0,0,874.7,-6.7,2785.44,1843.0,0.0,0
2021-11-17 00:00:00,22737.044,22.0,10.0,0.0,0,874.2,-7.1,2785.44,1841.0,0.0,0
2021-11-17 01:00:00,22419.151,21.2,10.1,0.0,0,873.8,-7.9,2785.44,1840.0,0.0,0
2021-11-17 02:00:00,22269.628,20.2,8.7,0.0,0,873.6,-7.9,2785.44,1840.0,0.0,0
2021-11-17 03:00:00,22501.603,18.5,9.0,0.0,0,872.8,-7.7,2785.44,1840.0,0.0,0
2021-11-17 04:00:00,24083.929,18.1,8.6,0.0,10,872.8,-7.3,2785.44,1840.0,0.0,0
2021-11-17 05:00:00,26230.996,17.0,9.9,0.0,41,872.4,-6.6,2785.44,1840.0,0.0,0
2021-11-17 06:00:00,26908.623,18.1,7.7,23.0,29,872.9,-2.6,2785.44,1840.0,0.0,0
2021-11-17 07:00:00,27147.481,22.1,5.8,199.0,49,875.0,-4.7,2785.44,1840.0,0.0,0
2021-11-17 08:00:00,27863.552,25.0,3.5,436.0,13,876.4,-4.3,2785.44,1840.0,0.0,0
2021-11-17 09:00:00,28156.167,27.6,9.0,664.0,63,877.0,-3.1,2785.44,1840.0,0.0,0
2021-11-17 10:00:00,28316.827,29.7,12.4,802.0,42,877.2,-2.7,2785.44,1840.0,0.0,0
2021-11-17 11:00:00,28322.944,31.5,17.0,918.0,65,877.1,-3.4,2785.44,1841.0,0.0,0
2021-11-17 12:00:00,28319.826,33.4,19.8,928.0,11,876.8,-4.9,2785.44,1841.0,0.0,0
2021-11-17 13:00:00,28138.977,36.3,25.5,1062.0,96,875.5,-4.6,2785.44,1841.0,0.0,0
2021-11-17 14:00:00,28026.48,32.5,28.1,495.0,62,875.7,-1.1,2785.44,1841.0,0.0,0
2021-11-17 15:00:00,28627.278,37.7,23.8,887.0,89,874.2,-4.4,2785.44,1840.0,0.0,2
2021-11-17 16:00:00,29109.928,33.7,35.7,363.0,42,873.3,-0.8,2785.44,1840.0,0.0,2
2021-11-17 17:00:00,29594.564,33.1,33.7,405.0,11,873.2,-1.9,2785.44,1839.0,0.0,2
2021-11-17 18:00:00,30085.107,31.4,32.0,243.0,23,873.5,-2.7,2785.44,1839.0,0.0,2
2021-11-17 19:00:00,30176.434,29.2,24.7,44.0,2,874.0,-5.4,2785.44,1839.0,0.0,2
2021-11-17 20:00:00,28235.55,27.0,24.2,0.0,6,874.4,-6.9,2785.44,1840.0,0.0,2
2021-11-17 21:00:00,26096.286,25.5,21.5,0.0,5,875.2,-8.0,2785.44,1839.0,0.0,2
2021-11-17 22:00:00,24396.18,23.5,19.6,0.0,0,875.7,-7.5,2785.44,1839.0,0.0,2
2021-11-17 23:00:00,23096.833,20.9,17.3,0.0,0,876.0,-0.2,2785.44,1828.0,0.0,2
2021-11-18 00:00:00,22612.402,19.4,17.1,0.0,0,876.0,1.7,2785.44,1835.0,0.0,2
2021-11-18 01:00:00,22306.507,18.0,17.1,0.0,0,875.9,1.9,2785.44,1837.0,0.0,2
2021-11-18 02:00:00,22053.326,15.9,20.2,0.0,0,875.6,1.6,2785.44,1839.0,0.0,2
2021-11-18 03:00:00,22270.534,14.9,17.9,0.0,0,875.3,1.3,2785.44,1839.0,0.0,2
2021-11-18 04:00:00,23692.924,14.0,14.0,0.0,0,875.3,1.5,2785.44,1841.0,0.0,2
2021-11-18 05:00:00,25542.125,13.2,12.3,0.0,0,876.2,1.9,2785.44,1842.0,0.0,2
2021-11-18 06:00:00,26688.707,13.5,13.6,26.0,0,876.9,2.3,2785.44,1842.0,0.0,2
2021-11-18 07:00:00,26620.441,15.3,15.5,209.0,0,878.1,3.9,2785.44,1843.0,0.0,2
2021-11-18 08:00:00,27559.571,17.3,15.3,451.0,0,879.0,4.9,2785.44,1843.0,0.0,2
2021-11-18 09:00:00,27906.15,19.3,13.8,681.0,0,879.5,3.8,2785.44,1843.0,0.0,2
2021-11-18 10:00:00,28236.182,21.2,11.4,875.0,0,880.0,2.7,2785.44,1843.0,0.0,2
2021-11-18 11:00:00,28016.907,23.0,10.1,1017.0,0,880.2,1.7,2785.44,1843.0,0.0,2
2021-11-18 12:00:00,27811.685,24.5,9.0,1096.0,0,880.1,0.8,2785.44,1843.0,0.0,2
2021-11-18 13:00:00,27642.595,26.0,10.5,1106.0,0,879.8,-0.4,2785.44,1843.0,0.0,2
2021-11-18 14:00:00,27900.173,25.9,14.0,1044.0,0,879.9,-3.0,2785.44,1843.0,0.0,2
2021-11-18 15:00:00,28321.428,26.1,14.7,919.0,0,879.4,-4.0,2785.44,1843.0,0.0,2
2021-11-18 16:00:00,28566.192,26.0,13.2,732.0,0,878.8,-3.8,2785.44,1843.0,0.0,2
2021-11-18 17:00:00,28927.954,25.6,13.2,504.0,0,878.6,-3.1,2785.44,1843.0,0.0,2
2021-11-18 18:00:00,29374.573,24.6,12.4,259.0,0,878.6,-3.0,2785.44,1843.0,0.0,2
2021-11-18 19:00:00,29555.813,22.5,8.4,51.0,0,878.4,-2.8,2785.44,1843.0,0.0,2
2021-11-18 20:00:00,27933.619,21.2,10.5,0.0,0,878.4,-3.0,2785.44,1843.0,0.0,2
2021-11-18 21:00:00,25672.27,20.5,10.1,0.0,0,878.4,-3.3,2785.44,1843.0,0.0,2
2021-11-18 22:00:00,23989.982,19.5,16.2,0.0,0,879.1,-1.8,2785.44,1843.0,0.0,0
2021-11-18 23:00:00,22657.42,17.9,12.7,0.0,0,878.8,0.4,2785.44,1843.0,0.0,0
2021-11-19 00:00:00,22047.537,16.5,12.0,0.0,0,878.6,0.6,2785.44,1843.0,0.0,0
2021-11-19 01:00:00,21668.355,15.6,13.7,0.0,0,878.3,0.4,2785.44,1844.0,0.0,0
2021-11-19 02:00:00,21552.058,14.3,15.5,0.0,0,878.5,0.4,2785.44,1844.0,0.0,0
2021-11-19 03:00:00,21869.558,13.1,12.0,0.0,0,878.3,0.9,2785.44,1844.0,0.0,0
2021-11-19 04:00:00,23240.629,12.4,12.0,0.0,0,878.3,1.3,2785.44,1844.0,0.0,0
2021-11-19 05:00:00,25827.589,11.9,14.1,0.0,0,878.7,1.9,2785.44,1844.0,0.0,1
2021-11-19 06:00:00,26838.648,12.1,14.8,27.0,0,879.2,2.5,2785.44,1844.0,0.0,1
2021-11-19 07:00:00,26912.744,14.0,15.8,208.0,0,880.3,3.0,2785.44,1843.0,0.0,1
2021-11-19 08:00:00,27825.034,17.1,14.0,449.0,0,881.3,3.1,2785.44,1844.0,0.0,1
2021-11-19 09:00:00,28211.074,20.3,13.0,679.0,0,881.9,1.9,2785.44,1843.0,0.0,1
2021-11-19 10:00:00,28330.42,22.7,9.6,874.0,0,882.1,0.6,2785.44,1843.0,0.0,1
2021-11-19 11:00:00,28390.674,24.4,7.0,1017.0,0,882.0,-0.3,2785.44,1843.0,0.0,1
2021-11-19 12:00:00,28199.457,25.8,5.9,1095.0,0,881.5,-1.1,2785.44,1843.0,0.0,1
2021-11-19 13:00:00,28006.606,27.1,7.2,1104.0,0,880.8,-2.2,2785.44,1842.0,0.0,1
2021-11-19 14:00:00,28079.462,26.1,8.9,1042.0,0,880.8,-1.8,2785.44,1843.0,0.0,1
2021-11-19 15:00:00,28103.262,26.8,10.3,912.0,0,880.1,-2.6,2785.44,1843.0,0.0,1
2021-11-19 16:00:00,28217.876,26.8,12.4,728.0,0,879.4,-3.0,2785.44,1843.0,0.0,1
2021-11-19 17:00:00,28202.097,26.4,12.5,502.0,0,878.9,-3.3,2785.44,1843.0,0.0,1
2021-11-19 18:00:00,28402.536,25.5,13.6,260.0,0,878.5,-4.0,2785.44,1843.0,0.0,1
2021-11-19 19:00:00,28810.593,23.2,9.8,52.0,0,878.4,-4.4,2785.44,1843.0,0.0,0
2021-11-19 20:00:00,27702.349,21.6,13.2,0.0,0,878.6,-6.1,2785.44,1842.0,0.0,0
2021-11-19 21:00:00,25922.441,20.5,13.3,0.0,0,878.6,-8.9,2785.44,1842.0,0.0,0
2021-11-19 22:00:00,24252.226,19.2,13.0,0.0,0,878.5,-9.9,2785.44,1842.0,0.0,0
2021-11-19 23:00:00,22922.128,18.1,10.1,0.0,0,878.3,-9.1,2785.44,1843.0,0.0,0
2021-11-20 00:00:00,22472.21,17.2,9.8,0.0,0,877.8,-8.4,2785.44,1843.0,0.0,0
2021-11-20 01:00:00,22272.331,16.4,10.9,0.0,0,877.6,-8.6,2785.44,1843.0,0.0,0
2021-11-20 02:00:00,21844.561,14.9,15.0,0.0,0,877.9,-7.8,2785.44,1844.0,0.0,0
2021-11-20 03:00:00,21912.616,13.9,15.5,0.0,30,877.7,-6.4,2785.44,1844.0,0.0,0
2021-11-20 04:00:00,22372.68,13.0,15.6,0.0,55,877.4,-4.5,2785.44,1844.0,0.0,0
2021-11-20 05:00:00,23084.925,12.5,15.1,0.0,100,877.5,-2.1,2785.44,1844.0,0.0,0
2021-11-20 06:00:00,24059.845,12.9,15.8,26.0,99,878.0,-0.5,2785.44,1844.0,0.0,0
2021-11-20 07:00:00,26020.083,15.3,13.7,197.0,86,879.5,0.8,2785.44,1844.0,0.0,0
2021-11-20 08:00:00,27415.742,18.8,12.7,446.0,77,880.5,1.2,2785.44,1844.0,0.0,0
2021-11-20 09:00:00,27683.201,22.4,9.8,685.0,52,881.2,-1.5,2785.44,1843.0,0.0,0
2021-11-20 10:00:00,27721.101,24.8,4.1,883.0,16,881.2,-5.5,2785.44,1843.0,0.0,0
2021-11-20 11:00:00,27553.005,26.4,3.1,1027.0,0,880.9,-5.5,2785.44,1843.0,0.0,0
2021-11-20 12:00:00,27403.572,27.8,7.7,1106.0,0,880.4,-5.6,2785.44,1843.0,0.0,0
2021-11-20 13:00:00,26962.156,28.7,9.4,1115.0,0,879.8,-6.2,2785.44,1843.0,0.0,0
2021-11-20 14:00:00,26664.076,29.5,11.4,1053.0,0,879.4,-5.3,2785.44,1844.0,0.0,0
2021-11-20 15:00:00,26638.634,29.9,11.6,918.0,0,878.5,-6.6,2785.44,1843.0,0.0,0
2021-11-20 16:00:00,26560.33,29.5,12.1,733.0,0,877.9,-7.0,2785.44,1843.0,0.0,0
2021-11-20 17:00:00,26293.54,28.8,10.5,506.0,0,877.4,-6.2,2785.44,1843.0,0.0,0
2021-11-20 18:00:00,26746.495,27.9,9.0,263.0,5,877.0,-6.0,2785.44,1843.0,0.0,0
2021-11-20 19:00:00,27675.883,24.5,7.1,54.0,0,875.7,-5.6,2785.44,1843.0,0.0,0
2021-11-20 20:00:00,26468.496,23.7,12.5,0.0,6,876.1,-6.1,2785.44,1842.0,0.0,0
2021-11-20 21:00:00,24918.946,21.5,8.2,0.0,19,875.6,-6.6,2785.44,1842.0,0.0,0
2021-11-20 22:00:00,23456.872,21.6,12.6,0.0,18,876.3,-5.9,2785.44,1843.0,0.0,0
2021-11-20 23:00:00,22443.411,19.8,9.4,0.0,0,875.7,-5.1,2785.44,1843.0,0.0,0
2021-11-21 00:00:00,21639.755,18.6,9.3,0.0,0,875.0,-4.9,2785.44,1844.0,0.0,0
2021-11-21 01:00:00,21177.46,18.4,11.4,0.0,0,874.2,-5.1,2785.44,1843.0,0.0,0
2021-11-21 02:00:00,21060.283,18.3,14.8,0.0,1,874.9,-5.6,2785.44,1843.0,0.0,0
2021-11-21 03:00:00,21000.892,17.2,16.4,0.0,0,875.0,-2.6,2785.44,1844.0,0.0,0
2021-11-21 04:00:00,21478.819,16.6,15.8,0.0,6,874.8,1.9,2785.44,1844.0,0.0,0
2021-11-21 05:00:00,21817.484,16.4,18.3,0.0,0,875.2,4.8,2785.44,1844.0,0.0,0
2021-11-21 06:00:00,22916.31,17.4,19.8,27.0,0,876.0,6.5,2785.44,1845.0,0.0,0
2021-11-21 07:00:00,24850.246,20.4,19.5,202.0,0,877.6,11.2,2785.44,1845.0,0.0,0
2021-11-21 08:00:00,26439.232,22.6,23.4,431.0,0,878.3,13.8,2785.44,1845.0,0.0,0
2021-11-21 09:00:00,27418.462,25.0,23.9,654.0,0,878.6,13.6,2785.44,1844.0,0.0,0
2021-11-21 10:00:00,27433.61,27.2,24.3,841.0,7,878.6,13.0,2785.44,1844.0,0.0,0
2021-11-21 11:00:00,27109.151,29.4,23.7,957.0,15,878.2,11.3,2785.44,1844.0,0.0,0
2021-11-21 12:00:00,27087.73,30.9,24.9,1013.0,22,877.6,10.8,2785.44,1844.0,0.0,0
2021-11-21 13:00:00,26948.048,31.7,21.8,1002.0,85,876.4,10.4,2785.44,1844.0,0.0,0
2021-11-21 14:00:00,26349.694,31.0,21.6,408.0,100,876.1,3.1,2785.44,1844.0,0.0,0
2021-11-21 15:00:00,26448.203,31.1,19.5,621.0,97,875.5,4.8,2785.44,1843.0,0.0,0
2021-11-21 16:00:00,26629.345,27.8,20.9,467.0,100,875.7,6.9,2785.44,1843.0,0.0,0
2021-11-21 17:00:00,26694.303,24.3,16.5,207.0,100,875.2,9.9,2785.44,1843.0,0.0,0
2021-11-21 18:00:00,27481.886,22.9,2.3,47.0,14,874.6,11.3,2785.44,1843.0,0.0,0
2021-11-21 19:00:00,28312.517,20.7,5.7,50.0,100,874.3,11.5,2785.44,1843.0,0.0,0
2021-11-21 20:00:00,26795.285,21.9,17.4,0.0,65,873.8,11.2,2785.44,1843.0,0.0,0
2021-11-21 21:00:00,24774.089,22.0,23.3,0.0,12,873.9,10.6,2785.44,1843.0,0.0,0
2021-11-21 22:00:00,23114.289,21.0,31.4,0.0,0,874.8,11.6,2785.44,1842.0,0.0,0
2021-11-21 23:00:00,21807.602,20.0,32.1,0.0,1,874.8,12.9,2785.44,1843.0,0.0,0
2021-11-22 00:00:00,21389.099,19.8,27.2,0.0,1,874.6,13.2,2785.44,1843.0,0.0,0
2021-11-22 01:00:00,21126.87,19.4,23.8,0.0,0,874.7,13.4,2785.44,1844.0,0.0,0
2021-11-22 02:00:00,21123.438,18.0,17.6,0.0,0,875.2,11.8,2785.44,1844.0,0.0,0
2021-11-22 03:00:00,21217.484,17.6,17.3,0.0,20,875.2,12.2,2785.44,1844.0,0.0,0
2021-11-22 04:00:00,22694.305,17.6,20.2,0.0,18,875.0,12.6,2785.44,1844.0,0.0,0
2021-11-22 05:00:00,25214.11,17.5,22.0,0.0,0,875.1,13.1,2785.44,1844.0,0.0,0
2021-11-22 06:00:00,26558.945,17.7,20.2,26.0,3,875.8,13.6,2785.44,1843.0,0.0,0
2021-11-22 07:00:00,26929.841,19.6,22.0,196.0,47,877.0,13.7,2785.44,1844.0,0.0,0
2021-11-22 08:00:00,27869.288,21.6,24.4,404.0,6,877.6,13.8,2785.44,1843.0,0.0,0
2021-11-22 09:00:00,28125.142,24.0,25.8,611.0,6,877.7,13.0,2785.44,1843.0,0.0,0
2021-11-22 10:00:00,28231.658,25.8,29.8,837.0,30,878.1,13.0,2785.44,1843.0,0.0,0
2021-11-22 11:00:00,28094.48,27.2,22.6,827.0,19,878.0,13.5,2785.44,1842.0,0.0,0
2021-11-22 12:00:00,28074.719,28.5,28.4,935.0,24,877.3,11.4,2785.44,1842.0,0.0,0
2021-11-22 13:00:00,27993.981,29.5,36.0,949.0,83,876.0,10.4,2785.44,1843.0,0.0,0
2021-11-22 14:00:00,28089.689,30.5,44.2,687.0,76,875.6,4.4,2785.44,1846.0,0.0,0
2021-11-22 15:00:00,28350.752,28.9,41.1,592.0,72,875.4,4.9,2785.44,1846.0,0.0,0
2021-11-22 16:00:00,28901.695,23.4,20.3,429.0,51,875.0,11.5,2785.44,1846.0,0.0,0
2021-11-22 17:00:00,28508.773,27.3,19.5,383.0,34,874.8,6.6,2785.44,1846.0,0.0,0
2021-11-22 18:00:00,28945.661,24.4,14.7,229.0,57,875.3,7.8,2785.44,1846.0,0.0,0
2021-11-22 19:00:00,29302.755,22.4,6.9,47.0,30,875.1,7.7,2785.44,1842.0,0.0,0
2021-11-22 20:00:00,27712.191,17.3,22.5,0.0,8,876.1,11.9,2785.44,1842.0,0.0,0
2021-11-22 21:00:00,25724.078,16.3,15.3,0.0,8,875.8,12.6,2785.44,1842.0,0.0,0
2021-11-22 22:00:00,23907.757,16.3,8.1,0.0,2,876.0,12.4,2785.44,1842.0,0.0,0
2021-11-22 23:00:00,22895.184,15.0,5.1,0.0,0,875.5,12.5,2785.44,1842.0,0.0,0
2021-11-23 00:00:00,22280.61,14.1,5.0,0.0,0,875.6,12.9,2785.44,1843.0,0.0,0
2021-11-23 01:00:00,21934.71,14.1,9.0,0.0,1,875.9,13.2,2785.44,1843.0,0.0,0
2021-11-23 02:00:00,21818.073,12.6,7.1,0.0,2,875.9,11.5,2785.44,1842.0,0.0,0
2021-11-23 03:00:00,21989.525,11.9,7.3,0.0,1,875.8,11.1,2785.44,1843.0,0.0,0
2021-11-23 04:00:00,23337.351,11.8,9.5,0.0,14,876.0,11.2,2785.44,1843.0,0.0,0
2021-11-23 05:00:00,25562.72,11.8,9.8,0.0,26,876.5,11.4,2785.44,1844.0,0.0,0
2021-11-23 06:00:00,26699.99,12.3,10.6,27.0,41,877.6,11.7,2785.44,1843.0,0.0,0
2021-11-23 07:00:00,27066.184,14.7,14.8,200.0,49,879.1,11.3,2785.44,1844.0,0.0,0
2021-11-23 08:00:00,27517.721,16.5,14.1,337.0,36,879.9,10.5,2785.44,1844.0,0.0,0
2021-11-23 09:00:00,27583.376,18.5,14.2,563.0,27,880.6,10.3,2785.44,1843.0,0.0,0
2021-11-23 10:00:00,27872.284,20.3,15.2,720.0,23,880.7,9.4,2785.44,1843.0,0.0,0
2021-11-23 11:00:00,27991.666,21.4,16.2,819.0,33,880.8,8.5,2785.44,1843.0,0.0,0
2021-11-23 12:00:00,27918.404,22.5,17.3,936.0,56,880.9,8.1,2785.44,1844.0,0.0,0
2021-11-23 13:00:00,27788.512,23.2,17.7,841.0,31,880.6,7.6,2785.44,1843.0,0.0,0
2021-11-23 14:00:00,27945.286,24.8,17.1,867.0,39,880.5,6.1,2785.44,1844.0,0.0,0
2021-11-23 15:00:00,28396.173,25.2,17.1,694.0,68,880.2,4.8,2785.44,1843.0,0.0,0
2021-11-23 16:00:00,28641.525,24.6,20.9,593.0,63,879.6,5.2,2785.44,1843.0,0.0,0
2021-11-23 17:00:00,28243.499,24.0,18.5,348.0,58,879.5,4.7,2785.44,1843.0,0.0,0
2021-11-23 18:00:00,28436.506,22.9,19.2,236.0,27,879.3,4.6,2785.44,1844.0,0.0,0
2021-11-23 19:00:00,29244.01,21.0,13.4,47.0,2,879.2,5.7,2785.44,1844.0,0.0,0
2021-11-23 20:00:00,27416.894,18.8,9.2,0.0,0,878.8,6.1,2785.44,1844.0,0.0,0
2021-11-23 21:00:00,25312.058,17.7,11.4,0.0,11,879.0,6.1,2785.44,1844.0,0.0,0
2021-11-23 22:00:00,23860.487,17.1,13.5,0.0,23,879.5,6.4,2785.44,1843.0,0.0,0
2021-11-23 23:00:00,22467.059,16.3,15.3,0.0,25,879.5,6.4,2785.44,1844.0,0.0,0
2021-11-24 00:00:00,21991.768,15.6,19.3,0.0,0,879.6,6.3,2785.44,1843.0,0.0,0
2021-11-24 01:00:00,21616.025,14.7,18.1,0.0,4,879.0,7.2,2785.44,1844.0,0.0,0
2021-11-24 02:00:00,21545.069,13.4,17.1,0.0,0,878.6,6.9,2785.44,1844.0,0.0,0
2021-11-24 03:00:00,21994.06,12.6,16.8,0.0,0,878.5,6.9,2785.44,1844.0,0.0,0
2021-11-24 04:00:00,23245.266,11.8,16.1,0.0,0,878.0,6.9,2785.44,1845.0,0.0,0
2021-11-24 05:00:00,25537.787,11.4,14.8,0.0,5,878.4,6.9,2785.44,1844.0,0.0,0
2021-11-24 06:00:00,26411.409,11.7,11.7,28.0,13,878.8,6.9,2785.44,1844.0,0.0,0
2021-11-24 07:00:00,26466.442,13.6,8.2,205.0,5,880.0,6.7,2785.44,1844.0,0.0,0
2021-11-24 08:00:00,27078.594,16.0,6.6,439.0,14,881.0,6.4,2785.44,1845.0,0.0,0
2021-11-24 09:00:00,27370.757,18.5,6.1,664.0,38,881.7,5.8,2785.44,1844.0,0.0,0
2021-11-24 10:00:00,27580.228,20.6,4.4,855.0,20,881.7,5.2,2785.44,1844.0,0.0,0
2021-11-24 11:00:00,27564.023,22.4,2.9,995.0,0,881.6,5.0,2785.44,1844.0,0.0,0
2021-11-24 12:00:00,27463.612,24.1,5.9,1075.0,45,881.4,4.6,2785.44,1844.0,0.0,0
2021-11-24 13:00:00,27560.706,25.2,10.2,1041.0,26,880.7,4.6,2785.44,1843.0,0.0,0
2021-11-24 14:00:00,27635.406,25.3,12.3,1018.0,99,880.4,4.3,2785.44,1843.0,0.0,0
2021-11-24 15:00:00,28269.774,25.6,14.5,884.0,100,879.8,3.9,2785.44,1843.0,0.0,0
2021-11-24 16:00:00,28832.262,25.0,15.4,673.0,100,879.2,2.3,2785.44,1843.0,0.0,0
2021-11-24 17:00:00,28814.755,24.7,12.8,410.0,98,879.0,2.1,2785.44,1843.0,0.0,0
2021-11-24 18:00:00,29263.314,22.9,19.1,238.0,100,878.7,4.8,2785.44,1843.0,0.0,0
2021-11-24 19:00:00,29771.815,20.7,17.1,47.0,100,878.6,4.6,2785.44,1843.0,0.0,0
2021-11-24 20:00:00,28215.031,19.7,18.5,0.0,100,878.9,4.6,2785.44,1843.0,0.0,0
2021-11-24 21:00:00,25952.055,19.0,15.5,0.0,94,879.0,4.2,2785.44,1843.0,0.0,0
2021-11-24 22:00:00,24035.067,18.1,13.3,0.0,97,879.1,4.5,2785.44,1843.0,0.0,0
2021-11-24 23:00:00,22759.929,17.2,14.3,0.0,91,879.0,4.7,2785.44,1843.0,0.0,0
2021-11-25 00:00:00,22121.153,16.0,15.0,0.0,88,878.5,4.7,2785.44,1843.0,0.0,0
2021-11-25 01:00:00,21779.198,15.3,16.1,0.0,76,878.1,4.4,2785.44,1843.0,0.0,0
2021-11-25 02:00:00,21675.603,14.7,16.0,0.0,16,878.2,4.8,2785.44,1844.0,0.0,0
2021-11-25 03:00:00,21864.476,13.9,17.1,0.0,38,878.0,4.6,2785.44,1844.0,0.0,0
2021-11-25 04:00:00,23347.683,13.1,14.4,0.0,49,878.0,5.0,2785.44,1844.0,0.0,0
2021-11-25 05:00:00,25715.75,12.4,12.7,0.0,80,878.2,5.3,2785.44,1844.0,0.0,0
2021-11-25 06:00:00,26993.13,13.1,14.7,26.0,100,878.6,5.7,2785.44,1844.0,0.0,0
2021-11-25 07:00:00,27324.747,15.5,13.2,164.0,100,880.1,6.0,2785.44,1844.0,0.0,0
2021-11-25 08:00:00,28120.957,18.1,12.5,323.0,100,881.0,7.9,2785.44,1844.0,0.0,0
2021-11-25 09:00:00,28538.215,20.9,13.8,531.0,95,881.6,9.3,2785.44,1844.0,0.0,0
2021-11-25 10:00:00,28579.806,23.9,16.6,756.0,99,881.9,7.6,2785.44,1843.0,0.0,0
2021-11-25 11:00:00,28448.75,25.5,16.3,794.0,42,881.7,7.0,2785.44,1841.0,0.0,0
2021-11-25 12:00:00,28184.733,27.2,15.5,984.0,68,881.7,7.4,2785.44,1842.0,0.0,0
2021-11-25 13:00:00,27982.162,28.1,13.3,974.0,39,881.0,7.6,2785.44,1842.0,0.0,0
2021-11-25 14:00:00,28212.907,27.4,6.6,957.0,80,880.0,2.5,2785.44,1843.0,0.0,0
2021-11-25 15:00:00,28758.886,28.0,10.1,569.0,88,879.9,3.8,2785.44,1844.0,0.0,0
2021-11-25 16:00:00,29212.358,24.6,18.7,509.0,58,879.3,9.9,2785.44,1844.0,0.0,0
2021-11-25 17:00:00,29211.462,26.4,0.8,455.0,100,879.4,5.7,2785.44,1845.0,0.0,0
2021-11-25 18:00:00,29225.678,22.7,15.9,105.0,78,879.6,9.6,2785.44,1844.0,0.0,0
2021-11-25 19:00:00,29247.684,16.7,11.3,30.0,100,880.1,14.2,2785.44,1845.0,0.0,0
2021-11-25 20:00:00,27959.041,18.1,15.0,0.0,69,879.1,15.3,2785.44,1845.0,0.0,0
2021-11-25 21:00:00,26224.159,17.7,15.0,0.0,41,880.2,14.8,2785.44,1845.0,0.0,0
2021-11-25 22:00:00,24210.68,16.7,19.5,0.0,95,880.4,14.2,2785.44,1845.0,0.0,0
2021-11-25 23:00:00,22956.145,16.1,18.9,0.0,83,880.0,13.9,2785.44,1845.0,0.0,0
2021-11-26 00:00:00,22320.225,15.5,19.9,0.0,74,879.9,13.7,2785.44,1845.0,0.0,0
2021-11-26 01:00:00,22073.642,15.4,24.6,0.0,100,879.4,13.2,2785.44,1845.0,0.0,0
2021-11-26 02:00:00,21711.383,15.5,24.5,0.0,100,880.1,11.8,2785.44,1845.0,0.0,0
2021-11-26 03:00:00,21965.498,15.3,25.2,0.0,40,880.2,10.8,2785.44,1845.0,0.0,0
2021-11-26 04:00:00,23446.413,15.1,19.4,0.0,89,880.3,10.5,2785.44,1845.0,0.0,0
2021-11-26 05:00:00,25638.628,15.0,13.7,0.0,100,881.2,11.3,2785.44,1845.0,0.0,0
2021-11-26 06:00:00,26817.648,15.5,19.6,20.0,100,882.4,11.5,2785.44,1845.0,0.0,0
2021-11-26 07:00:00,27553.688,16.6,22.5,154.0,14,882.8,12.1,2785.44,1846.0,0.0,0
2021-11-26 08:00:00,28367.335,18.7,33.3,405.0,84,883.9,11.4,2785.44,1846.0,0.0,0
2021-11-26 09:00:00,28589.385,20.0,34.1,521.0,100,884.2,11.3,2785.44,1846.0,0.0,0
2021-11-26 10:00:00,28763.98,21.6,32.2,487.0,100,883.9,10.8,2785.44,1846.0,0.0,0
2021-11-26 11:00:00,28885.535,22.7,31.9,446.0,100,883.6,10.7,2785.44,1846.0,0.0,0
2021-11-26 12:00:00,28750.814,23.5,29.6,484.0,100,883.5,10.7,2785.44,1846.0,0.0,0
2021-11-26 13:00:00,28723.913,23.6,28.5,415.0,100,883.1,11.0,2785.44,1846.0,0.0,0
2021-11-26 14:00:00,28781.528,21.1,28.9,275.0,43,883.5,12.1,2785.44,1846.0,0.0,0
2021-11-26 15:00:00,29048.73,21.3,30.7,186.0,100,882.7,11.0,2785.44,1845.0,0.0,0
2021-11-26 16:00:00,29361.008,21.2,34.4,209.0,100,882.2,11.3,2785.44,1845.0,0.0,0
2021-11-26 17:00:00,28811.876,20.5,31.8,124.0,100,881.7,11.6,2785.44,1845.0,0.0,0
2021-11-26 18:00:00,28397.701,20.3,30.1,96.0,92,881.1,11.9,2785.44,1845.0,0.0,0
2021-11-26 19:00:00,29225.997,19.3,26.5,38.0,100,881.4,12.2,2785.44,1845.0,0.0,0
2021-11-26 20:00:00,28138.95,19.0,27.5,0.0,100,881.6,12.1,2785.44,1845.0,0.0,0
2021-11-26 21:00:00,26384.14,18.9,34.1,0.0,11,880.9,12.1,2785.44,1845.0,0.0,0
2021-11-26 22:00:00,24729.982,18.2,34.5,0.0,54,880.5,12.8,2785.44,1845.0,0.0,0
2021-11-26 23:00:00,23397.56,18.0,34.0,0.0,8,880.5,13.5,2785.44,1845.0,0.0,0
2021-11-27 00:00:00,22546.421,17.7,32.2,0.0,94,879.6,13.7,2785.44,1844.0,0.0,0
2021-11-27 01:00:00,21985.707,17.5,32.4,0.0,100,878.8,13.7,2785.44,1844.0,0.0,0
2021-11-27 02:00:00,21692.932,17.1,28.7,0.0,84,879.0,13.4,2785.44,1845.0,0.0,0
2021-11-27 03:00:00,21901.539,16.9,24.1,0.0,38,879.3,13.2,2785.44,1844.0,0.0,0
2021-11-27 04:00:00,22360.625,16.6,23.9,0.0,87,879.6,12.9,2785.44,1845.0,0.0,0
2021-11-27 05:00:00,22937.059,16.4,28.4,0.0,99,879.5,12.5,2785.44,1844.0,0.0,0
2021-11-27 06:00:00,24141.91,16.7,28.5,23.0,44,880.0,12.6,2785.44,1845.0,0.0,0
2021-11-27 07:00:00,26192.481,18.0,28.2,181.0,9,881.0,12.7,2785.44,1844.0,0.0,0
2021-11-27 08:00:00,27762.828,19.5,38.9,423.0,12,881.5,12.6,2785.44,1844.0,0.0,0
2021-11-27 09:00:00,28585.439,21.8,41.2,619.0,100,881.8,12.4,2785.44,1844.0,0.0,0
2021-11-27 10:00:00,28475.863,23.5,39.2,653.0,99,881.7,12.1,2785.44,1844.0,0.0,0
2021-11-27 11:00:00,28758.348,25.3,37.6,754.0,56,881.0,12.1,2785.44,1843.0,0.0,0
2021-11-27 12:00:00,28471.84,26.0,37.3,796.0,68,880.4,11.9,2785.44,1843.0,0.0,0
2021-11-27 13:00:00,28000.183,28.0,34.4,877.0,100,879.6,11.0,2785.44,1842.0,0.0,0
2021-11-27 14:00:00,27654.102,28.3,38.7,697.0,74,879.5,5.8,2785.44,1842.0,0.0,0
2021-11-27 15:00:00,27526.853,26.9,39.9,637.0,50,878.8,6.9,2785.44,1841.0,0.0,0
2021-11-27 16:00:00,27671.505,26.4,39.6,522.0,48,878.2,8.3,2785.44,1841.0,0.0,0
2021-11-27 17:00:00,27453.446,27.0,36.4,390.0,3,877.7,6.5,2785.44,1841.0,0.0,0
2021-11-27 18:00:00,27984.016,27.4,24.9,258.0,0,877.6,2.3,2785.44,1841.0,0.0,0
2021-11-27 19:00:00,28329.179,24.0,21.7,67.0,0,877.9,-0.3,2785.44,1841.0,0.0,0
2021-11-27 20:00:00,27151.904,21.0,15.3,0.0,0,877.9,0.9,2785.44,1841.0,0.0,0
2021-11-27 21:00:00,25546.697,19.5,13.0,0.0,0,878.0,0.0,2785.44,1841.0,0.0,0
2021-11-27 22:00:00,23883.916,18.3,10.5,0.0,0,878.1,-1.0,2785.44,1841.0,0.0,0
2021-11-27 23:00:00,22360.582,16.4,9.3,0.0,0,877.4,-1.2,2785.44,1841.0,0.0,0
2021-11-28 00:00:00,21618.829,13.4,7.6,0.0,0,877.2,-0.8,2785.44,1841.0,0.0,0
2021-11-28 01:00:00,20963.102,13.9,8.4,0.0,0,876.9,8.0,2785.44,1841.0,0.0,0
2021-11-28 02:00:00,20703.315,13.3,10.8,0.0,0,876.2,12.0,2785.44,1841.0,0.0,0
2021-11-28 03:00:00,20741.071,13.2,10.1,0.0,0,876.3,11.9,2785.44,1842.0,0.0,0
2021-11-28 04:00:00,21296.084,12.8,11.7,0.0,0,876.8,11.6,2785.44,1842.0,0.0,0
2021-11-28 05:00:00,21640.453,12.7,9.0,0.0,0,877.1,11.8,2785.44,1842.0,0.0,0
2021-11-28 06:00:00,22739.068,13.7,11.2,30.0,0,878.0,13.0,2785.44,1843.0,0.0,0
2021-11-28 07:00:00,24696.711,16.8,12.4,213.0,16,879.8,14.0,2785.44,1842.0,0.0,0
2021-11-28 08:00:00,26289.129,19.6,16.6,392.0,23,880.8,13.3,2785.44,1842.0,0.0,0
2021-11-28 09:00:00,27113.201,21.5,21.7,569.0,30,881.0,12.8,2785.44,1842.0,0.0,0
2021-11-28 10:00:00,26911.355,23.2,24.6,784.0,52,881.0,12.3,2785.44,1842.0,0.0,0
2021-11-28 11:00:00,26699.447,25.3,23.5,844.0,36,881.0,10.9,2785.44,1842.0,0.0,0
2021-11-28 12:00:00,26166.302,28.2,26.2,981.0,31,880.7,8.0,2785.44,1842.0,0.0,0
2021-11-28 13:00:00,25712.444,29.4,25.6,839.0,49,879.9,5.2,2785.44,1841.0,0.0,0
2021-11-28 14:00:00,25397.733,29.7,21.4,951.0,2,879.9,2.0,2785.44,1841.0,0.0,0
2021-11-28 15:00:00,25161.912,30.5,24.0,917.0,0,879.3,-0.8,2785.44,1841.0,0.0,0
2021-11-28 16:00:00,25403.458,30.2,21.4,741.0,0,878.9,-3.1,2785.44,1840.0,0.0,0
2021-11-28 17:00:00,25457.167,29.7,18.7,525.0,0,878.7,-4.3,2785.44,1838.0,0.0,0
2021-11-28 18:00:00,25990.716,27.8,19.0,286.0,0,878.6,-4.8,2785.44,1840.0,0.0,0
2021-11-28 19:00:00,27549.941,24.2,15.5,70.0,0,878.4,-4.1,2785.44,1840.0,0.0,0
2021-11-28 20:00:00,26383.745,21.8,14.3,0.0,0,878.4,-2.3,2785.44,1840.0,0.0,0
2021-11-28 21:00:00,24993.264,19.9,11.7,0.0,0,878.7,-0.4,2785.44,1840.0,0.0,0
2021-11-28 22:00:00,23240.273,18.3,9.3,0.0,0,878.8,0.9,2785.44,1840.0,0.0,0
2021-11-28 23:00:00,22022.138,16.9,11.9,0.0,0,879.1,2.5,2785.44,1840.0,0.0,0
2021-11-29 00:00:00,21262.421,16.0,11.9,0.0,0,879.1,4.2,2785.44,1840.0,0.0,0
2021-11-29 01:00:00,20869.149,15.4,12.0,0.0,0,878.5,4.9,2785.44,1840.0,0.0,0
2021-11-29 02:00:00,20753.992,14.0,7.6,0.0,0,877.8,4.8,2785.44,1841.0,0.0,0
2021-11-29 03:00:00,21101.262,13.1,7.4,0.0,2,877.2,5.0,2785.44,1841.0,0.0,0
2021-11-29 04:00:00,22291.709,12.4,8.7,0.0,2,876.7,5.1,2785.44,1841.0,0.0,0
2021-11-29 05:00:00,24577.402,11.9,9.7,0.0,5,876.8,5.0,2785.44,1841.0,0.0,0
2021-11-29 06:00:00,25471.846,13.8,5.0,30.0,9,877.9,5.2,2785.44,1841.0,0.0,0
2021-11-29 07:00:00,26078.612,18.6,5.4,215.0,9,880.6,5.6,2785.44,1842.0,0.0,0
2021-11-29 08:00:00,26936.883,22.6,6.5,457.0,0,882.4,3.5,2785.44,1842.0,0.0,0
2021-11-29 09:00:00,27389.942,24.5,7.9,688.0,0,883.0,2.4,2785.44,1842.0,0.0,0
2021-11-29 10:00:00,27695.231,26.4,9.9,885.0,0,883.1,-0.6,2785.44,1841.0,0.0,0
2021-11-29 11:00:00,27614.715,27.9,11.0,1032.0,0,883.1,-1.8,2785.44,1841.0,0.0,0
2021-11-29 12:00:00,27719.024,29.0,10.7,1113.0,0,882.9,-1.3,2785.44,1840.0,0.0,0
2021-11-29 13:00:00,27710.62,30.3,10.3,1123.0,0,882.3,-2.2,2785.44,1839.0,0.0,0
2021-11-29 14:00:00,27895.461,31.5,13.7,1061.0,0,881.4,-3.3,2785.44,1838.0,0.0,0
2021-11-29 15:00:00,28335.141,33.5,8.5,930.0,0,880.6,-7.9,2785.44,1837.0,0.0,0
2021-11-29 16:00:00,28847.869,33.5,23.5,753.0,0,879.8,-10.8,2785.44,1836.0,0.0,0
2021-11-29 17:00:00,28605.729,32.4,20.9,534.0,0,879.8,-10.1,2785.44,1835.0,0.0,0
2021-11-29 18:00:00,28473.443,31.7,11.4,291.0,0,879.4,-9.5,2785.44,1835.0,0.0,0
2021-11-29 19:00:00,29259.882,27.6,14.5,73.0,0,878.3,-5.5,2785.44,1836.0,0.0,0
2021-11-29 20:00:00,27947.289,25.1,11.0,0.0,0,878.0,-4.6,2785.44,1836.0,0.0,0
2021-11-29 21:00:00,25916.189,22.3,8.1,0.0,0,877.7,-3.1,2785.44,1837.0,0.0,0
2021-11-29 22:00:00,23675.302,21.2,10.5,0.0,0,877.8,-1.4,2785.44,1837.0,0.0,0
2021-11-29 23:00:00,22541.272,19.5,8.1,0.0,0,876.8,0.4,2785.44,1837.0,0.0,0
2021-11-30 00:00:00,21995.928,19.1,10.5,0.0,1,876.2,3.1,2785.44,1837.0,0.0,0
2021-11-30 01:00:00,21658.161,19.7,12.1,0.0,0,876.0,3.0,2785.44,1838.0,0.0,0
2021-11-30 02:00:00,21589.722,16.8,12.6,0.0,19,876.7,5.3,2785.44,1838.0,0.0,0
2021-11-30 03:00:00,21821.215,14.7,6.5,0.0,0,875.6,6.7,2785.44,1838.0,0.0,0
2021-11-30 04:00:00,22931.215,14.8,7.2,0.0,0,875.4,6.4,2785.44,1839.0,0.0,0
2021-11-30 05:00:00,24711.563,15.4,9.7,0.0,0,875.6,5.0,2785.44,1838.0,0.0,0
2021-11-30 06:00:00,25702.563,16.7,15.3,30.0,0,877.1,5.4,2785.44,1838.0,0.0,0
2021-11-30 07:00:00,26456.683,20.3,11.3,209.0,0,879.4,7.1,2785.44,1838.0,0.0,0
2021-11-30 08:00:00,27148.757,23.6,13.4,441.0,0,880.8,8.7,2785.44,1838.0,0.0,0
2021-11-30 09:00:00,27361.415,26.1,13.0,664.0,0,881.5,8.7,2785.44,1838.0,0.0,0
2021-11-30 10:00:00,27722.459,28.1,13.5,853.0,0,882.0,9.0,2785.44,1838.0,0.0,0
2021-11-30 11:00:00,27851.078,29.7,13.8,996.0,4,882.2,7.9,2785.44,1838.0,0.0,0
2021-11-30 12:00:00,27683.694,31.1,15.7,1036.0,10,882.0,6.0,2785.44,1837.0,0.0,0
2021-11-30 13:00:00,27578.389,32.1,16.4,1051.0,2,881.5,4.4,2785.44,1836.0,0.0,0
2021-11-30 14:00:00,27657.736,33.8,18.8,1014.0,1,880.7,-1.3,2785.44,1836.0,0.0,0
2021-11-30 15:00:00,27868.756,34.0,12.1,876.0,2,880.1,-1.7,2785.44,1835.0,0.0,0
2021-11-30 16:00:00,28244.673,34.0,11.2,707.0,16,879.6,-2.1,2785.44,1834.0,0.0,0
2021-11-30 17:00:00,27887.857,33.6,16.3,461.0,16,878.7,-3.8,2785.44,1833.0,0.0,0
2021-11-30 18:00:00,27666.732,32.6,20.0,257.0,23,878.8,-6.1,2785.44,1832.0,0.0,0
2021-11-30 19:00:00,28654.201,29.6,15.8,65.0,0,878.7,-5.3,2785.44,1832.0,0.0,0
2021-11-30 20:00:00,27568.71,26.9,12.9,0.0,0,878.8,-4.4,2785.44,1833.0,0.0,0
2021-11-30 21:00:00,25568.026,24.1,8.6,0.0,0,878.6,-3.6,2785.44,1834.0,0.0,0
2021-11-30 22:00:00,24043.535,22.8,10.3,0.0,0,878.9,-1.7,2785.44,1834.0,0.0,0
2021-11-30 23:00:00,22801.651,19.4,9.2,0.0,0,877.8,-0.6,2785.44,1834.0,0.0,0
2021-12-01 00:00:00,21974.719,18.0,10.1,0.0,0,876.9,-0.4,2785.44,1835.0,0.0,0
2021-12-01 01:00:00,21708.765,17.7,9.0,0.0,0,876.1,-1.6,2785.44,1835.0,0.0,0
2021-12-01 02:00:00,21571.574,17.6,8.0,0.0,0,877.0,-1.8,2785.44,1836.0,0.0,0
2021-12-01 03:00:00,21842.705,15.6,6.5,0.0,0,876.1,-1.1,2785.44,1836.0,0.0,0
2021-12-01 04:00:00,23124.594,18.0,5.0,0.0,0,877.2,-0.3,2785.44,1836.0,0.0,0
2021-12-01 05:00:00,24680.842,17.2,6.6,0.0,0,877.0,-1.2,2785.44,1836.0,0.0,0
2021-12-01 06:00:00,25522.116,16.5,7.0,30.0,0,877.1,-0.9,2785.44,1836.0,0.0,0
2021-12-01 07:00:00,26171.513,21.2,3.7,217.0,0,879.7,-1.7,2785.44,1836.0,0.0,0
2021-12-01 08:00:00,26909.846,25.1,1.6,459.0,0,881.1,-6.5,2785.44,1837.0,0.0,0
2021-12-01 09:00:00,26993.375,28.0,6.2,693.0,0,881.6,-8.0,2785.44,1837.0,0.0,0
2021-12-01 10:00:00,27157.073,30.3,11.5,890.0,0,881.9,-6.0,2785.44,1836.0,0.0,0
2021-12-01 11:00:00,27392.733,31.9,16.5,1035.0,0,881.9,-5.0,2785.44,1835.0,0.0,0
2021-12-01 12:00:00,27143.151,33.1,18.1,1117.0,0,881.7,-4.5,2785.44,1834.0,0.0,0
2021-12-01 13:00:00,27190.671,34.5,18.6,1129.0,0,881.0,-7.2,2785.44,1833.0,0.0,0
2021-12-01 14:00:00,27121.261,35.5,10.9,1069.0,0,879.9,-7.7,2785.44,1833.0,0.0,0
2021-12-01 15:00:00,27643.359,36.8,31.6,937.0,0,878.5,-8.5,2785.44,1832.0,0.0,0
2021-12-01 16:00:00,28067.755,36.0,21.3,704.0,20,878.0,-9.2,2785.44,1831.0,0.0,0
2021-12-01 17:00:00,27976.386,35.7,28.4,414.0,41,876.9,-9.6,2785.44,1831.0,0.0,0
2021-12-01 18:00:00,27907.621,34.6,19.8,259.0,81,876.8,-7.6,2785.44,1832.0,0.0,0
2021-12-01 19:00:00,28532.943,31.2,10.6,68.0,38,876.3,-4.9,2785.44,1832.0,0.0,0
2021-12-01 20:00:00,27492.947,29.2,12.8,0.0,44,876.3,-3.7,2785.44,1832.0,0.0,0
2021-12-01 21:00:00,25555.598,26.3,8.2,0.0,92,876.6,-1.5,2785.44,1832.0,0.0,0
2021-12-01 22:00:00,23886.422,25.6,6.1,0.0,100,877.1,0.8,2785.44,1833.0,0.0,0
2021-12-01 23:00:00,22996.285,25.6,10.6,0.0,100,878.0,3.9,2785.44,1834.0,0.0,0
2021-12-02 00:00:00,22214.435,26.6,27.6,0.0,98,879.1,5.4,2785.44,1836.0,0.0,0
2021-12-02 01:00:00,21863.362,25.2,17.9,0.0,75,878.6,8.2,2785.44,1837.0,0.0,0
2021-12-02 02:00:00,21848.351,23.2,10.0,0.0,57,879.9,10.3,2785.44,1838.0,0.0,0
2021-12-02 03:00:00,22027.903,21.6,13.0,0.0,6,879.2,10.6,2785.44,1838.0,0.0,0
2021-12-02 04:00:00,23190.212,19.9,17.4,0.0,1,878.5,11.7,2785.44,1838.0,0.0,0
2021-12-02 05:00:00,24482.982,18.7,18.8,0.0,35,878.7,12.9,2785.44,1837.0,0.0,0
2021-12-02 06:00:00,25582.694,18.6,18.4,28.0,7,879.4,13.5,2785.44,1837.0,0.0,0
2021-12-02 07:00:00,26587.061,20.6,22.3,199.0,4,880.5,13.1,2785.44,1837.0,0.0,0
2021-12-02 08:00:00,27658.28,23.2,24.9,425.0,10,881.2,12.6,2785.44,1837.0,0.0,0
2021-12-02 09:00:00,27873.04,25.8,26.2,638.0,8,881.6,12.4,2785.44,1837.0,0.0,0
2021-12-02 10:00:00,28146.896,28.1,25.6,824.0,34,881.6,12.0,2785.44,1838.0,0.0,0
2021-12-02 11:00:00,28118.285,29.3,24.1,808.0,23,881.2,11.7,2785.44,1838.0,0.0,0
2021-12-02 12:00:00,28006.235,30.7,26.1,953.0,26,880.9,11.4,2785.44,1838.0,0.0,0
2021-12-02 13:00:00,27878.35,32.2,25.7,1029.0,100,880.0,11.8,2785.44,1838.0,0.0,0
2021-12-02 14:00:00,28027.614,28.1,11.9,245.0,68,879.4,11.1,2785.44,1838.0,0.0,0
2021-12-02 15:00:00,28278.803,31.7,26.6,686.0,56,879.7,6.7,2785.44,1838.0,0.0,0
2021-12-02 16:00:00,28477.901,31.9,26.5,524.0,73,879.0,6.3,2785.44,1838.0,0.0,0
2021-12-02 17:00:00,28255.792,29.4,29.2,375.0,39,878.8,7.4,2785.44,1838.0,0.0,0
2021-12-02 18:00:00,28249.739,29.4,11.9,239.0,32,879.0,7.6,2785.44,1838.0,0.0,0
2021-12-02 19:00:00,29001.586,27.3,10.7,63.0,19,878.9,7.4,2785.44,1837.0,0.0,0
2021-12-02 20:00:00,27666.056,24.1,8.0,0.0,99,878.8,8.3,2785.44,1838.0,0.0,0
2021-12-02 21:00:00,26256.477,25.1,14.3,0.0,43,879.8,8.6,2785.44,1838.0,0.0,0
2021-12-02 22:00:00,24239.105,24.5,13.6,0.0,72,880.0,8.8,2785.44,1839.0,0.0,0
2021-12-02 23:00:00,23000.004,22.6,9.0,0.0,8,880.4,8.9,2785.44,1840.0,0.0,0
2021-12-03 00:00:00,22536.311,19.2,7.6,0.0,0,879.0,8.0,2785.44,1840.0,0.0,0
2021-12-03 01:00:00,22077.812,18.2,9.2,0.0,27,878.6,8.9,2785.44,1841.0,0.0,0
2021-12-03 02:00:00,21921.836,19.2,4.5,0.0,29,880.3,2.5,2785.44,1841.0,0.0,0
2021-12-03 03:00:00,22011.871,19.3,5.4,0.0,30,879.7,0.9,2785.44,1841.0,0.0,0
2021-12-03 04:00:00,22942.181,18.9,4.2,0.0,18,879.3,0.5,2785.44,1841.0,0.0,0
2021-12-03 05:00:00,24533.693,18.6,1.8,0.0,95,879.7,0.7,2785.44,1841.0,0.0,0
2021-12-03 06:00:00,25512.27,17.1,2.7,27.0,87,879.6,7.2,2785.44,1841.0,0.0,0
2021-12-03 07:00:00,26726.138,20.3,0.5,186.0,100,881.5,3.3,2785.44,1841.0,0.0,0
2021-12-03 08:00:00,27927.967,21.1,0.4,170.0,100,882.3,1.2,2785.44,1841.0,0.0,0
2021-12-03 09:00:00,28010.096,24.4,2.2,521.0,100,883.1,-0.7,2785.44,1841.0,0.0,0
2021-12-03 10:00:00,28191.96,26.0,4.8,588.0,100,883.4,2.7,2785.44,1841.0,0.0,0
2021-12-03 11:00:00,28060.117,26.9,10.5,566.0,100,883.7,6.3,2785.44,1841.0,0.0,0
2021-12-03 12:00:00,28030.581,26.9,11.6,442.0,100,883.3,9.6,2785.44,1841.0,0.0,0
2021-12-03 13:00:00,27640.507,26.4,10.5,243.0,100,882.5,10.9,2785.44,1841.0,0.0,0
2021-12-03 14:00:00,27552.953,28.9,9.8,356.0,100,882.1,12.2,2785.44,1841.0,0.0,0
2021-12-03 15:00:00,27564.133,29.2,18.1,478.0,100,881.5,12.0,2785.44,1842.0,0.0,0
2021-12-03 16:00:00,27595.728,27.1,14.4,258.0,100,880.9,11.4,2785.44,1842.0,0.0,0
2021-12-03 17:00:00,27173.427,26.1,14.8,214.0,97,880.9,11.3,2785.44,1841.0,0.0,0
2021-12-03 18:00:00,27308.413,24.4,8.1,160.0,96,880.9,11.8,2785.44,1842.0,0.0,0
2021-12-03 19:00:00,27975.729,20.6,17.8,17.0,92,880.8,14.8,2785.44,1842.0,0.0,0
2021-12-03 20:00:00,27277.036,19.2,14.0,0.0,100,880.5,16.6,2785.44,1842.0,0.0,0
2021-12-03 21:00:00,25605.658,19.6,8.6,0.0,100,880.4,17.0,2785.44,1841.0,0.0,0
2021-12-03 22:00:00,24015.926,18.9,6.5,0.0,100,881.1,17.0,2785.44,1841.0,0.0,0
2021-12-03 23:00:00,23031.814,18.9,9.5,0.0,99,881.1,17.3,2785.44,1841.0,0.0,0
2021-12-04 00:00:00,22498.136,18.4,4.4,0.0,100,881.5,17.3,2921.37,1841.0,0.0,0
2021-12-04 01:00:00,21962.651,18.2,3.7,0.0,100,880.4,17.0,2921.37,1842.0,0.0,0
2021-12-04 02:00:00,21946.635,17.7,3.9,0.0,100,879.5,14.9,2921.37,1841.0,0.0,0
2021-12-04 03:00:00,21904.632,17.4,5.5,0.0,100,879.6,15.7,2921.37,1842.0,0.0,0
2021-12-04 04:00:00,22241.822,17.4,8.7,0.0,100,879.3,16.3,2921.37,1842.0,0.0,0
2021-12-04 05:00:00,22642.048,17.5,8.3,0.0,100,879.8,16.5,2921.37,1842.0,0.0,0
2021-12-04 06:00:00,23635.903,17.4,11.6,3.0,100,879.4,16.5,2921.37,1842.0,0.0,0
2021-12-04 07:00:00,25251.439,18.1,12.5,49.0,100,880.1,16.7,2921.37,1842.0,0.0,0
2021-12-04 08:00:00,26958.549,19.4,18.5,164.0,100,880.7,16.3,2921.37,1842.0,0.0,0
2021-12-04 09:00:00,27489.885,20.2,18.2,211.0,100,880.9,16.2,2921.37,1842.0,0.0,0
2021-12-04 10:00:00,27336.22,20.2,17.2,198.0,100,880.9,16.8,2921.37,1842.0,0.0,0
2021-12-04 11:00:00,27146.561,19.6,16.3,175.0,100,880.6,17.3,2921.37,1843.0,0.0,0
2021-12-04 12:00:00,26986.876,19.8,17.8,168.0,100,880.2,17.2,2921.37,1844.0,0.0,0
2021-12-04 13:00:00,26457.624,19.8,14.6,211.0,100,879.6,17.9,2921.37,1844.0,0.0,0
2021-12-04 14:00:00,25971.533,18.3,18.4,255.0,100,880.6,16.6,2921.37,1844.0,0.0,0
2021-12-04 15:00:00,26262.327,18.5,18.6,152.0,100,880.0,16.9,2921.37,1844.0,0.0,0
2021-12-04 16:00:00,26599.366,18.2,20.9,101.0,100,878.2,16.1,2921.37,1844.0,0.0,0
2021-12-04 17:00:00,27061.344,18.6,17.9,99.0,100,878.0,16.0,2921.37,1844.0,0.0,0
2021-12-04 18:00:00,27153.518,18.9,15.6,140.0,100,878.6,15.9,2921.37,1844.0,0.0,0
2021-12-04 19:00:00,27249.425,18.2,15.9,39.0,100,878.7,15.8,2921.37,1843.0,0.0,0
2021-12-04 20:00:00,25867.727,17.9,16.1,0.0,100,878.9,15.7,2921.37,1843.0,0.0,0
2021-12-04 21:00:00,24494.825,17.8,17.7,0.0,100,879.2,15.8,2921.37,1843.0,0.0,0
2021-12-04 22:00:00,23142.515,17.7,18.0,0.0,100,879.3,15.7,2921.37,1843.0,0.0,2
2021-12-04 23:00:00,21911.357,17.5,18.4,0.0,99,879.1,15.6,2921.37,1843.0,0.0,2
2021-12-05 00:00:00,21725.558,17.2,17.2,0.0,99,878.9,15.6,2921.37,1843.0,0.0,2
2021-12-05 01:00:00,21187.965,17.2,17.1,0.0,100,878.6,15.5,2921.37,1843.0,0.0,2
2021-12-05 02:00:00,20879.117,16.5,20.3,0.0,99,878.2,14.3,2921.37,1844.0,0.0,2
2021-12-05 03:00:00,20780.317,16.4,19.7,0.0,81,877.7,14.2,2921.37,1844.0,0.0,2
2021-12-05 04:00:00,21075.757,15.9,18.1,0.0,90,877.7,14.1,2921.37,1844.0,0.0,2
2021-12-05 05:00:00,21543.493,15.9,17.4,0.0,100,877.7,14.2,2921.37,1844.0,0.0,2
2021-12-05 06:00:00,22695.072,16.7,16.9,19.0,69,878.5,14.4,2921.37,1844.0,0.0,2
2021-12-05 07:00:00,24544.664,18.2,15.6,154.0,99,879.1,14.9,2921.37,1844.0,0.0,2
2021-12-05 08:00:00,25904.105,19.9,23.5,328.0,91,879.7,14.7,2921.37,1844.0,0.0,2
2021-12-05 09:00:00,26684.522,20.5,26.6,438.0,97,879.9,14.3,2921.37,1843.0,0.0,2
2021-12-05 10:00:00,26734.006,21.6,21.7,610.0,99,880.1,15.3,2921.37,1843.0,0.0,2
2021-12-05 11:00:00,26595.476,23.7,24.9,728.0,100,880.0,15.3,2921.37,1843.0,0.0,2
2021-12-05 12:00:00,26425.517,24.1,26.0,483.0,50,878.9,16.2,2921.37,1843.0,0.0,2
2021-12-05 13:00:00,26413.23,20.7,19.1,683.0,100,878.4,15.2,2921.37,1843.0,0.0,2
2021-12-05 14:00:00,26150.433,24.4,31.1,504.0,99,878.0,12.4,2921.37,1843.0,0.0,2
2021-12-05 15:00:00,26035.48,23.8,23.7,347.0,100,877.8,13.6,2921.37,1842.0,0.0,2
2021-12-05 16:00:00,26347.374,23.1,20.4,406.0,100,877.4,12.7,2921.37,1842.0,0.0,2
2021-12-05 17:00:00,26937.331,17.7,25.3,210.0,100,877.0,14.1,2921.37,1842.0,0.0,2
2021-12-05 18:00:00,27519.351,17.5,14.9,142.0,100,876.2,14.2,2921.37,1842.0,0.0,2
2021-12-05 19:00:00,27963.993,18.1,14.8,53.0,47,876.7,14.4,2921.37,1842.0,0.0,2
2021-12-05 20:00:00,26947.435,17.3,13.2,0.0,92,876.9,14.8,2921.37,1842.0,0.0,2
2021-12-05 21:00:00,24781.643,17.1,13.1,0.0,63,877.7,15.4,2921.37,1842.0,0.0,2
2021-12-05 22:00:00,23114.868,16.3,11.8,0.0,65,878.2,15.2,2921.37,1842.0,0.0,0
2021-12-05 23:00:00,21914.371,15.5,11.5,0.0,0,878.8,11.5,2921.37,1843.0,0.0,0
2021-12-06 00:00:00,21161.3,13.1,7.6,0.0,0,877.8,8.8,2921.37,1843.0,0.0,0
2021-12-06 01:00:00,20696.243,11.9,8.8,0.0,0,877.2,8.4,2921.37,1844.0,0.0,0
2021-12-06 02:00:00,20515.21,13.4,6.5,0.0,0,877.5,11.1,2921.37,1844.0,0.0,0
2021-12-06 03:00:00,20786.2,12.1,6.2,0.0,0,877.0,10.5,2921.37,1844.0,0.0,0
2021-12-06 04:00:00,21877.021,11.5,6.3,0.0,0,876.5,9.6,2921.37,1843.0,0.0,0
2021-12-06 05:00:00,23426.108,10.8,6.1,0.0,0,876.6,8.7,2921.37,1844.0,0.0,0
2021-12-06 06:00:00,24835.115,11.8,6.9,29.0,0,878.0,8.5,2921.37,1844.0,0.0,0
2021-12-06 07:00:00,26106.005,14.3,6.1,208.0,0,879.9,8.2,2921.37,1844.0,0.0,0
2021-12-06 08:00:00,27172.448,16.4,6.4,443.0,0,881.1,8.0,2921.37,1844.0,0.0,0
2021-12-06 09:00:00,27532.324,18.1,7.6,671.0,0,881.9,8.3,2921.37,1843.0,0.0,0
2021-12-06 10:00:00,27578.2,19.5,7.6,864.0,0,882.3,8.5,2921.37,1843.0,0.0,0
2021-12-06 11:00:00,27624.269,20.9,10.5,1009.0,13,882.8,9.1,2921.37,1842.0,0.0,0
2021-12-06 12:00:00,27363.549,22.1,13.7,994.0,5,882.6,8.6,2921.37,1843.0,0.0,0
2021-12-06 13:00:00,27044.164,23.2,14.1,1078.0,4,882.6,8.8,2921.37,1843.0,0.0,0
2021-12-06 14:00:00,27295.886,24.3,13.2,1021.0,2,881.6,8.8,2921.37,1843.0,0.0,0
2021-12-06 15:00:00,27846.399,24.8,12.2,891.0,1,881.4,8.9,2921.37,1843.0,0.0,0
2021-12-06 16:00:00,27999.176,24.5,10.4,682.0,0,880.8,8.4,2921.37,1843.0,0.0,0
2021-12-06 17:00:00,27682.251,25.4,10.1,519.0,0,880.5,6.8,2921.37,1842.0,0.0,0
2021-12-06 18:00:00,28045.547,24.1,12.6,298.0,0,880.2,7.9,2921.37,1842.0,0.0,0
2021-12-06 19:00:00,29296.395,20.3,8.1,84.0,0,879.7,9.3,2921.37,1842.0,0.0,0
2021-12-06 20:00:00,28328.299,17.7,8.0,0.0,0,879.4,9.2,2921.37,1841.0,0.0,0
2021-12-06 21:00:00,26279.398,16.4,7.4,0.0,0,879.6,9.7,2921.37,1841.0,0.0,0
2021-12-06 22:00:00,23948.119,14.8,10.1,0.0,0,879.5,10.0,2921.37,1841.0,0.0,0
2021-12-06 23:00:00,22692.678,14.2,8.7,0.0,0,879.6,9.9,2921.37,1841.0,0.0,0
2021-12-07 00:00:00,21994.315,14.3,5.5,0.0,0,879.7,9.8,2921.37,1841.0,0.0,0
2021-12-07 01:00:00,21635.284,15.4,2.9,0.0,0,879.9,9.8,2921.37,1841.0,0.0,0
2021-12-07 02:00:00,21393.318,13.4,8.4,0.0,0,878.7,9.2,2921.37,1841.0,0.0,0
2021-12-07 03:00:00,21502.422,13.2,7.6,0.0,0,878.6,8.8,2921.37,1842.0,0.0,0
2021-12-07 04:00:00,22515.681,12.8,6.0,0.0,0,878.6,8.5,2921.37,1842.0,0.0,0
2021-12-07 05:00:00,24168.39,15.1,3.0,0.0,0,880.0,8.4,2921.37,1842.0,0.0,0
2021-12-07 06:00:00,24851.112,13.5,4.8,29.0,0,880.1,9.6,2921.37,1843.0,0.0,0
2021-12-07 07:00:00,25880.814,16.2,5.2,210.0,0,881.9,10.9,2921.37,1843.0,0.0,0
2021-12-07 08:00:00,26894.605,19.2,4.0,446.0,0,883.6,10.9,2921.37,1842.0,0.0,0
2021-12-07 09:00:00,27122.036,21.9,5.4,676.0,0,884.2,10.7,2921.37,1842.0,0.0,0
2021-12-07 10:00:00,27189.898,24.0,7.4,874.0,0,884.6,8.8,2921.37,1842.0,0.0,0
2021-12-07 11:00:00,27322.194,25.6,9.3,1020.0,0,884.7,7.2,2921.37,1842.0,0.0,0
2021-12-07 12:00:00,27073.848,26.8,10.2,1101.0,34,884.5,6.9,2921.37,1842.0,0.0,0
2021-12-07 13:00:00,26960.688,27.7,12.7,1112.0,36,884.3,6.9,2921.37,1842.0,0.0,0
2021-12-07 14:00:00,27087.778,28.9,15.5,1054.0,0,883.4,7.6,2921.37,1843.0,0.0,0
2021-12-07 15:00:00,27649.753,30.1,6.6,931.0,0,882.4,6.2,2921.37,1843.0,0.0,0
2021-12-07 16:00:00,27855.971,30.6,16.3,753.0,0,881.7,3.4,2921.37,1842.0,0.0,0
2021-12-07 17:00:00,27749.878,29.5,17.8,540.0,0,881.3,2.5,2921.37,1842.0,0.0,0
2021-12-07 18:00:00,27961.576,27.7,8.0,307.0,0,880.9,7.5,2921.37,1841.0,0.0,0
2021-12-07 19:00:00,28609.112,22.9,10.2,88.0,0,879.6,9.7,2921.37,1841.0,0.0,0
2021-12-07 20:00:00,27285.562,19.8,11.5,0.0,5,879.6,9.9,2921.37,1841.0,0.0,0
2021-12-07 21:00:00,25253.335,18.9,11.0,0.0,2,880.2,8.7,2921.37,1841.0,0.0,0
2021-12-07 22:00:00,23487.565,20.3,9.2,0.0,4,881.4,7.8,2921.37,1840.0,0.0,0
2021-12-07 23:00:00,22162.653,22.8,7.6,0.0,4,882.6,6.2,2921.37,1840.0,0.0,0
2021-12-08 00:00:00,21761.245,20.2,10.2,0.0,0,881.5,5.4,2921.37,1841.0,0.0,0
2021-12-08 01:00:00,21434.504,19.8,6.0,0.0,0,881.6,5.6,2921.37,1841.0,0.0,0
2021-12-08 02:00:00,21316.279,18.8,6.6,0.0,0,881.1,6.7,2921.37,1841.0,0.0,0
2021-12-08 03:00:00,21374.179,18.4,1.8,0.0,0,880.7,6.4,2921.37,1842.0,0.0,0
2021-12-08 04:00:00,22367.999,14.3,6.0,0.0,0,879.2,7.6,2921.37,1842.0,0.0,0
2021-12-08 05:00:00,23741.393,13.4,7.2,0.0,0,878.8,7.8,2921.37,1842.0,0.0,0
2021-12-08 06:00:00,24694.947,14.9,6.1,28.0,0,880.0,8.7,2921.37,1843.0,0.0,0
2021-12-08 07:00:00,25969.88,18.7,6.5,206.0,0,882.1,9.2,2921.37,1843.0,0.0,0
2021-12-08 08:00:00,27215.258,22.0,7.5,440.0,0,884.2,9.5,2921.37,1842.0,0.0,0
2021-12-08 09:00:00,27600.569,24.6,7.6,667.0,0,885.0,8.9,2921.37,1843.0,0.0,0
2021-12-08 10:00:00,27666.271,27.0,11.5,860.0,0,885.1,7.6,2921.37,1842.0,0.0,0
2021-12-08 11:00:00,27653.493,27.4,18.9,1000.0,37,885.3,10.9,2921.37,1843.0,8.0,0
2021-12-08 12:00:00,27552.606,28.4,15.5,983.0,63,885.0,12.1,2921.37,1846.0,0.0,0
2021-12-08 13:00:00,27212.591,28.9,10.8,947.0,97,884.5,12.7,2921.37,1846.0,0.0,0
2021-12-08 14:00:00,27464.341,30.5,16.7,672.0,91,883.8,10.1,2921.37,1848.0,0.0,0
2021-12-08 15:00:00,27745.141,30.4,13.6,691.0,15,883.2,9.9,2921.37,1847.0,0.0,0
2021-12-08 16:00:00,28181.75,29.6,13.5,643.0,80,882.5,9.8,2921.37,1847.0,0.0,0
2021-12-08 17:00:00,27989.296,27.7,7.6,431.0,32,881.7,12.7,2921.37,1844.0,0.0,0
2021-12-08 18:00:00,27930.466,27.5,5.5,260.0,60,881.6,12.8,2921.37,1844.0,0.0,0
2021-12-08 19:00:00,28707.099,24.6,6.3,55.0,27,880.7,12.9,2921.37,1844.0,0.0,0
2021-12-08 20:00:00,27517.077,22.9,11.8,0.0,61,880.8,11.8,2921.37,1844.0,0.0,0
2021-12-08 21:00:00,25381.226,21.6,8.4,0.0,43,880.8,11.3,2921.37,1843.0,0.0,0
2021-12-08 22:00:00,23567.655,20.1,8.7,0.0,38,880.4,11.8,2921.37,1843.0,0.0,0
2021-12-08 23:00:00,22406.938,18.9,8.4,0.0,70,880.1,12.5,2921.37,1843.0,0.0,0
2021-12-09 00:00:00,21747.394,19.0,16.1,0.0,100,881.4,13.2,2921.37,1843.0,0.0,0
2021-12-09 01:00:00,21561.788,19.1,8.8,0.0,86,879.9,12.7,2921.37,1843.0,0.0,0
2021-12-09 02:00:00,21630.072,16.8,17.7,0.0,100,880.7,14.2,2921.37,1844.0,0.0,0
2021-12-09 03:00:00,21992.592,16.9,20.1,0.0,100,881.1,14.3,2921.37,1844.0,0.0,0
2021-12-09 04:00:00,22803.832,16.9,18.1,0.0,100,881.5,14.3,2921.37,1845.0,0.0,0
2021-12-09 05:00:00,23989.293,16.8,22.5,0.0,100,880.7,14.1,2921.37,1845.0,0.0,0
2021-12-09 06:00:00,25214.994,17.5,25.4,8.0,86,880.7,14.1,2921.37,1844.0,0.0,0
2021-12-09 07:00:00,26502.036,19.0,20.3,159.0,12,882.0,14.8,2921.37,1845.0,0.0,0
2021-12-09 08:00:00,27470.237,21.5,20.9,407.0,6,883.1,15.7,2921.37,1845.0,0.0,0
2021-12-09 09:00:00,27498.318,24.1,21.8,624.0,0,883.4,15.5,2921.37,1844.0,0.0,0
2021-12-09 10:00:00,27632.384,27.0,24.9,836.0,0,883.5,14.3,2921.37,1844.0,0.0,0
2021-12-09 11:00:00,27392.094,29.1,28.6,981.0,99,883.5,12.7,2921.37,1843.0,0.0,0
2021-12-09 12:00:00,27221.275,28.7,23.8,769.0,36,883.2,13.2,2921.37,1843.0,0.0,0
2021-12-09 13:00:00,27111.082,30.6,22.5,937.0,26,882.6,12.7,2921.37,1843.0,0.0,0
2021-12-09 14:00:00,27342.454,22.8,11.5,928.0,100,881.5,14.8,2921.37,1842.0,0.0,0
2021-12-09 15:00:00,27591.146,27.9,15.2,727.0,43,881.6,12.8,2921.37,1842.0,0.0,0
2021-12-09 16:00:00,27864.521,28.1,6.7,650.0,35,881.6,11.9,2921.37,1842.0,0.0,0
2021-12-09 17:00:00,27367.324,27.4,14.0,465.0,89,880.9,11.9,2921.37,1843.0,0.0,0
2021-12-09 18:00:00,27722.693,27.2,10.4,213.0,69,880.6,11.8,2921.37,1843.0,0.0,0
2021-12-09 19:00:00,28804.023,24.4,6.7,82.0,35,879.9,12.6,2921.37,1843.0,0.0,0
2021-12-09 20:00:00,27598.959,21.9,7.4,0.0,18,879.1,13.3,2921.37,1843.0,0.0,0
2021-12-09 21:00:00,25866.973,21.2,7.1,0.0,18,879.2,12.3,2921.37,1844.0,0.0,0
2021-12-09 22:00:00,24064.122,20.5,7.8,0.0,95,879.3,11.9,2921.37,1844.0,0.0,0
2021-12-09 23:00:00,22919.959,21.1,8.4,0.0,29,879.4,11.9,2921.37,1844.0,0.0,0
2021-12-10 00:00:00,22091.09,19.7,9.2,0.0,1,877.8,12.1,2921.37,1844.0,0.0,0
2021-12-10 01:00:00,21845.304,19.8,12.7,0.0,9,878.1,11.8,2921.37,1844.0,0.0,0
2021-12-10 02:00:00,21577.206,18.3,11.4,0.0,48,879.4,11.1,2921.37,1844.0,0.0,0
2021-12-10 03:00:00,21748.792,17.9,11.5,0.0,0,879.3,10.9,2921.37,1844.0,0.0,0
2021-12-10 04:00:00,22697.99,17.2,14.0,0.0,0,879.7,11.0,2921.37,1845.0,0.0,0
2021-12-10 05:00:00,23963.979,17.0,17.7,0.0,0,879.4,11.6,2921.37,1844.0,0.0,0
2021-12-10 06:00:00,25030.692,17.6,19.8,26.0,0,880.0,12.2,2921.37,1845.0,0.0,0
2021-12-10 07:00:00,26476.247,20.0,17.5,198.0,6,881.5,13.2,2921.37,1845.0,0.0,0
2021-12-10 08:00:00,27521.377,23.0,19.4,423.0,0,882.6,13.9,2921.37,1844.0,0.0,0
2021-12-10 09:00:00,27676.764,25.7,20.5,646.0,0,883.0,14.1,2921.37,1845.0,0.0,0
2021-12-10 10:00:00,28033.173,28.1,19.9,838.0,2,882.9,13.8,2921.37,1844.0,0.0,0
2021-12-10 11:00:00,28014.174,30.2,20.0,978.0,41,882.7,12.5,2921.37,1844.0,0.0,0
2021-12-10 12:00:00,27766.811,30.0,14.1,873.0,86,882.6,10.2,2921.37,1842.0,0.0,0
2021-12-10 13:00:00,27441.49,30.0,18.1,894.0,93,882.1,12.6,2921.37,1841.0,0.0,0
2021-12-10 14:00:00,27381.014,26.2,17.5,409.0,91,882.0,12.9,2921.37,1841.0,0.0,0
2021-12-10 15:00:00,27544.513,29.7,13.7,694.0,65,881.2,9.1,2921.37,1840.0,0.0,0
2021-12-10 16:00:00,27343.412,30.4,13.2,695.0,68,880.4,9.6,2921.37,1840.0,0.0,0
2021-12-10 17:00:00,26788.729,28.4,23.1,457.0,89,880.1,9.5,2921.37,1840.0,0.0,0
2021-12-10 18:00:00,26540.349,26.8,14.4,222.0,100,880.3,11.8,2921.37,1839.0,0.0,0
2021-12-10 19:00:00,27827.842,22.9,17.1,39.0,100,880.2,12.4,2921.37,1838.0,0.0,0
2021-12-10 20:00:00,27117.824,21.8,5.4,0.0,96,879.8,13.7,2921.37,1838.0,0.0,0
2021-12-10 21:00:00,25600.67,20.6,5.4,0.0,100,879.5,14.2,2921.37,1838.0,0.0,0
2021-12-10 22:00:00,24198.163,19.8,7.3,0.0,100,878.8,14.1,2921.37,1838.0,0.0,0
2021-12-10 23:00:00,23171.985,20.9,13.5,0.0,100,878.5,12.7,2921.37,1838.0,0.0,0
2021-12-11 00:00:00,22266.508,20.6,13.8,0.0,79,877.9,12.1,2921.37,1838.0,0.0,0
2021-12-11 01:00:00,21730.603,20.0,17.5,0.0,100,877.7,12.2,2921.37,1837.0,0.0,0
2021-12-11 02:00:00,21511.398,18.3,11.5,0.0,98,877.6,11.8,2921.37,1837.0,0.0,0
2021-12-11 03:00:00,21720.445,18.1,11.4,0.0,100,877.4,11.8,2921.37,1837.0,0.0,0
2021-12-11 04:00:00,22124.668,18.4,11.6,0.0,99,877.3,11.6,2921.37,1837.0,0.0,0
2021-12-11 05:00:00,22501.362,18.4,14.8,0.0,54,877.5,11.3,2921.37,1837.0,0.0,0
2021-12-11 06:00:00,23406.524,19.6,18.7,21.0,100,878.0,11.5,2921.37,1836.0,0.0,0
2021-12-11 07:00:00,24762.173,21.5,12.9,122.0,100,879.6,12.8,2921.37,1837.0,0.0,0
2021-12-11 08:00:00,26337.188,24.1,18.2,369.0,100,880.9,12.6,2921.37,1836.0,0.0,0
2021-12-11 09:00:00,26947.791,26.2,20.3,566.0,100,881.4,13.5,2921.37,1836.0,0.0,0
2021-12-11 10:00:00,27010.779,28.7,21.3,796.0,100,881.5,13.7,2921.37,1836.0,0.0,0
2021-12-11 11:00:00,26747.603,30.2,26.2,940.0,100,881.2,11.3,2921.37,1836.0,0.0,0
2021-12-11 12:00:00,26727.652,32.5,25.0,959.0,80,881.1,8.4,2921.37,1835.0,0.0,0
2021-12-11 13:00:00,26019.519,32.6,22.7,970.0,46,880.9,9.3,2921.37,1834.0,0.0,0
2021-12-11 14:00:00,25705.687,29.6,20.6,908.0,52,880.4,10.8,2921.37,1833.0,0.0,0
2021-12-11 15:00:00,25821.715,28.3,25.0,674.0,22,879.6,13.4,2921.37,1833.0,0.0,0
2021-12-11 16:00:00,25735.206,30.2,20.8,669.0,57,879.5,11.1,2921.37,1833.0,0.0,0
2021-12-11 17:00:00,25670.89,28.7,18.4,408.0,37,878.8,11.9,2921.37,1833.0,0.0,0
2021-12-11 18:00:00,25949.802,27.2,15.0,275.0,26,878.7,13.4,2921.37,1833.0,0.0,0
2021-12-11 19:00:00,26978.18,25.5,13.7,84.0,45,878.5,13.7,2921.37,1832.0,0.0,0
2021-12-11 20:00:00,26049.805,24.2,18.5,1.0,41,878.7,14.0,2921.37,1832.0,0.0,0
2021-12-11 21:00:00,24712.544,22.9,18.3,0.0,13,878.8,13.3,2921.37,1830.0,0.0,0
2021-12-11 22:00:00,23134.626,21.6,20.8,0.0,3,879.5,14.6,2921.37,1830.0,0.0,0
2021-12-11 23:00:00,22261.21,20.5,20.3,0.0,100,879.8,15.0,2921.37,1829.0,0.0,0
2021-12-12 00:00:00,21431.506,20.0,22.3,0.0,93,879.7,15.6,2921.37,1829.0,0.0,0
2021-12-12 01:00:00,20727.793,19.8,16.3,0.0,100,879.0,15.1,2921.37,1830.0,0.0,0
2021-12-12 02:00:00,20535.645,18.4,14.5,0.0,85,878.5,14.6,2921.37,1829.0,0.0,0
2021-12-12 03:00:00,20473.15,18.2,16.9,0.0,100,878.3,14.3,2921.37,1828.0,0.0,0
2021-12-12 04:00:00,20834.907,18.1,16.3,0.0,47,878.7,14.1,2921.37,1830.0,0.0,0
2021-12-12 05:00:00,21355.458,17.8,15.9,0.0,18,879.1,14.0,2921.37,1830.0,0.0,0
2021-12-12 06:00:00,22280.247,18.4,18.4,26.0,59,879.9,14.0,2921.37,1830.0,0.0,0
2021-12-12 07:00:00,23935.015,20.6,18.9,194.0,24,881.3,14.5,2921.37,1830.0,0.0,0
2021-12-12 08:00:00,25413.885,23.0,20.5,424.0,100,882.4,14.5,2921.37,1830.0,0.0,0
2021-12-12 09:00:00,26081.78,25.3,17.4,629.0,84,883.2,14.6,2921.37,1830.0,0.0,0
2021-12-12 10:00:00,26168.29,27.5,18.4,826.0,0,883.4,14.1,2921.37,1830.0,0.0,0
2021-12-12 11:00:00,26372.146,29.3,19.4,981.0,34,883.4,13.3,2921.37,1829.0,0.0,0
2021-12-12 12:00:00,26464.767,30.2,18.6,879.0,29,882.8,11.7,2921.37,1829.0,0.0,0
2021-12-12 13:00:00,26242.844,31.2,17.7,969.0,32,882.2,10.9,2921.37,1827.0,0.0,0
2021-12-12 14:00:00,25924.874,31.8,15.7,898.0,30,881.5,9.3,2921.37,1826.0,0.0,0
2021-12-12 15:00:00,25713.425,32.1,14.9,835.0,50,880.6,8.4,2921.37,1824.0,0.0,0
2021-12-12 16:00:00,26071.947,31.7,14.8,633.0,90,879.8,7.0,2921.37,1823.0,0.0,0
2021-12-12 17:00:00,26032.178,30.0,16.6,380.0,100,879.5,7.4,2921.37,1822.0,0.0,0
2021-12-12 18:00:00,26229.609,27.0,15.9,157.0,99,879.3,11.5,2921.37,1821.0,0.0,0
2021-12-12 19:00:00,27083.13,24.3,8.2,66.0,100,878.6,13.3,2921.37,1820.0,0.0,0
2021-12-12 20:00:00,26294.952,25.2,4.8,1.0,100,880.0,11.5,2921.37,1820.0,0.0,0
2021-12-12 21:00:00,24883.32,21.9,5.9,0.0,99,880.4,12.8,2921.37,1820.0,0.0,0
2021-12-12 22:00:00,23027.645,19.6,11.6,0.0,88,881.6,14.8,2921.37,1819.0,0.0,0
2021-12-12 23:00:00,21840.661,18.8,7.1,0.0,80,879.7,14.6,2921.37,1818.0,0.0,0
2021-12-13 00:00:00,21204.345,19.1,9.4,0.0,64,879.3,13.6,2921.37,1817.0,0.0,0
2021-12-13 01:00:00,20970.811,19.4,14.8,0.0,0,878.7,12.6,2921.37,1816.0,0.0,0
2021-12-13 02:00:00,20751.953,19.5,10.9,0.0,14,879.9,11.3,2921.37,1816.0,0.0,0
2021-12-13 03:00:00,21254.027,19.2,18.8,0.0,100,879.1,12.1,2921.37,1815.0,0.0,0
2021-12-13 04:00:00,21627.117,19.6,26.2,0.0,100,878.0,12.6,2921.37,1815.0,0.0,0
2021-12-13 05:00:00,23023.913,19.6,18.0,0.0,100,878.9,13.1,2921.37,1816.0,0.0,0
2021-12-13 06:00:00,24319.011,19.3,17.7,11.0,97,879.1,13.6,2921.37,1816.0,0.0,0
2021-12-13 07:00:00,25592.245,21.0,15.9,188.0,96,880.6,14.2,2921.37,1816.0,0.0,0
2021-12-13 08:00:00,27226.438,23.1,19.8,411.0,21,881.6,14.5,2921.37,1816.0,0.0,0
2021-12-13 09:00:00,28062.33,25.2,22.7,640.0,0,882.0,14.6,2921.37,1816.0,0.0,0
2021-12-13 10:00:00,28655.55,27.2,23.2,833.0,9,881.8,14.8,2921.37,1815.0,0.0,0
2021-12-13 11:00:00,28656.655,28.7,24.2,937.0,17,881.4,14.5,2921.37,1815.0,0.0,0
2021-12-13 12:00:00,28735.18,30.1,23.0,1022.0,30,880.9,14.5,2921.37,1815.0,0.0,0
2021-12-13 13:00:00,28477.443,30.6,27.5,1002.0,100,880.1,13.8,2921.37,1814.0,0.0,0
2021-12-13 14:00:00,28749.189,24.2,28.6,325.0,99,878.8,16.0,2921.37,1814.0,0.0,0
2021-12-13 15:00:00,29114.826,25.7,18.9,587.0,70,879.6,15.5,2921.37,1813.0,0.0,0
2021-12-13 16:00:00,29537.809,25.7,12.6,403.0,99,878.3,13.3,2921.37,1813.0,0.0,0
2021-12-13 17:00:00,28979.074,25.8,4.7,381.0,86,878.2,13.3,2921.37,1812.0,0.0,0
2021-12-13 18:00:00,28371.021,24.6,9.8,286.0,9,878.1,15.1,2921.37,1812.0,0.0,0
2021-12-13 19:00:00,28836.569,22.4,13.5,89.0,55,878.2,15.5,2921.37,1811.0,0.0,0
2021-12-13 20:00:00,27603.646,21.1,13.8,1.0,40,877.6,16.0,2921.37,1811.0,0.0,0
2021-12-13 21:00:00,25621.848,20.9,12.0,0.0,49,878.1,14.5,2921.37,1811.0,0.0,0
2021-12-13 22:00:00,24015.59,19.7,17.1,0.0,15,878.5,14.8,2921.37,1812.0,0.0,0
2021-12-13 23:00:00,22501.913,19.0,19.6,0.0,22,878.6,14.9,2921.37,1814.0,0.0,0
2021-12-14 00:00:00,21776.423,18.6,17.9,0.0,0,878.4,14.8,2921.37,1815.0,0.0,0
2021-12-14 01:00:00,21556.024,18.1,18.9,0.0,0,877.7,14.6,2921.37,1816.0,0.0,0
2021-12-14 02:00:00,21287.456,16.6,15.5,0.0,0,877.6,13.3,2921.37,1816.0,0.0,0
2021-12-14 03:00:00,21439.644,16.0,15.1,0.0,0,877.3,13.3,2921.37,1816.0,0.0,0
2021-12-14 04:00:00,22478.482,15.4,13.1,0.0,0,877.4,13.4,2921.37,1817.0,0.0,0
2021-12-14 05:00:00,23706.325,15.1,10.9,0.0,0,877.6,13.6,2921.37,1818.0,0.0,0
2021-12-14 06:00:00,24608.253,15.9,15.9,25.0,0,878.4,13.7,2921.37,1819.0,0.0,0
2021-12-14 07:00:00,25756.405,18.2,17.7,195.0,0,879.3,14.1,2921.37,1820.0,0.0,0
2021-12-14 08:00:00,26668.912,20.6,19.5,425.0,0,880.0,14.5,2921.37,1821.0,0.0,0
2021-12-14 09:00:00,26569.806,22.9,18.7,651.0,0,880.4,15.0,2921.37,1821.0,0.0,0
2021-12-14 10:00:00,26614.363,25.3,18.6,843.0,0,880.5,15.4,2921.37,1821.0,0.0,0
2021-12-14 11:00:00,26620.435,27.4,20.8,989.0,54,880.5,14.9,2921.37,1821.0,0.0,0
2021-12-14 12:00:00,26513.743,28.8,19.0,890.0,21,880.2,14.3,2921.37,1824.0,0.0,0
2021-12-14 13:00:00,26183.125,30.6,22.0,988.0,32,879.7,10.7,2921.37,1825.0,0.0,0
2021-12-14 14:00:00,26167.167,32.1,21.6,828.0,39,878.5,3.6,2921.37,1825.0,0.0,0
2021-12-14 15:00:00,26586.308,31.7,27.2,863.0,21,878.1,4.0,2921.37,1825.0,0.0,0
2021-12-14 16:00:00,26779.679,31.1,27.6,679.0,76,877.8,4.4,2921.37,1825.0,0.0,0
2021-12-14 17:00:00,26865.848,30.3,24.4,522.0,42,877.7,5.8,2921.37,1821.0,0.0,0
2021-12-14 18:00:00,27057.251,26.8,24.2,220.0,30,877.6,10.8,2921.37,1820.0,0.0,0
2021-12-14 19:00:00,28099.587,24.7,21.6,82.0,18,877.0,12.2,2921.37,1820.0,0.0,0
2021-12-14 20:00:00,27327.171,23.0,19.1,1.0,19,876.7,12.5,2921.37,1820.0,0.0,0
2021-12-14 21:00:00,25460.732,22.1,14.2,0.0,9,876.4,12.2,2921.37,1821.0,0.0,0
2021-12-14 22:00:00,23824.422,21.5,12.6,0.0,4,876.5,12.0,2921.37,1820.0,0.0,0
2021-12-14 23:00:00,22603.262,20.6,11.6,0.0,29,876.5,12.3,2921.37,1819.0,0.0,0
2021-12-15 00:00:00,21798.611,19.2,7.1,0.0,9,876.2,12.9,2921.37,1819.0,0.0,0
2021-12-15 01:00:00,21489.11,18.9,8.7,0.0,8,875.7,13.2,2921.37,1818.0,0.0,0
2021-12-15 02:00:00,21106.223,17.6,7.7,0.0,0,875.7,13.2,2921.37,1819.0,0.0,0
2021-12-15 03:00:00,21460.273,16.7,7.2,0.0,0,875.1,13.2,2921.37,1819.0,0.0,0
2021-12-15 04:00:00,22262.86,16.2,7.2,0.0,0,874.6,13.1,2921.37,1820.0,0.0,0
2021-12-15 05:00:00,23211.024,15.9,9.1,0.0,0,874.2,12.7,2921.37,1819.0,0.0,0
2021-12-15 06:00:00,24264.04,17.3,13.6,25.0,0,875.0,12.1,2921.37,1819.0,0.0,0
2021-12-15 07:00:00,25449.172,20.4,16.0,194.0,0,877.0,12.9,2921.37,1819.0,0.0,0
2021-12-15 08:00:00,26838.946,23.6,18.0,421.0,0,878.1,13.1,2921.37,1818.0,0.0,0
2021-12-15 09:00:00,26988.036,25.9,20.3,643.0,0,878.1,13.5,2921.37,1818.0,0.0,0
2021-12-15 10:00:00,27131.835,28.3,23.8,836.0,0,878.0,13.9,2921.37,1817.0,0.0,0
2021-12-15 11:00:00,26875.458,30.7,27.2,984.0,21,877.5,12.4,2921.37,1817.0,0.0,0
2021-12-15 12:00:00,26603.08,30.9,30.5,921.0,36,877.3,9.0,2921.37,1817.0,0.0,0
2021-12-15 13:00:00,26270.84,32.2,28.8,973.0,97,877.1,7.8,2921.37,1817.0,0.0,0
2021-12-15 14:00:00,26467.659,29.5,37.1,611.0,94,876.3,8.4,2921.37,1816.0,0.0,0
2021-12-15 15:00:00,26767.647,30.4,27.2,517.0,27,875.5,8.2,2921.37,1816.0,0.0,0
2021-12-15 16:00:00,26762.865,29.9,17.4,675.0,74,875.0,10.1,2921.37,1815.0,0.0,0
2021-12-15 17:00:00,26288.957,21.4,18.5,369.0,86,874.4,16.4,2921.37,1815.0,0.0,0
2021-12-15 18:00:00,26338.323,22.6,12.1,164.0,35,872.9,14.7,2921.37,1815.0,0.0,0
2021-12-15 19:00:00,27381.202,22.2,12.6,82.0,37,872.9,12.4,2921.37,1815.0,0.0,0
2021-12-15 20:00:00,26311.725,21.6,9.2,1.0,36,873.2,10.8,2921.37,1815.0,0.0,0
2021-12-15 21:00:00,24990.653,19.8,8.2,0.0,36,873.5,12.1,2921.37,1816.0,0.0,0
2021-12-15 22:00:00,23438.399,19.6,8.9,0.0,5,875.2,10.3,2921.37,1816.0,0.0,0
2021-12-15 23:00:00,22094.582,19.6,11.6,0.0,25,875.7,5.9,2921.37,1817.0,0.0,0
2021-12-16 00:00:00,21429.577,17.2,8.2,0.0,50,875.0,5.2,2921.37,1818.0,0.0,0
2021-12-16 01:00:00,20846.514,16.7,9.3,0.0,50,874.7,5.2,2921.37,1818.0,0.0,0
2021-12-16 02:00:00,20510.325,14.4,10.4,0.0,58,874.2,1.6,2921.37,1819.0,0.0,0
2021-12-16 03:00:00,20511.375,13.4,7.4,0.0,12,874.3,2.0,2921.37,1820.0,0.0,0
2021-12-16 04:00:00,21032.098,12.3,9.7,0.0,10,874.2,2.9,2921.37,1820.0,0.0,0
2021-12-16 05:00:00,21412.448,13.0,9.8,0.0,0,874.7,1.7,2921.37,1821.0,0.0,0
2021-12-16 06:00:00,22371.434,13.0,4.6,25.0,4,875.4,4.5,2921.37,1820.0,0.0,0
2021-12-16 07:00:00,23893.4,15.5,4.9,199.0,0,877.4,3.5,2921.37,1820.0,0.0,0
2021-12-16 08:00:00,25485.371,17.5,5.4,434.0,0,878.3,4.4,2921.37,1821.0,0.0,0
2021-12-16 09:00:00,26397.628,20.0,1.3,661.0,0,879.3,7.0,2921.37,1820.0,0.0,0
2021-12-16 10:00:00,26477.841,22.3,3.3,856.0,12,879.6,6.9,2921.37,1821.0,0.0,0
2021-12-16 11:00:00,26449.396,24.1,5.9,1004.0,22,880.0,7.0,2921.37,1820.0,0.0,0
2021-12-16 12:00:00,26122.359,25.4,6.1,1064.0,66,879.9,7.2,2921.37,1819.0,0.0,0
2021-12-16 13:00:00,25763.885,26.6,6.1,1029.0,48,879.3,7.5,2921.37,1819.0,0.0,0
2021-12-16 14:00:00,25565.232,27.0,10.5,930.0,5,879.2,9.4,2921.37,1819.0,0.0,0
2021-12-16 15:00:00,25601.977,27.7,13.5,910.0,6,878.4,9.0,2921.37,1817.0,0.0,0
2021-12-16 16:00:00,25857.166,27.6,14.0,749.0,9,878.4,6.5,2921.37,1816.0,0.0,0
2021-12-16 17:00:00,25811.994,26.9,11.6,516.0,12,878.2,5.6,2921.37,1815.0,0.0,0
2021-12-16 18:00:00,25819.075,26.4,11.0,305.0,16,878.2,5.3,2921.37,1815.0,0.0,0
2021-12-16 19:00:00,26609.764,22.9,6.4,96.0,7,878.0,8.3,2921.37,1815.0,0.0,0
2021-12-16 20:00:00,25824.076,21.3,14.1,2.0,0,878.1,7.1,2921.37,1814.0,0.0,0
2021-12-16 21:00:00,24460.246,20.3,29.0,0.0,0,879.9,6.3,2921.37,1815.0,0.0,0
2021-12-16 22:00:00,23108.399,18.9,33.1,0.0,0,880.4,8.0,2921.37,1815.0,0.0,0
2021-12-16 23:00:00,21996.249,17.3,27.8,0.0,0,880.5,9.6,2921.37,1815.0,0.0,0
2021-12-17 00:00:00,21147.894,16.5,26.4,0.0,3,880.8,10.0,2921.37,1816.0,0.0,0
2021-12-17 01:00:00,20825.933,15.7,23.7,0.0,4,880.9,9.1,2921.37,1816.0,0.0,0
2021-12-17 02:00:00,20681.43,13.5,21.7,0.0,1,881.8,6.8,2921.37,1816.0,0.0,0
2021-12-17 03:00:00,20878.196,12.8,21.7,0.0,0,881.3,6.7,2921.37,1816.0,0.0,0
2021-12-17 04:00:00,21278.831,12.2,21.1,0.0,0,881.1,6.7,2921.37,1816.0,0.0,0
2021-12-17 05:00:00,22035.058,11.8,19.6,0.0,0,881.4,6.7,2921.37,1816.0,0.0,0
2021-12-17 06:00:00,22966.605,12.4,16.3,23.0,96,882.2,7.1,2921.37,1816.0,0.0,0
2021-12-17 07:00:00,24383.533,14.6,15.8,150.0,11,883.4,7.8,2921.37,1816.0,0.0,0
2021-12-17 08:00:00,25894.436,17.5,15.0,410.0,4,884.3,9.6,2921.37,1814.0,0.0,0
2021-12-17 09:00:00,26405.031,20.5,13.7,646.0,0,885.0,11.3,2921.37,1814.0,0.0,0
2021-12-17 10:00:00,26634.875,23.2,13.5,847.0,71,885.1,11.1,2921.37,1815.0,0.0,0
2021-12-17 11:00:00,26738.46,24.2,13.4,829.0,37,885.0,10.9,2921.37,1815.0,0.0,0
2021-12-17 12:00:00,26573.223,25.1,12.1,934.0,33,885.1,11.6,2921.37,1819.0,0.0,0
2021-12-17 13:00:00,26191.432,26.0,10.9,999.0,46,884.6,12.1,2921.37,1820.0,0.0,0
2021-12-17 14:00:00,26153.013,27.1,11.4,932.0,26,884.5,10.8,2921.37,1818.0,0.0,0
2021-12-17 15:00:00,26309.608,24.2,16.1,821.0,55,883.9,12.6,2921.37,1815.0,0.0,0
2021-12-17 16:00:00,26478.896,25.5,5.0,527.0,14,882.9,9.9,2921.37,1815.0,0.0,0
2021-12-17 17:00:00,26465.983,25.0,6.4,476.0,51,882.4,10.0,2921.37,1815.0,0.0,0
2021-12-17 18:00:00,26679.547,24.6,10.7,288.0,46,882.3,9.5,2921.37,1815.0,0.0,0
2021-12-17 19:00:00,27567.266,22.8,10.4,82.0,17,882.4,10.3,2921.37,1814.0,0.0,0
2021-12-17 20:00:00,26803.556,20.8,13.2,2.0,14,882.6,12.1,2921.37,1814.0,0.0,0
2021-12-17 21:00:00,24947.427,19.8,15.3,0.0,19,883.5,13.5,2921.37,1814.0,0.0,0
2021-12-17 22:00:00,23437.585,19.3,15.6,0.0,12,883.8,13.7,2921.37,1814.0,0.0,0
2021-12-17 23:00:00,22189.193,18.5,18.8,0.0,35,883.5,13.6,2921.37,1813.0,0.0,0
2021-12-18 00:00:00,21167.067,17.8,20.4,0.0,99,883.4,13.0,2921.37,1814.0,0.0,0
2021-12-18 01:00:00,20780.166,17.6,24.2,0.0,100,883.3,11.7,2921.37,1813.0,0.0,0
2021-12-18 02:00:00,20602.079,16.6,24.3,0.0,97,883.6,10.5,2921.37,1814.0,0.0,0
2021-12-18 03:00:00,20527.944,16.1,27.9,0.0,100,882.9,10.6,2921.37,1813.0,0.0,0
2021-12-18 04:00:00,20931.656,15.5,25.6,0.0,100,882.6,10.9,2921.37,1813.0,0.0,0
2021-12-18 05:00:00,21524.48,15.5,20.4,0.0,100,882.9,10.8,2921.37,1812.0,0.0,0
2021-12-18 06:00:00,22461.443,15.3,16.4,15.0,100,883.3,10.8,2921.37,1812.0,0.0,0
2021-12-18 07:00:00,23962.108,15.9,19.6,74.0,100,883.8,10.5,2921.37,1811.0,0.0,0
2021-12-18 08:00:00,25561.783,16.9,21.2,208.0,100,884.2,10.9,2921.37,1811.0,0.0,0
2021-12-18 09:00:00,26273.019,17.8,20.2,263.0,100,884.3,11.6,2921.37,1811.0,0.0,0
2021-12-18 10:00:00,26164.483,19.0,19.2,385.0,94,884.5,12.3,2921.37,1811.0,0.0,0
2021-12-18 11:00:00,25727.547,19.8,19.7,609.0,95,884.8,13.2,2921.37,1811.0,0.0,0
2021-12-18 12:00:00,25625.614,20.8,16.7,373.0,64,884.1,13.7,2921.37,1812.0,0.0,0
2021-12-18 13:00:00,25406.323,23.9,16.3,897.0,100,883.9,14.0,2921.37,1812.0,0.0,0
2021-12-18 14:00:00,25166.621,23.9,20.7,708.0,100,883.4,12.1,2921.37,1812.0,0.0,0
2021-12-18 15:00:00,25325.148,24.8,18.3,681.0,69,882.5,12.0,2921.37,1812.0,0.0,0
2021-12-18 16:00:00,25645.98,21.2,15.5,463.0,96,882.0,12.7,2921.37,1812.0,0.0,0
2021-12-18 17:00:00,25853.808,21.5,11.7,347.0,87,881.8,11.4,2921.37,1812.0,0.0,0
2021-12-18 18:00:00,26218.533,20.0,11.0,155.0,91,881.6,12.9,2921.37,1811.0,0.0,0
2021-12-18 19:00:00,27023.147,19.0,10.8,47.0,100,881.9,13.9,2921.37,1810.0,0.0,0
2021-12-18 20:00:00,26225.373,18.5,8.2,1.0,99,881.8,13.8,2921.37,1810.0,0.0,0
2021-12-18 21:00:00,24750.557,17.5,9.4,0.0,100,882.9,13.5,2921.37,1809.0,0.0,0
2021-12-18 22:00:00,22922.457,15.9,14.1,0.0,97,882.7,14.7,2921.37,1810.0,0.0,0
2021-12-18 23:00:00,21491.814,15.4,17.7,0.0,100,882.4,14.1,2921.37,1809.0,0.0,0
2021-12-19 00:00:00,20651.746,15.2,16.8,0.0,100,882.3,14.0,2921.37,1807.0,0.0,0
2021-12-19 01:00:00,20238.95,15.2,14.0,0.0,100,881.9,14.0,2921.37,1807.0,0.0,0
2021-12-19 02:00:00,20056.305,14.9,12.5,0.0,100,881.0,13.7,2921.37,1808.0,0.0,0
2021-12-19 03:00:00,20040.028,15.0,12.0,0.0,100,880.5,13.8,2921.37,1808.0,0.0,0
2021-12-19 04:00:00,20300.27,14.8,12.7,0.0,100,880.5,13.3,2921.37,1808.0,0.0,0
2021-12-19 05:00:00,20518.723,14.5,12.8,0.0,100,880.6,13.0,2921.37,1807.0,0.0,0
2021-12-19 06:00:00,21716.06,14.6,13.3,11.0,100,881.3,13.0,2921.37,1807.0,0.0,0
2021-12-19 07:00:00,23406.959,15.6,14.5,130.0,26,882.0,13.1,2921.37,1806.0,0.0,0
2021-12-19 08:00:00,24969.243,17.5,20.7,383.0,100,883.1,12.6,2921.37,1806.0,0.0,0
2021-12-19 09:00:00,26028.645,18.4,17.9,362.0,57,883.3,12.8,2921.37,1806.0,0.0,0
2021-12-19 10:00:00,26077.144,20.1,14.5,590.0,61,883.5,13.2,2921.37,1805.0,0.0,0
2021-12-19 11:00:00,26126.507,21.9,12.1,858.0,55,883.7,13.2,2921.37,1804.0,0.0,0
2021-12-19 12:00:00,26141.223,22.5,10.3,842.0,48,883.4,13.1,2921.37,1804.0,0.0,0
2021-12-19 13:00:00,25957.586,23.1,9.5,795.0,25,882.9,13.1,2921.37,1804.0,0.0,0
2021-12-19 14:00:00,25631.749,22.9,11.2,892.0,35,882.0,13.1,2921.37,1804.0,0.0,0
2021-12-19 15:00:00,25651.92,23.4,6.5,678.0,36,881.4,12.5,2921.37,1804.0,0.0,0
2021-12-19 16:00:00,25968.424,23.8,5.9,634.0,35,881.1,12.2,2921.37,1804.0,0.0,0
2021-12-19 17:00:00,26030.284,23.7,5.1,465.0,41,880.7,12.3,2921.37,1803.0,0.0,0
2021-12-19 18:00:00,26294.07,23.2,5.4,261.0,27,880.6,12.1,2921.37,1802.0,0.0,0
2021-12-19 19:00:00,27008.838,20.9,3.6,83.0,79,880.6,15.5,2921.37,1802.0,0.0,0
2021-12-19 20:00:00,26387.229,19.9,0.8,2.0,49,880.7,14.2,2921.37,1802.0,0.0,0
2021-12-19 21:00:00,24717.963,18.3,6.5,0.0,50,880.5,14.8,2921.37,1803.0,0.0,0
2021-12-19 22:00:00,23147.846,17.8,12.3,0.0,21,880.9,14.2,2921.37,1803.0,0.0,0
2021-12-19 23:00:00,21832.944,16.8,11.5,0.0,23,880.7,13.9,2921.37,1804.0,0.0,0
2021-12-20 00:00:00,20844.717,16.6,12.1,0.0,80,880.8,13.8,2921.37,1804.0,0.0,0
2021-12-20 01:00:00,20508.154,16.5,11.2,0.0,98,880.2,13.6,2921.37,1804.0,0.0,0
2021-12-20 02:00:00,20350.768,15.1,6.2,0.0,63,879.7,13.6,2921.37,1804.0,0.0,0
2021-12-20 03:00:00,20533.005,14.9,5.8,0.0,100,879.2,13.5,2921.37,1804.0,0.0,0
2021-12-20 04:00:00,20955.66,14.6,6.6,0.0,99,879.3,13.3,2921.37,1805.0,0.0,0
2021-12-20 05:00:00,21980.534,14.3,6.6,0.0,100,879.7,13.1,2921.37,1805.0,0.0,0
2021-12-20 06:00:00,23293.785,14.9,8.5,20.0,100,880.7,13.3,2921.37,1805.0,0.0,0
2021-12-20 07:00:00,24668.186,16.9,7.6,141.0,100,882.2,13.6,2921.37,1804.0,0.0,0
2021-12-20 08:00:00,26206.913,19.2,10.6,370.0,100,883.5,13.3,2921.37,1804.0,0.0,0
2021-12-20 09:00:00,26805.176,20.9,11.8,520.0,99,883.9,13.3,2921.37,1801.0,0.0,0
2021-12-20 10:00:00,27007.401,23.4,13.5,768.0,100,884.3,13.0,2921.37,1801.0,0.0,0
2021-12-20 11:00:00,26813.347,24.9,15.5,815.0,100,884.2,12.3,2921.37,1801.0,0.0,0
2021-12-20 12:00:00,26587.235,26.0,14.7,926.0,100,883.9,12.4,2921.37,1801.0,0.0,0
2021-12-20 13:00:00,26329.609,26.9,12.7,909.0,62,883.2,12.2,2921.37,1801.0,0.0,0
2021-12-20 14:00:00,26353.862,27.5,11.4,991.0,15,883.2,9.9,2921.37,1801.0,0.0,0
2021-12-20 15:00:00,26348.605,28.1,9.2,884.0,23,882.6,9.6,2921.37,1801.0,0.0,0
2021-12-20 16:00:00,26672.17,28.3,8.9,738.0,51,881.9,9.5,2921.37,1800.0,0.0,0
2021-12-20 17:00:00,26818.237,27.8,10.5,511.0,72,881.3,9.3,2921.37,1800.0,0.0,0
2021-12-20 18:00:00,27129.966,26.7,10.7,249.0,60,881.0,9.2,2921.37,1798.0,0.0,0
2021-12-20 19:00:00,27928.998,24.3,7.8,92.0,59,880.6,11.3,2921.37,1796.0,0.0,0
2021-12-20 20:00:00,27266.533,21.9,6.9,2.0,52,880.3,12.4,2921.37,1795.0,0.0,0
2021-12-20 21:00:00,25192.51,21.3,10.5,0.0,58,881.0,12.4,2921.37,1795.0,0.0,0
2021-12-20 22:00:00,23631.308,20.6,7.6,0.0,36,881.6,13.5,2921.37,1795.0,0.0,0
2021-12-20 23:00:00,22236.758,19.3,10.7,0.0,25,881.7,13.9,2921.37,1794.0,0.0,0
2021-12-21 00:00:00,21440.156,18.4,8.3,0.0,90,881.4,13.9,2921.37,1792.0,0.0,0
2021-12-21 01:00:00,20909.202,15.8,16.7,0.0,99,882.8,13.9,2921.37,1792.0,0.0,0
2021-12-21 02:00:00,20584.526,17.1,4.3,0.0,38,882.6,13.9,2921.37,1792.0,0.0,0
2021-12-21 03:00:00,20673.89,16.8,6.8,0.0,33,881.7,14.3,2921.37,1791.0,0.0,0
2021-12-21 04:00:00,21238.671,16.0,6.5,0.0,100,881.8,14.4,2921.37,1791.0,0.0,0
2021-12-21 05:00:00,22480.36,16.1,10.5,0.0,100,882.3,14.7,2921.37,1789.0,0.0,0
2021-12-21 06:00:00,23174.795,16.5,10.9,13.0,100,882.5,15.0,2921.37,1789.0,0.0,0
2021-12-21 07:00:00,24563.463,17.2,11.4,83.0,100,883.5,15.3,2921.37,1788.0,0.0,0
2021-12-21 08:00:00,25989.059,19.3,13.6,275.0,100,884.1,15.2,2921.37,1787.0,0.0,0
2021-12-21 09:00:00,26301.237,21.4,17.0,469.0,99,884.6,14.5,2921.37,1786.0,0.0,0
2021-12-21 10:00:00,26580.433,23.6,19.4,733.0,96,884.7,13.9,2921.37,1783.0,0.0,0
2021-12-21 11:00:00,26370.371,25.6,20.4,959.0,23,884.6,13.5,2921.37,1782.0,0.0,0
2021-12-21 12:00:00,26322.954,26.9,18.1,1042.0,32,884.4,12.4,2921.37,1782.0,0.0,0
2021-12-21 13:00:00,26225.283,27.6,18.7,1024.0,34,883.7,12.3,2921.37,1782.0,0.0,0
2021-12-21 14:00:00,26214.387,28.5,26.9,942.0,96,883.2,9.6,2921.37,1780.0,0.0,0
2021-12-21 15:00:00,26352.385,28.5,20.3,788.0,63,882.6,9.3,2921.37,1781.0,0.0,0
2021-12-21 16:00:00,26639.373,28.1,18.5,662.0,26,881.3,8.5,2921.37,1781.0,0.0,0
2021-12-21 17:00:00,26548.844,27.7,18.2,510.0,68,880.4,8.3,2921.37,1781.0,0.0,0
2021-12-21 18:00:00,26514.899,26.3,16.1,267.0,45,880.0,8.4,2921.37,1782.0,0.0,0
2021-12-21 19:00:00,27515.21,24.0,6.4,100.0,21,879.3,10.9,2921.37,1781.0,0.0,0
2021-12-21 20:00:00,26907.605,21.2,6.3,2.0,5,878.7,12.4,2921.37,1782.0,0.0,0
2021-12-21 21:00:00,25225.76,20.5,6.8,0.0,4,878.6,12.2,2921.37,1782.0,0.0,0
2021-12-21 22:00:00,23552.659,20.4,8.9,0.0,6,879.0,11.8,2921.37,1782.0,0.0,0
2021-12-21 23:00:00,22178.76,19.7,9.5,0.0,49,879.2,11.6,2921.37,1782.0,0.0,0
2021-12-22 00:00:00,21390.014,17.6,9.4,0.0,100,880.1,13.0,2921.37,1782.0,0.0,0
2021-12-22 01:00:00,20795.254,15.8,5.3,0.0,100,880.0,13.9,2921.37,1782.0,0.0,0
2021-12-22 02:00:00,20765.248,17.3,10.5,0.0,100,879.9,10.6,2921.37,1780.0,0.0,0
2021-12-22 03:00:00,20815.969,16.8,7.9,0.0,100,879.3,10.9,2921.37,1780.0,0.0,0
2021-12-22 04:00:00,21668.751,16.9,5.1,0.0,100,879.2,11.4,2921.37,1780.0,0.0,0
2021-12-22 05:00:00,22340.749,16.5,5.2,0.0,98,878.8,12.4,2921.37,1779.0,0.0,0
2021-12-22 06:00:00,23418.964,16.9,6.3,13.0,100,878.8,12.1,2921.37,1778.0,0.0,0
2021-12-22 07:00:00,24897.348,18.8,9.9,138.0,44,879.2,11.9,2921.37,1778.0,0.0,0
2021-12-22 08:00:00,25923.281,21.3,6.8,403.0,7,879.7,11.7,2921.37,1777.0,0.0,0
2021-12-22 09:00:00,26461.605,23.4,10.8,636.0,72,880.1,11.4,2921.37,1777.0,0.0,0
2021-12-22 10:00:00,26362.231,25.1,13.7,812.0,94,880.1,11.4,2921.37,1780.0,0.0,0
2021-12-22 11:00:00,26034.054,26.6,16.7,938.0,54,880.0,11.1,2921.37,1784.0,0.0,0
2021-12-22 12:00:00,25848.288,24.5,18.0,972.0,91,879.7,11.2,2921.37,1783.0,0.0,0
2021-12-22 13:00:00,25693.488,26.7,19.7,793.0,52,879.1,12.3,2921.37,1784.0,0.0,0
2021-12-22 14:00:00,25833.472,20.0,28.5,801.0,82,878.0,14.8,2921.37,1785.0,0.0,0
2021-12-22 15:00:00,25900.997,21.5,2.2,189.0,48,876.8,13.9,2921.37,1785.0,0.0,0
2021-12-22 16:00:00,26204.161,25.9,6.3,772.0,34,876.5,11.8,2921.37,1786.0,0.0,0
2021-12-22 17:00:00,25969.007,23.4,7.3,443.0,93,876.2,13.3,2921.37,1783.0,0.0,0
2021-12-22 18:00:00,26091.831,19.1,13.2,137.0,100,875.9,14.0,2921.37,1784.0,0.0,0
2021-12-22 19:00:00,26964.467,18.5,13.3,37.0,85,875.6,13.8,2921.37,1785.0,0.0,0
2021-12-22 20:00:00,26312.082,18.0,7.5,2.0,85,875.6,13.8,2921.37,1786.0,0.0,0
2021-12-22 21:00:00,24901.431,16.7,5.0,0.0,97,876.3,14.3,2921.37,1787.0,0.0,0
2021-12-22 22:00:00,23271.628,16.4,8.7,0.0,25,876.4,14.9,2921.37,1788.0,0.0,0
2021-12-22 23:00:00,22034.041,15.8,9.2,0.0,19,875.6,14.0,2921.37,1789.0,0.0,0
2021-12-23 00:00:00,21412.245,15.2,6.8,0.0,20,874.7,13.5,3023.37,1789.0,0.0,0
2021-12-23 01:00:00,20845.308,14.6,5.9,0.0,82,874.3,13.6,3023.37,1790.0,0.0,0
2021-12-23 02:00:00,20585.891,14.6,12.0,0.0,18,874.1,13.8,3023.37,1790.0,0.0,0
2021-12-23 03:00:00,20863.588,14.5,12.9,0.0,10,873.4,13.3,3023.37,1790.0,0.0,0
2021-12-23 04:00:00,21347.324,15.1,14.4,0.0,11,873.2,12.7,3023.37,1790.0,0.0,0
2021-12-23 05:00:00,22059.617,14.6,9.4,0.0,3,873.2,13.1,3023.37,1790.0,0.0,0
2021-12-23 06:00:00,22996.428,14.7,6.6,19.0,0,874.0,13.6,3023.37,1790.0,0.0,0
2021-12-23 07:00:00,24193.513,16.7,8.7,183.0,0,874.9,14.2,3023.37,1790.0,0.0,0
2021-12-23 08:00:00,25658.478,18.8,15.2,412.0,14,875.7,14.2,3023.37,1790.0,0.0,0
2021-12-23 09:00:00,26063.88,20.7,14.6,576.0,25,876.3,14.4,3023.37,1789.0,0.0,0
2021-12-23 10:00:00,26181.548,22.2,15.1,717.0,18,876.3,13.8,3023.37,1789.0,0.0,0
2021-12-23 11:00:00,26142.593,23.8,17.1,916.0,30,876.4,12.9,3023.37,1788.0,0.0,0
2021-12-23 12:00:00,25695.473,19.9,17.9,771.0,87,876.1,12.9,3023.37,1788.0,0.0,0
2021-12-23 13:00:00,25389.981,20.8,10.5,478.0,56,875.7,13.5,3023.37,1787.0,0.0,0
2021-12-23 14:00:00,24859.583,22.4,14.5,837.0,36,876.1,11.6,3023.37,1786.0,0.0,0
2021-12-23 15:00:00,25088.455,22.7,14.8,712.0,18,875.7,10.6,3023.37,1784.0,0.0,0
2021-12-23 16:00:00,25404.884,23.3,14.0,630.0,20,875.4,9.7,3023.37,1784.0,0.0,0
2021-12-23 17:00:00,25440.017,23.2,12.6,454.0,36,875.2,9.3,3023.37,1783.0,0.0,0
2021-12-23 18:00:00,25663.423,22.9,10.0,252.0,76,875.5,8.9,3023.37,1783.0,0.0,0
2021-12-23 19:00:00,26591.399,21.0,6.9,90.0,21,875.3,10.0,3023.37,1783.0,0.0,0
2021-12-23 20:00:00,26203.005,18.6,8.7,3.0,6,874.9,9.6,3023.37,1783.0,0.0,0
2021-12-23 21:00:00,24657.369,16.7,9.9,0.0,10,874.7,9.8,3023.37,1784.0,0.0,0
2021-12-23 22:00:00,23127.552,17.0,9.5,0.0,0,875.7,9.7,3023.37,1785.0,0.0,0
2021-12-23 23:00:00,21850.921,16.2,9.7,0.0,100,875.9,10.4,3023.37,1785.0,0.0,0
2021-12-24 00:00:00,20785.315,15.5,10.1,0.0,98,875.5,10.9,3023.37,1786.0,0.0,0
2021-12-24 01:00:00,20294.854,15.0,10.0,0.0,100,875.2,11.1,3023.37,1787.0,0.0,0
2021-12-24 02:00:00,19993.61,14.8,7.9,0.0,100,875.5,11.3,3023.37,1787.0,0.0,0
2021-12-24 03:00:00,19989.062,14.1,5.9,0.0,72,875.5,11.6,3023.37,1787.0,0.0,0
2021-12-24 04:00:00,20607.18,13.0,7.1,0.0,27,874.9,11.7,3023.37,1787.0,0.0,0
2021-12-24 05:00:00,21241.874,12.7,7.2,0.0,66,875.1,11.5,3023.37,1787.0,0.0,0
2021-12-24 06:00:00,22169.801,13.8,3.7,17.0,2,876.3,12.2,3023.37,1787.0,0.0,0
2021-12-24 07:00:00,23479.025,16.5,4.5,179.0,0,877.7,12.6,3023.37,1787.0,0.0,0
2021-12-24 08:00:00,24598.021,19.6,4.7,409.0,3,879.1,12.7,3023.37,1787.0,0.0,0
2021-12-24 09:00:00,24979.088,21.9,8.4,634.0,12,879.8,11.5,3023.37,1786.0,0.0,0
2021-12-24 10:00:00,24969.363,23.1,11.0,798.0,29,880.1,10.3,3023.37,1786.0,0.0,0
2021-12-24 11:00:00,24783.99,23.8,12.1,831.0,38,880.1,10.1,3023.37,1785.0,0.0,0
2021-12-24 12:00:00,24416.967,24.7,12.0,928.0,23,879.9,10.1,3023.37,1785.0,0.0,0
2021-12-24 13:00:00,23995.772,25.7,11.2,1033.0,12,879.6,10.0,3023.37,1785.0,0.0,0
2021-12-24 14:00:00,23991.684,26.0,13.7,1018.0,22,879.6,9.3,3023.37,1785.0,0.0,0
2021-12-24 15:00:00,24035.947,26.4,14.5,875.0,34,879.3,8.9,3023.37,1785.0,0.0,0
2021-12-24 16:00:00,24350.904,25.9,14.1,679.0,32,878.8,8.5,3023.37,1785.0,0.0,0
2021-12-24 17:00:00,24395.6,25.5,11.8,503.0,18,878.3,7.6,3023.37,1784.0,0.0,0
2021-12-24 18:00:00,24199.92,25.0,4.2,316.0,1,878.1,7.1,3023.37,1784.0,0.0,0
2021-12-24 19:00:00,25209.776,21.7,6.1,113.0,1,877.2,12.3,3023.37,1785.0,0.0,0
2021-12-24 20:00:00,25046.811,20.3,8.7,3.0,6,877.2,9.8,3023.37,1785.0,0.0,0
2021-12-24 21:00:00,23801.861,19.6,11.0,0.0,0,877.8,8.9,3023.37,1784.0,0.0,0
2021-12-24 22:00:00,22519.645,18.2,9.2,0.0,5,877.5,9.1,3023.37,1784.0,0.0,0
2021-12-24 23:00:00,21238.234,17.2,8.6,0.0,0,877.1,9.1,3023.37,1784.0,0.0,0
2021-12-25 00:00:00,20239.672,16.9,8.7,0.0,0,876.6,8.6,3023.37,1784.0,0.0,0
2021-12-25 01:00:00,19567.435,17.0,11.6,0.0,0,876.5,8.5,3023.37,1785.0,0.0,0
2021-12-25 02:00:00,19168.152,16.2,12.0,0.0,0,875.8,8.9,3023.37,1785.0,0.0,0
2021-12-25 03:00:00,19094.001,16.7,13.0,0.0,0,876.2,8.5,3023.37,1785.0,0.0,0
2021-12-25 04:00:00,19310.476,16.8,12.8,0.0,0,876.2,8.6,3023.37,1785.0,0.0,0
2021-12-25 05:00:00,19769.668,16.1,9.4,0.0,0,876.7,9.0,3023.37,1785.0,0.0,0
2021-12-25 06:00:00,21023.341,16.0,8.2,18.0,12,877.4,9.6,3023.37,1784.0,0.0,0
2021-12-25 07:00:00,22687.22,18.9,11.1,176.0,14,879.4,10.8,3023.37,1784.0,0.0,0
2021-12-25 08:00:00,24092.595,21.4,12.7,339.0,26,880.3,11.4,3023.37,1784.0,0.0,0
2021-12-25 09:00:00,24672.361,24.5,13.0,585.0,39,881.1,11.7,3023.37,1784.0,0.0,0
2021-12-25 10:00:00,25037.629,26.2,16.9,670.0,77,881.2,10.6,3023.37,1783.0,0.0,0
2021-12-25 11:00:00,25122.992,28.0,20.6,786.0,34,881.4,8.8,3023.37,1783.0,0.0,0
2021-12-25 12:00:00,24867.089,27.6,19.4,926.0,46,880.7,8.7,3023.37,1783.0,0.0,0
2021-12-25 13:00:00,24038.307,27.8,20.1,1013.0,62,880.8,10.5,3023.37,1782.0,0.0,0
2021-12-25 14:00:00,23065.127,25.6,22.2,815.0,51,879.9,12.3,3023.37,1782.0,0.0,0
2021-12-25 15:00:00,22370.791,27.8,17.6,867.0,14,879.9,12.3,3023.37,1782.0,0.0,0
2021-12-25 16:00:00,22081.882,28.5,16.3,717.0,16,878.6,11.3,3023.37,1782.0,0.0,0
2021-12-25 17:00:00,21573.758,28.0,21.1,525.0,39,877.9,11.8,3023.37,1782.0,0.0,0
2021-12-25 18:00:00,21578.574,26.2,26.6,311.0,9,877.4,12.8,3023.37,1781.0,0.0,0
2021-12-25 19:00:00,22026.717,24.2,24.0,114.0,14,876.8,12.8,3023.37,1781.0,0.0,0
2021-12-25 20:00:00,22249.067,22.9,24.2,3.0,4,877.0,13.8,3023.37,1781.0,0.0,0
2021-12-25 21:00:00,21466.894,21.4,27.1,0.0,3,877.2,14.2,3023.37,1781.0,0.0,0
2021-12-25 22:00:00,20558.371,20.6,29.7,0.0,43,877.4,14.2,3023.37,1781.0,0.0,0
2021-12-25 23:00:00,19701.38,20.4,26.2,0.0,9,877.9,15.0,3023.37,1780.0,0.0,0
2021-12-26 00:00:00,19195.454,20.1,22.5,0.0,5,877.9,15.2,3023.37,1779.0,0.0,0
2021-12-26 01:00:00,18979.262,20.0,19.6,0.0,0,877.6,15.0,3023.37,1779.0,0.0,0
2021-12-26 02:00:00,18715.799,17.8,19.1,0.0,0,877.8,15.5,3023.37,1780.0,0.0,0
2021-12-26 03:00:00,18568.676,17.7,18.8,0.0,0,877.6,15.2,3023.37,1780.0,0.0,0
2021-12-26 04:00:00,18759.925,17.8,19.3,0.0,0,877.7,14.8,3023.37,1781.0,0.0,0
2021-12-26 05:00:00,19018.385,17.7,18.9,0.0,1,878.0,14.5,3023.37,1780.0,0.0,0
2021-12-26 06:00:00,19801.73,18.1,20.3,17.0,13,878.7,14.5,3023.37,1780.0,0.0,0
2021-12-26 07:00:00,21139.434,20.1,19.7,172.0,19,880.1,14.7,3023.37,1780.0,0.0,0
2021-12-26 08:00:00,22419.588,22.1,26.1,391.0,99,881.1,14.6,3023.37,1780.0,0.0,0
2021-12-26 09:00:00,23297.417,22.8,27.7,497.0,100,881.2,15.0,3023.37,1779.0,0.0,0
2021-12-26 10:00:00,23515.843,24.7,30.6,623.0,100,881.2,15.0,3023.37,1778.0,0.0,0
2021-12-26 11:00:00,23544.648,25.2,36.3,640.0,100,880.9,14.9,3023.37,1776.0,0.0,0
2021-12-26 12:00:00,23358.774,24.2,33.4,414.0,73,880.3,15.0,3023.37,1774.0,0.0,0
2021-12-26 13:00:00,22861.313,25.3,31.8,899.0,94,880.6,15.7,3023.37,1773.0,0.0,0
2021-12-26 14:00:00,22533.219,28.0,25.4,624.0,75,879.4,13.7,3023.37,1772.0,0.0,0
2021-12-26 15:00:00,22398.614,25.8,21.3,644.0,100,879.1,14.5,3023.37,1772.0,0.0,0
2021-12-26 16:00:00,22528.158,26.6,18.8,319.0,100,878.6,12.5,3023.37,1772.0,0.0,0
2021-12-26 17:00:00,22371.473,24.6,7.3,354.0,95,878.8,14.8,3023.37,1771.0,0.0,0
2021-12-26 18:00:00,23018.003,23.5,3.7,250.0,99,879.1,14.4,3023.37,1771.0,0.0,0
2021-12-26 19:00:00,23867.684,20.9,15.9,37.0,100,878.7,15.5,3023.37,1772.0,0.0,0
2021-12-26 20:00:00,23293.713,18.9,21.3,2.0,100,878.8,14.9,3023.37,1771.0,0.0,0
2021-12-26 21:00:00,22077.403,19.5,19.9,0.0,100,879.2,14.5,3023.37,1770.0,0.0,0
2021-12-26 22:00:00,20796.814,19.2,18.7,0.0,100,879.5,16.2,3023.37,1770.0,0.0,0
2021-12-26 23:00:00,19704.266,19.0,20.4,0.0,100,879.4,16.6,3023.37,1770.0,0.0,0
2021-12-27 00:00:00,19086.008,18.9,19.5,0.0,100,878.7,16.6,3023.37,1770.0,0.0,0
2021-12-27 01:00:00,18652.582,18.4,17.4,0.0,100,877.7,16.3,3023.37,1770.0,0.0,0
2021-12-27 02:00:00,18528.89,17.2,18.4,0.0,100,878.6,14.6,3023.37,1770.0,0.0,0
2021-12-27 03:00:00,18592.216,16.7,20.0,0.0,100,878.1,14.7,3023.37,1770.0,0.0,0
2021-12-27 04:00:00,18855.787,15.6,14.4,0.0,99,877.5,13.7,3023.37,1770.0,0.0,0
2021-12-27 05:00:00,19170.932,15.6,8.2,0.0,100,877.5,14.7,3023.37,1770.0,0.0,0
2021-12-27 06:00:00,19646.695,15.8,6.0,2.0,100,877.9,14.9,3023.37,1770.0,0.0,0
2021-12-27 07:00:00,21128.446,16.2,3.3,23.0,100,878.3,15.0,3023.37,1770.0,0.0,0
2021-12-27 08:00:00,22871.849,16.6,5.5,87.0,100,878.3,15.3,3023.37,1770.0,0.0,0
2021-12-27 09:00:00,24144.525,16.6,6.7,94.0,100,878.3,15.3,3023.37,1769.0,0.0,0
2021-12-27 10:00:00,24692.267,16.7,12.5,87.0,100,877.0,15.5,3023.37,1769.0,0.0,0
2021-12-27 11:00:00,24717.966,17.9,17.5,205.0,74,876.1,15.7,3023.37,1769.0,0.0,0
2021-12-27 12:00:00,24858.781,22.0,19.0,849.0,33,876.3,14.9,3023.37,1769.0,0.0,0
2021-12-27 13:00:00,24716.82,24.0,20.8,1025.0,97,875.6,13.5,3023.37,1768.0,0.0,0
2021-12-27 14:00:00,24376.873,18.7,25.6,693.0,43,874.9,12.6,3023.37,1768.0,0.0,0
2021-12-27 15:00:00,24418.111,21.2,19.2,595.0,33,874.8,11.7,3023.37,1768.0,0.0,0
2021-12-27 16:00:00,24640.506,22.6,20.7,761.0,6,874.6,11.6,3023.37,1766.0,0.0,0
2021-12-27 17:00:00,24684.181,21.3,19.9,526.0,57,874.4,11.5,3023.37,1765.0,0.0,0
2021-12-27 18:00:00,24577.909,16.4,1.1,253.0,92,874.4,12.2,3023.37,1765.0,0.0,0
2021-12-27 19:00:00,25319.047,16.5,8.8,72.0,34,874.0,12.8,3023.37,1765.0,0.0,0
2021-12-27 20:00:00,24532.705,15.8,8.9,3.0,70,874.0,13.1,3023.37,1765.0,0.0,0
2021-12-27 21:00:00,22832.596,16.0,7.8,0.0,35,874.5,13.1,3023.37,1765.0,0.0,0
2021-12-27 22:00:00,21427.471,15.7,6.5,0.0,22,874.9,13.0,3023.37,1765.0,0.0,0
2021-12-27 23:00:00,20205.812,15.3,8.4,0.0,12,874.9,12.3,3023.37,1765.0,0.0,0
2021-12-28 00:00:00,19519.243,15.0,9.3,0.0,1,874.9,11.7,3023.37,1764.0,0.0,0
2021-12-28 01:00:00,18951.956,13.1,9.5,0.0,0,873.7,11.3,3023.37,1764.0,0.0,0
2021-12-28 02:00:00,18626.79,13.1,6.6,0.0,1,874.0,11.0,3023.37,1764.0,0.0,0
2021-12-28 03:00:00,18656.869,12.6,6.6,0.0,1,873.9,11.0,3023.37,1763.0,0.0,0
2021-12-28 04:00:00,19086.136,11.9,8.1,0.0,0,873.6,10.6,3023.37,1764.0,0.0,0
2021-12-28 05:00:00,19865.733,12.0,6.9,0.0,7,873.9,10.6,3023.37,1763.0,0.0,0
2021-12-28 06:00:00,20747.499,13.0,5.1,16.0,25,875.3,11.1,3023.37,1764.0,0.0,0
2021-12-28 07:00:00,22089.819,15.6,5.4,158.0,0,877.5,12.1,3023.37,1764.0,0.0,0
2021-12-28 08:00:00,23406.021,17.9,7.4,401.0,0,878.6,12.5,3023.37,1763.0,0.0,0
2021-12-28 09:00:00,23765.479,19.7,8.6,629.0,0,879.2,12.7,3023.37,1764.0,0.0,0
2021-12-28 10:00:00,23844.01,21.2,9.6,827.0,27,879.4,12.3,3023.37,1766.0,0.0,0
2021-12-28 11:00:00,24065.961,22.4,11.2,849.0,18,879.8,11.5,3023.37,1767.0,0.0,0
2021-12-28 12:00:00,23946.352,23.6,13.5,994.0,27,879.8,10.4,3023.37,1766.0,0.0,0
2021-12-28 13:00:00,23824.725,24.1,15.5,956.0,54,879.5,9.6,3023.37,1764.0,0.0,0
2021-12-28 14:00:00,23599.907,25.0,13.2,994.0,77,879.0,7.2,3023.37,1763.0,0.0,0
2021-12-28 15:00:00,23805.134,27.0,18.4,854.0,76,878.2,5.7,3023.37,1759.0,0.0,0
2021-12-28 16:00:00,24279.644,25.6,22.3,538.0,11,877.9,5.1,3023.37,1759.0,0.0,0
2021-12-28 17:00:00,24492.967,25.2,21.4,511.0,45,877.6,5.1,3023.37,1759.0,0.0,0
2021-12-28 18:00:00,24292.169,23.9,17.8,350.0,0,877.7,6.6,3023.37,1760.0,0.0,0
2021-12-28 19:00:00,25469.985,21.2,13.1,124.0,0,877.3,6.3,3023.37,1760.0,0.0,0
2021-12-28 20:00:00,24932.781,19.3,12.6,4.0,0,877.1,4.6,3023.37,1759.0,0.0,0
2021-12-28 21:00:00,23315.949,17.6,9.8,0.0,0,877.1,5.0,3023.37,1759.0,0.0,0
2021-12-28 22:00:00,21769.997,16.4,9.5,0.0,0,877.2,4.9,3023.37,1759.0,0.0,0
2021-12-28 23:00:00,20559.389,15.6,9.0,0.0,0,877.3,5.2,3023.37,1760.0,0.0,0
2021-12-29 00:00:00,19850.732,14.0,9.2,0.0,0,876.5,5.8,3023.37,1760.0,0.0,0
2021-12-29 01:00:00,19365.628,13.5,11.3,0.0,0,876.1,6.2,3023.37,1761.0,0.0,0
2021-12-29 02:00:00,19168.277,12.9,11.2,0.0,0,875.6,5.6,3023.37,1761.0,0.0,0
2021-12-29 03:00:00,19336.701,14.3,8.7,0.0,0,875.8,4.8,3023.37,1761.0,0.0,0
2021-12-29 04:00:00,19840.126,14.8,6.9,0.0,0,876.2,4.7,3023.37,1761.0,0.0,0
2021-12-29 05:00:00,20309.451,11.1,6.9,0.0,0,875.0,5.5,3023.37,1761.0,0.0,0
2021-12-29 06:00:00,21167.591,11.9,7.6,16.0,0,876.2,6.2,3023.37,1760.0,0.0,0
2021-12-29 07:00:00,22227.847,15.3,7.9,179.0,0,878.1,7.5,3023.37,1760.0,0.0,0
2021-12-29 08:00:00,23410.798,18.6,7.3,416.0,0,879.7,8.0,3023.37,1760.0,0.0,0
2021-12-29 09:00:00,24001.62,21.0,8.1,649.0,0,880.5,7.2,3023.37,1759.0,0.0,0
2021-12-29 10:00:00,24135.989,22.8,8.8,850.0,0,881.0,5.8,3023.37,1759.0,0.0,0
2021-12-29 11:00:00,23914.794,24.3,10.0,1002.0,0,881.2,5.5,3023.37,1759.0,0.0,0
2021-12-29 12:00:00,24071.145,25.6,10.7,1095.0,0,881.1,4.8,3023.37,1757.0,0.0,0
2021-12-29 13:00:00,23966.577,26.4,12.0,1119.0,0,880.7,5.4,3023.37,1755.0,0.0,0
2021-12-29 14:00:00,24003.529,26.9,18.4,1075.0,8,880.5,6.2,3023.37,1755.0,0.0,0
2021-12-29 15:00:00,24412.174,27.0,13.7,911.0,44,879.8,6.0,3023.37,1753.0,0.0,0
2021-12-29 16:00:00,24750.958,27.0,16.3,686.0,20,879.0,4.9,3023.37,1751.0,0.0,0
2021-12-29 17:00:00,24723.568,27.5,16.8,541.0,3,878.3,4.4,3023.37,1750.0,0.0,0
2021-12-29 18:00:00,24564.117,26.0,13.8,340.0,14,878.1,6.3,3023.37,1750.0,0.0,0
2021-12-29 19:00:00,25160.207,21.9,8.8,119.0,13,877.0,9.6,3023.37,1751.0,0.0,0
2021-12-29 20:00:00,24900.112,20.9,10.3,4.0,0,877.1,6.7,3023.37,1751.0,0.0,0
2021-12-29 21:00:00,23499.168,18.2,10.5,0.0,5,876.6,7.0,3023.37,1751.0,0.0,0
2021-12-29 22:00:00,21820.778,18.7,8.4,0.0,0,877.7,7.2,3023.37,1752.0,0.0,0
2021-12-29 23:00:00,20883.957,19.5,8.9,0.0,0,878.3,6.3,3023.37,1752.0,0.0,0
2021-12-30 00:00:00,20044.1,15.9,10.1,0.0,0,876.9,6.2,3023.37,1751.0,0.0,0
2021-12-30 01:00:00,19683.572,14.8,10.1,0.0,0,875.9,6.9,3023.37,1751.0,0.0,0
2021-12-30 02:00:00,19332.106,14.7,10.4,0.0,0,875.3,5.4,3023.37,1750.0,0.0,0
2021-12-30 03:00:00,19404.779,17.4,6.6,0.0,0,876.3,4.7,3023.37,1750.0,0.0,0
2021-12-30 04:00:00,19809.558,17.2,2.1,0.0,1,876.4,5.2,3023.37,1751.0,0.0,0
2021-12-30 05:00:00,20753.308,14.2,4.7,0.0,0,875.5,6.3,3023.37,1750.0,0.0,0
2021-12-30 06:00:00,21078.03,14.7,4.1,15.0,0,876.3,7.8,3023.37,1750.0,0.0,0
2021-12-30 07:00:00,22424.291,17.6,1.1,170.0,0,878.1,10.4,3023.37,1749.0,0.0,0
2021-12-30 08:00:00,23912.563,21.1,2.6,400.0,3,879.9,8.8,3023.37,1748.0,0.0,0
2021-12-30 09:00:00,24450.128,23.8,1.8,628.0,7,880.4,8.3,3023.37,1747.0,0.0,0
2021-12-30 10:00:00,24658.594,26.1,4.6,828.0,0,880.8,7.8,3023.37,1747.0,0.0,0
2021-12-30 11:00:00,24657.057,27.7,8.2,982.0,0,880.8,7.6,3023.37,1746.0,0.0,0
2021-12-30 12:00:00,24459.674,28.9,10.5,1049.0,9,880.6,8.0,3023.37,1746.0,0.0,0
2021-12-30 13:00:00,24355.466,29.7,12.3,1001.0,28,880.2,7.4,3023.37,1749.0,0.0,0
2021-12-30 14:00:00,24320.552,29.6,14.8,1009.0,30,880.0,5.5,3023.37,1749.0,0.0,0
2021-12-30 15:00:00,24498.954,29.7,14.9,925.0,8,879.4,5.8,3023.37,1748.0,0.0,0
2021-12-30 16:00:00,24860.465,29.5,12.2,762.0,16,878.8,6.4,3023.37,1746.0,0.0,0
2021-12-30 17:00:00,24826.677,28.9,11.2,552.0,15,878.3,7.5,3023.37,1742.0,0.0,0
2021-12-30 18:00:00,24587.646,27.6,11.2,327.0,17,877.9,8.2,3023.37,1741.0,0.0,0
2021-12-30 19:00:00,25509.646,24.6,7.7,112.0,20,877.1,9.2,3023.37,1740.0,0.0,0
2021-12-30 20:00:00,25113.81,21.2,10.6,4.0,8,875.8,8.9,3023.37,1740.0,0.0,0
2021-12-30 21:00:00,23293.289,24.3,3.9,0.0,58,877.4,6.3,3023.37,1740.0,0.0,0
2021-12-30 22:00:00,21929.963,22.1,9.3,0.0,45,876.9,6.3,3023.37,1740.0,0.0,0
2021-12-30 23:00:00,20733.649,22.1,8.3,0.0,14,876.9,5.0,3023.37,1740.0,0.0,0
2021-12-31 00:00:00,20126.137,19.8,9.7,0.0,38,876.5,7.2,3023.37,1743.0,0.0,0
2021-12-31 01:00:00,19715.868,17.4,6.9,0.0,30,875.9,9.1,3023.37,1744.0,0.0,0
2021-12-31 02:00:00,19455.586,16.4,9.9,0.0,10,875.7,8.9,3023.37,1746.0,0.0,0
2021-12-31 03:00:00,19439.518,15.1,10.7,0.0,0,874.9,8.5,3023.37,1746.0,0.0,0
2021-12-31 04:00:00,19783.284,15.2,7.9,0.0,24,875.5,8.8,3023.37,1745.0,0.0,0
2021-12-31 05:00:00,20311.638,15.1,10.2,0.0,22,875.7,8.9,3023.37,1744.0,0.0,0
2021-12-31 06:00:00,20873.8,15.4,12.8,14.0,0,875.8,8.7,3023.37,1743.0,0.0,0
2021-12-31 07:00:00,22144.7,18.1,13.4,168.0,0,876.8,9.8,3023.37,1741.0,0.0,0
2021-12-31 08:00:00,23614.65,22.8,10.0,401.0,0,878.8,12.2,3023.37,1741.0,0.0,0
2021-12-31 09:00:00,24263.69,25.9,10.5,631.0,0,879.8,10.4,3023.37,1740.0,0.0,0
2021-12-31 10:00:00,24742.454,27.7,8.2,834.0,44,880.3,10.1,3023.37,1740.0,0.0,0
2021-12-31 11:00:00,24772.757,29.1,10.8,986.0,78,880.5,9.9,3023.37,1739.0,0.0,0
2021-12-31 12:00:00,24529.375,30.0,16.3,1021.0,100,880.4,8.6,3023.37,1739.0,0.0,0
2021-12-31 13:00:00,24283.962,30.0,20.2,905.0,91,880.1,7.3,3023.37,1737.0,0.0,0
2021-12-31 14:00:00,24170.679,30.4,17.7,872.0,31,879.8,5.3,3023.37,1737.0,0.0,0
2021-12-31 15:00:00,24210.823,30.6,16.4,880.0,30,879.4,6.1,3023.37,1736.0,0.0,0
2021-12-31 16:00:00,24497.487,31.0,13.6,683.0,13,878.5,4.0,3023.37,1733.0,0.0,0
2021-12-31 17:00:00,24314.888,31.6,19.5,549.0,76,877.6,2.4,3023.37,1730.0,0.0,0
2021-12-31 18:00:00,23768.868,29.3,17.6,294.0,7,877.3,5.6,3023.37,1729.0,0.0,0
2021-12-31 19:00:00,24361.814,26.9,15.1,122.0,0,876.9,5.6,3023.37,1728.0,0.0,0
2021-12-31 20:00:00,24079.306,23.7,8.9,4.0,0,876.4,4.9,3023.37,1729.0,0.0,0
2021-12-31 21:00:00,22979.297,21.3,10.2,0.0,0,876.5,5.0,3023.37,1728.0,0.0,0
2021-12-31 22:00:00,22186.418,19.8,12.7,0.0,0,876.5,4.8,3023.37,1728.0,0.0,0
2021-12-31 23:00:00,21513.614,20.2,10.9,0.0,0,877.2,4.0,3023.37,1727.0,0.0,0
2022-01-01 00:00:00,20525.649,18.7,11.6,0.0,0,876.9,4.3,3023.37,1725.0,0.0,0
2022-01-01 01:00:00,19957.872,17.2,12.5,0.0,0,876.0,4.2,3023.37,1725.0,0.0,0
2022-01-01 02:00:00,19397.41,16.1,11.9,0.0,0,876.3,3.4,3023.37,1725.0,0.0,0
2022-01-01 03:00:00,19304.603,15.0,11.4,0.0,0,875.8,3.7,3023.37,1726.0,0.0,0
2022-01-01 04:00:00,19343.42,18.3,6.1,0.0,0,877.3,3.0,3023.37,1726.0,0.0,0
2022-01-01 05:00:00,19194.164,13.6,5.9,0.0,0,875.9,4.7,3023.37,1726.0,0.0,0
2022-01-01 06:00:00,19552.601,13.7,6.0,14.0,0,875.9,6.2,3023.37,1725.0,0.0,0
2022-01-01 07:00:00,20583.612,18.0,9.4,173.0,0,878.6,7.0,3023.37,1725.0,0.0,0
2022-01-01 08:00:00,21981.317,21.5,10.0,409.0,0,880.5,6.8,3023.37,1724.0,0.0,0
2022-01-01 09:00:00,22868.813,23.6,13.9,642.0,0,881.3,6.3,3023.37,1725.0,0.0,0
2022-01-01 10:00:00,23512.04,25.6,13.5,842.0,0,881.8,4.9,3023.37,1725.0,0.0,0
2022-01-01 11:00:00,23742.827,27.2,12.7,996.0,0,882.0,4.4,3023.37,1725.0,0.0,0
2022-01-01 12:00:00,23627.207,28.5,11.9,1091.0,0,881.8,3.8,3023.37,1724.0,0.0,0
2022-01-01 13:00:00,23371.049,29.4,13.4,1120.0,0,881.5,3.0,3023.37,1723.0,0.0,0
2022-01-01 14:00:00,22792.486,29.5,17.1,1079.0,0,881.4,4.4,3023.37,1722.0,0.0,0
2022-01-01 15:00:00,22486.851,29.5,16.4,969.0,0,881.0,4.0,3023.37,1722.0,0.0,0
2022-01-01 16:00:00,22375.24,29.2,14.1,797.0,0,880.4,4.5,3023.37,1722.0,0.0,0
2022-01-01 17:00:00,22378.071,28.9,11.3,587.0,0,879.5,4.2,3023.37,1721.0,0.0,0
2022-01-01 18:00:00,22272.032,29.2,8.7,352.0,0,879.1,2.6,3023.37,1720.0,0.0,0
2022-01-01 19:00:00,23435.423,26.3,14.8,129.0,0,879.0,0.7,3023.37,1720.0,0.0,0
2022-01-01 20:00:00,23577.777,23.8,14.4,5.0,0,878.6,-1.5,3023.37,1720.0,0.0,0
2022-01-01 21:00:00,22211.648,22.1,12.0,0.0,0,878.6,-2.9,3023.37,1720.0,0.0,0
2022-01-01 22:00:00,21176.022,20.0,9.5,0.0,0,878.5,-3.4,3023.37,1720.0,0.0,0
2022-01-01 23:00:00,20075.562,18.2,9.0,0.0,0,877.8,-3.0,3023.37,1720.0,0.0,0
2022-01-02 00:00:00,19431.854,17.3,9.0,0.0,0,877.5,-2.6,3023.37,1719.0,0.0,0
2022-01-02 01:00:00,18957.93,15.7,10.0,0.0,0,876.5,-1.8,3023.37,1720.0,0.0,0
2022-01-02 02:00:00,18831.403,14.8,9.9,0.0,0,876.6,-2.1,3023.37,1720.0,0.0,0
2022-01-02 03:00:00,18678.934,13.5,11.3,0.0,0,876.0,-1.5,3023.37,1723.0,0.0,0
2022-01-02 04:00:00,18877.106,14.2,10.1,0.0,0,876.6,-1.2,3023.37,1726.0,0.0,0
2022-01-02 05:00:00,19190.224,16.3,5.2,0.0,0,878.1,-1.7,3023.37,1726.0,0.0,0
2022-01-02 06:00:00,19835.394,14.2,6.9,14.0,0,877.7,2.3,3023.37,1725.0,0.0,0
2022-01-02 07:00:00,21160.833,17.2,7.2,172.0,0,879.5,1.8,3023.37,1724.0,0.0,0
2022-01-02 08:00:00,22573.095,20.1,7.0,412.0,0,881.0,1.9,3023.37,1723.0,0.0,0
2022-01-02 09:00:00,23571.555,22.5,6.6,649.0,0,881.4,3.7,3023.37,1723.0,0.0,0
2022-01-02 10:00:00,23884.43,24.9,7.1,856.0,0,881.9,4.3,3023.37,1721.0,0.0,0
2022-01-02 11:00:00,23866.43,27.0,9.2,1014.0,0,882.1,2.4,3023.37,1721.0,0.0,0
2022-01-02 12:00:00,23793.411,28.3,12.5,1111.0,0,881.8,1.6,3023.37,1721.0,0.0,0
2022-01-02 13:00:00,23422.108,29.1,16.4,1142.0,0,881.4,2.4,3023.37,1719.0,0.0,0
2022-01-02 14:00:00,23322.93,29.7,16.4,1098.0,0,880.6,2.9,3023.37,1718.0,0.0,0
2022-01-02 15:00:00,23261.115,30.0,15.6,983.0,0,880.1,3.3,3023.37,1717.0,0.0,0
2022-01-02 16:00:00,23487.904,30.1,15.1,813.0,0,879.4,2.8,3023.37,1715.0,0.0,0
2022-01-02 17:00:00,23735.076,29.7,16.7,600.0,0,878.8,1.9,3023.37,1714.0,0.0,0
2022-01-02 18:00:00,23988.307,28.8,16.6,362.0,0,878.5,0.9,3023.37,1714.0,0.0,0
2022-01-02 19:00:00,24481.861,25.5,7.6,133.0,0,877.6,2.6,3023.37,1714.0,0.0,0
2022-01-02 20:00:00,23832.874,21.7,11.2,5.0,0,876.1,2.7,3023.37,1712.0,0.0,0
2022-01-02 21:00:00,22418.536,20.6,11.9,0.0,0,876.2,4.0,3023.37,1711.0,0.0,0
2022-01-02 22:00:00,21006.371,22.3,9.2,0.0,0,877.4,2.5,3023.37,1711.0,0.0,0
2022-01-02 23:00:00,19818.736,18.1,12.5,0.0,0,876.3,3.4,3023.37,1711.0,0.0,0
2022-01-03 00:00:00,19273.934,19.9,8.1,0.0,0,876.8,3.5,3023.37,1713.0,0.0,0
2022-01-03 01:00:00,19130.744,16.0,8.4,0.0,0,875.2,4.3,3023.37,1713.0,0.0,0
2022-01-03 02:00:00,18842.239,15.6,8.9,0.0,0,875.4,3.9,3023.37,1714.0,0.0,0
2022-01-03 03:00:00,18900.666,15.4,10.3,0.0,3,875.1,4.1,3023.37,1714.0,0.0,0
2022-01-03 04:00:00,19407.525,16.8,7.4,0.0,100,876.1,3.7,3023.37,1715.0,0.0,0
2022-01-03 05:00:00,20278.325,13.6,8.4,0.0,100,874.7,4.5,3023.37,1714.0,0.0,0
2022-01-03 06:00:00,21085.291,15.5,5.8,12.0,97,875.8,5.7,3023.37,1714.0,0.0,0
2022-01-03 07:00:00,22357.233,18.4,1.8,151.0,100,877.5,7.0,3023.37,1714.0,0.0,0
2022-01-03 08:00:00,23787.113,22.3,6.6,382.0,97,879.8,4.7,3023.37,1711.0,0.0,0
2022-01-03 09:00:00,24717.713,24.6,10.3,623.0,94,880.5,3.5,3023.37,1710.0,0.0,0
2022-01-03 10:00:00,25051.201,26.8,10.7,820.0,100,880.9,3.7,3023.37,1709.0,0.0,0
2022-01-03 11:00:00,24910.698,28.2,15.2,901.0,47,881.3,4.8,3023.37,1709.0,0.0,0
2022-01-03 12:00:00,25000.72,30.3,15.0,1074.0,0,880.9,3.1,3023.37,1710.0,0.0,0
2022-01-03 13:00:00,24953.315,31.5,13.8,1125.0,0,880.5,0.9,3023.37,1709.0,0.0,0
2022-01-03 14:00:00,24911.432,31.5,17.8,1087.0,26,880.3,3.4,3023.37,1709.0,0.0,0
2022-01-03 15:00:00,25152.05,31.0,14.1,799.0,40,879.8,3.9,3023.37,1708.0,0.0,0
2022-01-03 16:00:00,25861.138,31.4,10.9,741.0,34,878.7,3.6,3023.37,1708.0,0.0,0
2022-01-03 17:00:00,25702.802,32.2,8.0,545.0,88,877.7,1.7,3023.37,1708.0,0.0,0
2022-01-03 18:00:00,25636.031,30.0,16.9,215.0,49,877.0,5.2,3023.37,1708.0,0.0,0
2022-01-03 19:00:00,26468.651,27.4,25.5,102.0,36,876.9,8.6,3023.37,1710.0,0.0,0
2022-01-03 20:00:00,25736.319,25.3,19.5,4.0,37,876.9,9.4,3023.37,1710.0,0.0,0
2022-01-03 21:00:00,23919.889,23.7,16.3,0.0,42,876.9,10.0,3023.37,1709.0,0.0,0
2022-01-03 22:00:00,22280.617,23.1,17.7,0.0,50,877.4,9.9,3023.37,1708.0,0.0,0
2022-01-03 23:00:00,21109.016,21.7,16.3,0.0,55,878.3,11.2,3023.37,1708.0,0.0,0
2022-01-04 00:00:00,20435.631,20.7,18.7,0.0,25,877.5,12.2,3023.37,1709.0,0.0,0
2022-01-04 01:00:00,20059.113,18.8,5.7,0.0,20,877.0,12.9,3023.37,1712.0,0.0,0
2022-01-04 02:00:00,19795.159,18.2,16.3,0.0,8,876.7,13.6,3023.37,1714.0,0.0,0
2022-01-04 03:00:00,20030.347,18.1,20.2,0.0,4,876.7,13.7,3023.37,1714.0,0.0,0
2022-01-04 04:00:00,20575.564,17.8,20.5,0.0,27,876.7,13.7,3023.37,1714.0,0.0,0
2022-01-04 05:00:00,21403.917,17.5,19.9,0.0,1,876.9,13.6,3023.37,1714.0,0.0,0
2022-01-04 06:00:00,22092.671,17.6,20.3,11.0,22,877.5,13.5,3023.37,1714.0,0.0,0
2022-01-04 07:00:00,23408.515,19.6,17.8,132.0,10,878.5,13.9,3023.37,1713.0,0.0,0
2022-01-04 08:00:00,24786.5,22.1,21.7,372.0,0,879.5,14.1,3023.37,1712.0,0.0,0
2022-01-04 09:00:00,25297.439,24.6,24.4,608.0,0,879.7,14.2,3023.37,1711.0,0.0,0
2022-01-04 10:00:00,25542.442,27.2,27.0,814.0,0,880.0,14.2,3023.37,1711.0,0.0,0
2022-01-04 11:00:00,25788.585,29.0,28.0,968.0,8,880.1,15.0,3023.37,1710.0,0.0,0
2022-01-04 12:00:00,25677.435,32.3,29.6,1032.0,89,879.9,10.4,3023.37,1710.0,0.0,0
2022-01-04 13:00:00,25506.804,32.1,24.7,838.0,29,879.2,9.3,3023.37,1710.0,0.0,0
2022-01-04 14:00:00,25400.562,31.6,29.0,939.0,97,879.8,10.4,3023.37,1709.0,0.0,0
2022-01-04 15:00:00,25829.84,31.5,25.3,767.0,72,878.8,10.6,3023.37,1709.0,0.0,0
2022-01-04 16:00:00,26408.827,31.7,28.6,706.0,59,878.3,6.9,3023.37,1708.0,0.0,0
2022-01-04 17:00:00,26285.946,30.4,26.9,440.0,63,877.6,5.9,3023.37,1707.0,0.0,0
2022-01-04 18:00:00,25995.22,29.5,18.5,241.0,46,877.2,9.3,3023.37,1707.0,0.0,0
2022-01-04 19:00:00,26810.469,27.9,9.9,114.0,20,877.0,10.0,3023.37,1707.0,0.0,0
2022-01-04 20:00:00,26040.671,25.7,15.2,4.0,23,876.9,10.6,3023.37,1707.0,0.0,0
2022-01-04 21:00:00,24214.091,24.1,20.8,0.0,45,877.8,11.7,3023.37,1706.0,0.0,0
2022-01-04 22:00:00,22804.943,22.3,22.1,0.0,1,878.2,14.5,3023.37,1706.0,0.0,0
2022-01-04 23:00:00,21569.595,20.9,14.8,0.0,0,878.3,14.4,3023.37,1706.0,0.0,0
2022-01-05 00:00:00,20981.983,20.3,13.0,0.0,0,877.9,14.2,3023.37,1706.0,0.0,0
2022-01-05 01:00:00,20575.117,19.8,14.2,0.0,0,878.1,14.6,3023.37,1706.0,0.0,0
2022-01-05 02:00:00,20324.114,18.7,15.1,0.0,0,878.2,15.8,3023.37,1706.0,0.0,0
2022-01-05 03:00:00,20402.773,18.2,15.6,0.0,0,877.8,15.8,3023.37,1707.0,0.0,0
2022-01-05 04:00:00,20889.649,17.5,13.2,0.0,0,877.5,15.5,3023.37,1708.0,0.0,0
2022-01-05 05:00:00,21771.003,16.9,10.5,0.0,0,877.6,15.1,3023.37,1707.0,0.0,0
2022-01-05 06:00:00,22694.031,16.9,10.7,11.0,0,878.0,14.8,3023.37,1707.0,0.0,0
2022-01-05 07:00:00,23818.908,19.7,11.2,162.0,0,879.7,15.0,3023.37,1708.0,0.0,0
2022-01-05 08:00:00,25149.934,22.8,12.9,397.0,0,880.9,14.7,3023.37,1707.0,0.0,0
2022-01-05 09:00:00,25663.854,25.9,13.0,631.0,0,881.6,13.6,3023.37,1706.0,0.0,0
2022-01-05 10:00:00,25985.793,28.5,12.3,835.0,0,882.1,10.4,3023.37,1706.0,0.0,0
2022-01-05 11:00:00,26020.465,30.3,12.1,991.0,0,882.3,9.4,3023.37,1705.0,0.0,0
2022-01-05 12:00:00,26043.596,32.0,12.7,1089.0,1,882.1,6.7,3023.37,1705.0,0.0,0
2022-01-05 13:00:00,25929.3,33.1,11.5,1106.0,0,881.7,4.0,3023.37,1704.0,0.0,0
2022-01-05 14:00:00,25904.926,32.8,9.7,1083.0,0,882.0,3.4,3023.37,1704.0,0.0,0
2022-01-05 15:00:00,26314.091,33.3,8.2,970.0,21,881.3,3.5,3023.37,1704.0,0.0,0
2022-01-05 16:00:00,26734.081,33.1,8.2,750.0,13,880.7,3.7,3023.37,1704.0,0.0,0
2022-01-05 17:00:00,26580.718,33.0,9.2,550.0,26,880.2,3.8,3023.37,1704.0,0.0,0
2022-01-05 18:00:00,26431.383,32.4,7.9,328.0,18,879.7,3.8,3023.37,1705.0,0.0,0
2022-01-05 19:00:00,27154.101,28.9,8.3,127.0,14,878.9,7.2,3023.37,1706.0,0.0,0
2022-01-05 20:00:00,26569.3,25.4,7.8,5.0,1,878.0,7.6,3023.37,1707.0,0.0,0
2022-01-05 21:00:00,24817.637,24.2,8.4,0.0,13,878.3,6.4,3023.37,1708.0,0.0,0
2022-01-05 22:00:00,23489.813,22.6,8.4,0.0,2,878.1,6.4,3023.37,1708.0,0.0,0
2022-01-05 23:00:00,22126.308,22.0,8.7,0.0,86,878.3,6.6,3023.37,1709.0,0.0,0
2022-01-06 00:00:00,21416.536,21.6,9.2,0.0,43,878.1,7.5,3023.37,1710.0,0.0,0
2022-01-06 01:00:00,20933.522,21.4,13.0,0.0,56,878.2,7.9,3023.37,1710.0,0.0,0
2022-01-06 02:00:00,20813.579,20.4,10.7,0.0,37,879.0,12.3,3023.37,1710.0,0.0,0
2022-01-06 03:00:00,20832.28,19.8,10.9,0.0,0,878.9,13.0,3023.37,1710.0,0.0,0
2022-01-06 04:00:00,21319.984,18.9,9.1,0.0,87,878.7,13.1,3023.37,1709.0,0.0,0
2022-01-06 05:00:00,22304.096,18.2,8.2,0.0,100,878.7,13.4,3023.37,1709.0,0.0,0
2022-01-06 06:00:00,23096.215,19.4,5.8,6.0,85,880.0,13.6,3023.37,1710.0,0.0,0
2022-01-06 07:00:00,24246.269,21.2,10.1,102.0,20,881.5,13.7,3023.37,1710.0,0.0,0
2022-01-06 08:00:00,25610.299,24.3,7.2,369.0,99,882.7,12.2,3023.37,1710.0,0.0,0
2022-01-06 09:00:00,26242.14,25.9,5.5,547.0,70,883.4,11.5,3023.37,1709.0,0.0,0
2022-01-06 10:00:00,26510.951,27.3,2.6,711.0,98,883.4,11.5,3023.37,1709.0,0.0,0
2022-01-06 11:00:00,26523.797,28.7,2.5,741.0,67,883.3,11.3,3023.37,1708.0,0.0,0
2022-01-06 12:00:00,26466.235,29.5,5.1,797.0,63,883.1,11.2,3023.37,1708.0,0.0,0
2022-01-06 13:00:00,26587.095,28.1,16.7,832.0,93,882.9,11.4,3023.37,1707.0,0.0,0
2022-01-06 14:00:00,26630.107,30.1,14.0,783.0,18,882.5,10.6,3023.37,1707.0,0.0,0
2022-01-06 15:00:00,26963.587,29.7,11.4,776.0,16,881.8,11.3,3023.37,1706.0,0.0,0
2022-01-06 16:00:00,27391.531,29.9,8.4,691.0,45,881.1,11.8,3023.37,1706.0,0.0,0
2022-01-06 17:00:00,27486.155,28.4,11.7,501.0,70,880.6,11.6,3023.37,1706.0,0.0,0
2022-01-06 18:00:00,27318.069,27.9,6.8,236.0,13,880.4,11.3,3023.37,1707.0,0.0,0
2022-01-06 19:00:00,27661.69,26.6,3.8,108.0,73,880.3,15.2,3023.37,1707.0,0.0,0
2022-01-06 20:00:00,26686.457,24.6,3.6,3.0,47,880.9,13.9,3023.37,1707.0,0.0,0
2022-01-06 21:00:00,24998.057,23.5,9.7,0.0,31,881.2,14.2,3023.37,1708.0,0.0,0
2022-01-06 22:00:00,23360.489,20.7,13.0,0.0,27,881.8,15.2,3023.37,1708.0,0.0,0
2022-01-06 23:00:00,22045.702,19.4,10.4,0.0,26,881.5,15.1,3023.37,1710.0,0.0,0
2022-01-07 00:00:00,21259.613,19.0,12.2,0.0,68,881.9,15.2,3023.37,1711.0,0.0,0
2022-01-07 01:00:00,20878.657,18.7,10.2,0.0,30,881.6,15.5,3023.37,1712.0,0.0,0
2022-01-07 02:00:00,20597.442,18.3,5.6,0.0,30,881.4,15.7,3023.37,1714.0,0.0,0
2022-01-07 03:00:00,20746.028,18.3,12.5,0.0,98,880.7,15.8,3023.37,1714.0,0.0,0
2022-01-07 04:00:00,21279.958,18.2,15.9,0.0,56,880.6,15.8,3023.37,1715.0,0.0,0
2022-01-07 05:00:00,22147.468,17.8,11.7,0.0,51,880.8,15.9,3023.37,1714.0,0.0,0
2022-01-07 06:00:00,23169.608,17.8,12.9,9.0,4,881.1,16.2,3023.37,1714.0,0.0,0
2022-01-07 07:00:00,24655.967,19.7,13.9,145.0,0,882.0,16.5,3023.37,1714.0,0.0,0
2022-01-07 08:00:00,26021.425,22.1,15.3,368.0,0,882.9,16.2,3023.37,1714.0,0.0,0
2022-01-07 09:00:00,26569.344,24.3,16.1,597.0,0,883.4,15.6,3023.37,1712.0,0.0,0
2022-01-07 10:00:00,26779.792,26.4,15.0,800.0,0,883.8,15.3,3023.37,1712.0,0.0,0
2022-01-07 11:00:00,26871.823,27.9,14.8,956.0,25,883.8,15.1,3023.37,1713.0,0.0,0
2022-01-07 12:00:00,26760.655,28.9,13.2,897.0,21,883.4,14.6,3023.37,1712.0,0.0,0
2022-01-07 13:00:00,26370.356,30.5,12.4,990.0,20,883.0,13.3,3023.37,1713.0,0.0,0
2022-01-07 14:00:00,26398.496,29.8,10.8,977.0,12,882.8,11.9,3023.37,1712.0,0.0,0
2022-01-07 15:00:00,26577.129,30.3,8.9,927.0,20,882.2,10.5,3023.37,1713.0,0.0,0
2022-01-07 16:00:00,27132.834,30.3,8.1,700.0,15,881.4,9.6,3023.37,1713.0,0.0,0
2022-01-07 17:00:00,26787.977,30.0,5.1,539.0,27,880.8,9.2,3023.37,1713.0,0.0,0
2022-01-07 18:00:00,26333.061,29.7,5.0,322.0,24,880.6,9.1,3023.37,1714.0,0.0,0
2022-01-07 19:00:00,27114.556,27.2,5.0,121.0,27,880.3,11.4,3023.37,1714.0,0.0,0
2022-01-07 20:00:00,26409.796,25.0,11.0,5.0,13,880.2,11.7,3023.37,1714.0,0.0,0
2022-01-07 21:00:00,24904.084,23.8,9.4,0.0,14,880.7,11.8,3023.37,1713.0,0.0,0
2022-01-07 22:00:00,23517.073,23.1,10.2,0.0,9,881.2,12.1,3023.37,1714.0,0.0,0
2022-01-07 23:00:00,22300.695,22.2,9.7,0.0,2,881.2,12.4,3023.37,1713.0,0.0,0
2022-01-08 00:00:00,21507.405,21.1,12.3,0.0,16,881.9,13.2,3023.37,1714.0,0.0,0
2022-01-08 01:00:00,21318.684,21.0,15.5,0.0,21,882.0,14.2,3023.37,1713.0,0.0,0
2022-01-08 02:00:00,21055.294,20.7,12.1,0.0,25,881.6,14.2,3023.37,1713.0,0.0,0
2022-01-08 03:00:00,21049.867,20.2,18.2,0.0,43,881.7,14.5,3023.37,1713.0,0.0,0
2022-01-08 04:00:00,21273.193,19.7,16.0,0.0,12,881.5,14.6,3023.37,1714.0,0.0,0
2022-01-08 05:00:00,21512.952,19.1,16.1,0.0,5,881.8,14.9,3023.37,1714.0,0.0,0
2022-01-08 06:00:00,22031.168,18.9,15.8,8.0,1,882.3,15.2,3023.37,1714.0,0.0,0
2022-01-08 07:00:00,23606.118,20.5,16.7,142.0,1,883.3,15.5,3023.37,1714.0,0.0,0
2022-01-08 08:00:00,25226.993,22.9,18.9,365.0,0,884.1,15.8,3023.37,1714.0,0.0,0
2022-01-08 09:00:00,25664.5,25.1,19.0,592.0,0,884.8,16.3,3023.37,1714.0,0.0,0
2022-01-08 10:00:00,25770.625,26.9,17.0,792.0,8,884.9,16.3,3023.37,1713.0,0.0,0
2022-01-08 11:00:00,25594.652,28.5,15.3,921.0,18,885.1,16.3,3023.37,1712.0,0.0,0
2022-01-08 12:00:00,25419.524,29.8,14.2,984.0,32,884.7,15.8,3023.37,1711.0,0.0,0
2022-01-08 13:00:00,25069.001,30.4,13.0,963.0,63,884.2,15.3,3023.37,1710.0,0.0,0
2022-01-08 14:00:00,24811.986,30.5,11.9,820.0,100,883.7,13.7,3023.37,1708.0,0.0,0
2022-01-08 15:00:00,24682.113,30.3,11.7,645.0,87,882.9,13.2,3023.37,1708.0,0.0,0
2022-01-08 16:00:00,25043.823,30.5,9.5,675.0,62,882.2,12.7,3023.37,1707.0,0.0,0
2022-01-08 17:00:00,24807.122,29.8,9.8,428.0,68,881.7,12.6,3023.37,1708.0,0.0,0
2022-01-08 18:00:00,25206.265,28.1,11.4,243.0,58,881.7,12.7,3023.37,1707.0,0.0,0
2022-01-08 19:00:00,26419.797,26.7,7.4,108.0,35,882.0,13.9,3023.37,1707.0,0.0,0
2022-01-08 20:00:00,25831.703,24.2,7.4,4.0,16,881.5,15.2,3023.37,1708.0,0.0,0
2022-01-08 21:00:00,24196.412,23.5,7.5,0.0,5,881.9,15.0,3023.37,1708.0,0.0,0
2022-01-08 22:00:00,22786.307,22.6,14.1,0.0,14,882.7,15.3,3023.37,1707.0,0.0,0
2022-01-08 23:00:00,21385.77,20.0,14.1,0.0,45,882.8,15.3,3023.37,1708.0,0.0,0
2022-01-09 00:00:00,20629.161,19.9,8.0,0.0,40,882.9,15.5,3023.37,1706.0,0.0,0
2022-01-09 01:00:00,20238.529,19.4,16.0,0.0,22,882.8,15.5,3023.37,1707.0,0.0,0
2022-01-09 02:00:00,19900.108,18.3,9.7,0.0,8,881.7,15.3,3023.37,1706.0,0.0,0
2022-01-09 03:00:00,20089.726,17.7,7.9,0.0,18,881.3,15.1,3023.37,1706.0,0.0,0
2022-01-09 04:00:00,20405.82,17.4,9.9,0.0,6,881.2,14.8,3023.37,1706.0,0.0,0
2022-01-09 05:00:00,20727.67,17.4,12.4,0.0,14,881.1,14.7,3023.37,1706.0,0.0,0
2022-01-09 06:00:00,21699.104,17.5,12.5,8.0,9,881.3,15.0,3023.37,1706.0,0.0,0
2022-01-09 07:00:00,23463.24,19.4,12.7,135.0,4,882.2,15.6,3023.37,1706.0,0.0,0
2022-01-09 08:00:00,24937.114,21.7,13.0,352.0,0,882.9,15.8,3023.37,1706.0,0.0,0
2022-01-09 09:00:00,25542.486,24.1,14.9,586.0,0,883.4,15.9,3023.37,1707.0,0.0,0
2022-01-09 10:00:00,25634.864,26.1,17.4,787.0,5,883.6,15.4,3023.37,1706.0,0.0,0
2022-01-09 11:00:00,25736.328,27.7,17.3,920.0,17,883.3,14.9,3023.37,1706.0,0.0,0
2022-01-09 12:00:00,25691.366,28.8,15.5,992.0,29,882.9,15.3,3023.37,1705.0,0.0,0
2022-01-09 13:00:00,25346.905,29.5,15.0,1012.0,40,882.2,15.5,3023.37,1704.0,0.0,0
2022-01-09 14:00:00,24931.626,29.3,12.9,963.0,51,881.3,15.2,3023.37,1703.0,0.0,0
2022-01-09 15:00:00,24618.855,29.2,15.3,814.0,99,880.4,14.3,3023.37,1703.0,0.0,0
2022-01-09 16:00:00,24852.995,24.9,8.7,490.0,99,879.6,16.2,3023.37,1702.0,0.0,0
2022-01-09 17:00:00,25096.697,25.1,5.5,318.0,96,878.8,15.8,3023.37,1702.0,0.0,0
2022-01-09 18:00:00,25539.254,25.5,5.8,253.0,28,878.5,15.6,3023.37,1703.0,0.0,0
2022-01-09 19:00:00,26692.473,24.0,5.0,114.0,56,878.7,19.3,3023.37,1704.0,0.0,0
2022-01-09 20:00:00,25979.275,24.2,3.1,4.0,48,879.4,16.2,3023.37,1705.0,0.0,0
2022-01-09 21:00:00,24170.869,21.9,5.6,0.0,58,878.5,17.1,3023.37,1705.0,0.0,0
2022-01-09 22:00:00,22731.853,21.2,6.0,0.0,67,878.2,16.8,3023.37,1703.0,0.0,0
2022-01-09 23:00:00,21499.933,21.4,10.4,0.0,16,878.7,15.8,3023.37,1703.0,0.0,0
2022-01-10 00:00:00,20906.715,19.6,7.0,0.0,19,877.9,16.1,3023.37,1703.0,0.0,0
2022-01-10 01:00:00,20452.331,19.2,8.7,0.0,88,878.6,16.2,3023.37,1703.0,0.0,0
2022-01-10 02:00:00,20528.399,17.7,9.4,0.0,99,877.9,16.3,3023.37,1702.0,0.0,0
2022-01-10 03:00:00,20771.215,17.6,10.8,0.0,100,877.2,16.0,3023.37,1702.0,0.0,0
2022-01-10 04:00:00,21165.282,17.9,12.6,0.0,42,876.8,15.6,3023.37,1703.0,0.0,0
2022-01-10 05:00:00,22591.168,17.6,13.0,0.0,63,876.9,15.3,3023.37,1703.0,0.0,0
2022-01-10 06:00:00,23532.797,18.1,13.3,6.0,49,877.3,14.9,3023.37,1703.0,0.0,0
2022-01-10 07:00:00,24926.548,19.6,14.0,121.0,99,878.1,15.1,3023.37,1703.0,0.0,0
2022-01-10 08:00:00,26093.974,21.5,17.4,304.0,29,879.0,14.3,3023.37,1701.0,0.0,0
2022-01-10 09:00:00,26687.878,23.8,21.7,587.0,67,879.4,13.8,3023.37,1702.0,0.0,0
2022-01-10 10:00:00,26796.644,25.2,26.2,656.0,93,879.0,13.1,3023.37,1701.0,0.0,0
2022-01-10 11:00:00,26964.419,26.3,22.2,762.0,100,879.3,14.3,3023.37,1702.0,0.0,0
2022-01-10 12:00:00,26871.174,27.2,21.3,727.0,98,879.0,14.1,3023.37,1704.0,0.0,0
2022-01-10 13:00:00,26738.634,28.2,19.6,822.0,100,878.5,14.8,3023.37,1702.0,0.0,0
2022-01-10 14:00:00,26747.326,25.7,23.0,423.0,99,878.2,14.6,3023.37,1703.0,0.0,0
2022-01-10 15:00:00,27155.005,26.0,20.2,507.0,16,877.8,15.1,3023.37,1702.0,0.0,0
2022-01-10 16:00:00,27313.719,26.2,16.3,631.0,43,877.1,15.1,3023.37,1700.0,0.0,0
2022-01-10 17:00:00,27143.249,25.0,18.7,420.0,27,876.6,15.9,3023.37,1694.0,0.0,0
2022-01-10 18:00:00,26795.542,24.7,6.4,305.0,42,876.5,16.0,3023.37,1694.0,0.0,0
2022-01-10 19:00:00,27644.637,21.5,13.5,94.0,90,876.7,17.1,3023.37,1693.0,0.0,0
2022-01-10 20:00:00,27126.841,18.0,12.9,3.0,51,875.7,16.8,3023.37,1692.0,0.0,0
2022-01-10 21:00:00,25457.684,18.5,3.4,0.0,44,876.4,17.1,3023.37,1693.0,0.0,0
2022-01-10 22:00:00,23594.756,18.5,4.7,0.0,37,877.5,17.5,3023.37,1693.0,0.0,0
2022-01-10 23:00:00,22261.265,18.6,8.6,0.0,18,877.9,17.3,3023.37,1692.0,0.0,0
2022-01-11 00:00:00,21617.199,18.0,13.2,0.0,71,878.1,16.6,3023.37,1692.0,0.0,0
2022-01-11 01:00:00,21425.018,18.2,4.5,0.0,47,877.8,17.1,3023.37,1691.0,0.0,0
2022-01-11 02:00:00,21056.388,18.1,9.7,0.0,83,877.5,17.0,3023.37,1691.0,0.0,0
2022-01-11 03:00:00,21271.405,17.5,9.7,0.0,93,877.9,16.8,3023.37,1690.0,0.0,0
2022-01-11 04:00:00,22141.705,17.3,3.8,0.0,100,877.8,16.7,3023.37,1690.0,0.0,0
2022-01-11 05:00:00,23061.959,17.3,7.6,0.0,95,878.1,16.9,3023.37,1690.0,0.0,0
2022-01-11 06:00:00,24210.844,17.8,1.9,2.0,94,878.3,16.6,3023.37,1688.0,0.0,0
2022-01-11 07:00:00,25456.049,18.4,7.2,46.0,100,879.0,17.1,3023.37,1687.0,0.0,0
2022-01-11 08:00:00,26842.363,19.6,7.3,163.0,24,880.0,17.2,3023.37,1686.0,0.0,0
2022-01-11 09:00:00,27166.741,22.0,8.7,551.0,7,880.9,17.4,3023.37,1683.0,0.0,0
2022-01-11 10:00:00,27559.955,23.7,11.6,742.0,33,881.1,17.6,3023.37,1681.0,0.0,0
2022-01-11 11:00:00,27748.865,24.7,10.8,799.0,85,881.1,17.6,3023.37,1680.0,0.0,0
2022-01-11 12:00:00,27699.854,25.5,10.1,815.0,40,880.8,17.6,3023.37,1680.0,0.0,0
2022-01-11 13:00:00,27672.281,26.7,7.9,908.0,17,880.4,17.4,3023.37,1679.0,0.0,0
2022-01-11 14:00:00,27786.048,27.6,1.8,973.0,33,879.4,15.6,3023.37,1677.0,0.0,0
2022-01-11 15:00:00,28096.131,28.1,1.3,801.0,16,879.1,15.7,3023.37,1675.0,0.0,0
2022-01-11 16:00:00,28218.672,28.8,5.4,684.0,31,878.8,15.6,3023.37,1673.0,0.0,0
2022-01-11 17:00:00,27719.5,27.0,2.9,480.0,59,878.4,15.1,3023.37,1673.0,0.0,0
2022-01-11 18:00:00,27565.484,25.4,6.1,217.0,69,878.6,16.3,3023.37,1671.0,0.0,0
2022-01-11 19:00:00,28138.126,23.8,4.3,85.0,82,878.4,17.4,3023.37,1672.0,0.0,0
2022-01-11 20:00:00,27617.353,22.2,6.0,4.0,100,878.5,17.3,3023.37,1672.0,0.0,0
2022-01-11 21:00:00,25406.626,22.2,5.4,0.0,71,879.2,17.4,3023.37,1671.0,0.0,0
2022-01-11 22:00:00,23556.625,23.0,1.8,0.0,62,879.6,16.9,3023.37,1670.0,0.0,0
2022-01-11 23:00:00,22397.339,20.5,5.4,0.0,33,878.5,17.3,3023.37,1670.0,0.0,0
2022-01-12 00:00:00,21934.162,19.8,6.5,0.0,32,878.6,17.4,3023.37,1669.0,0.0,0
2022-01-12 01:00:00,21495.287,19.2,5.9,0.0,0,878.3,17.7,3023.37,1668.0,0.0,0
2022-01-12 02:00:00,21362.734,19.3,7.4,0.0,18,878.0,15.9,3023.37,1670.0,0.0,0
2022-01-12 03:00:00,21669.425,19.9,4.5,0.0,82,878.2,16.1,3023.37,1672.0,0.0,0
2022-01-12 04:00:00,22637.687,19.5,6.0,0.0,5,878.5,16.1,3023.37,1673.0,0.0,0
2022-01-12 05:00:00,24539.286,18.2,6.4,0.0,0,878.5,16.1,3023.37,1674.0,0.0,0
2022-01-12 06:00:00,24995.842,18.5,8.2,6.0,0,878.8,16.4,3023.37,1677.0,0.0,0
2022-01-12 07:00:00,25293.019,20.7,11.0,133.0,0,880.6,17.2,3023.37,1676.0,0.0,0
2022-01-12 08:00:00,26226.451,23.0,13.4,354.0,0,881.9,17.3,3023.37,1677.0,0.0,0
2022-01-12 09:00:00,26784.665,24.8,13.0,580.0,0,882.6,17.5,3023.37,1675.0,0.0,0
2022-01-12 10:00:00,27172.36,26.4,8.8,782.0,7,882.9,17.4,3023.37,1675.0,0.0,0
2022-01-12 11:00:00,27238.275,27.7,6.8,914.0,15,883.3,17.4,3023.37,1675.0,0.0,0
2022-01-12 12:00:00,27245.64,28.5,6.4,973.0,17,883.1,17.2,3023.37,1674.0,0.0,0
2022-01-12 13:00:00,27192.532,29.1,5.6,962.0,17,882.8,16.8,3023.37,1673.0,0.0,0
2022-01-12 14:00:00,27491.302,29.1,7.3,936.0,45,882.1,16.1,3023.37,1672.0,0.0,0
2022-01-12 15:00:00,27757.892,29.6,8.3,777.0,35,881.4,15.3,3023.37,1671.0,0.0,0
2022-01-12 16:00:00,27806.265,29.2,6.8,657.0,62,881.1,15.6,3023.37,1671.0,0.0,0
2022-01-12 17:00:00,27775.964,28.3,2.9,430.0,88,881.0,15.1,3023.37,1669.0,0.0,0
2022-01-12 18:00:00,27779.776,27.0,7.7,217.0,68,880.9,15.3,3023.37,1669.0,0.0,0
2022-01-12 19:00:00,28372.262,25.0,10.3,86.0,57,881.0,16.3,3023.37,1670.0,0.0,0
2022-01-12 20:00:00,27192.666,23.5,9.8,4.0,60,881.2,16.5,3023.37,1669.0,0.0,0
2022-01-12 21:00:00,25308.264,22.5,10.7,0.0,42,881.4,16.6,3023.37,1668.0,0.0,0
2022-01-12 22:00:00,23791.151,21.3,10.5,0.0,43,881.3,16.6,3023.37,1667.0,0.0,0
2022-01-12 23:00:00,22584.84,20.9,10.6,0.0,82,881.9,16.9,3023.37,1668.0,0.0,0
2022-01-13 00:00:00,21702.397,20.5,10.3,0.0,85,882.3,16.9,3023.37,1668.0,0.0,0
2022-01-13 01:00:00,21265.345,20.2,10.9,0.0,5,881.7,16.7,3023.37,1669.0,0.0,0
2022-01-13 02:00:00,21219.953,19.9,12.8,0.0,1,880.8,15.9,3023.37,1670.0,0.0,0
2022-01-13 03:00:00,21477.87,19.3,12.4,0.0,1,880.8,15.9,3023.37,1669.0,0.0,0
2022-01-13 04:00:00,22576.449,18.9,12.2,0.0,4,881.0,16.0,3023.37,1670.0,0.0,0
2022-01-13 05:00:00,24337.833,18.6,12.0,0.0,9,881.1,16.1,3023.37,1671.0,0.0,0
2022-01-13 06:00:00,25321.9,18.6,13.8,5.0,11,881.6,16.1,3023.37,1670.0,0.0,0
2022-01-13 07:00:00,25719.876,20.1,13.8,127.0,0,882.7,16.5,3023.37,1670.0,0.0,0
2022-01-13 08:00:00,26805.612,22.0,14.3,348.0,0,883.6,16.8,3023.37,1670.0,0.0,0
2022-01-13 09:00:00,26963.606,24.0,13.9,574.0,2,884.4,16.9,3023.37,1669.0,0.0,0
2022-01-13 10:00:00,27566.987,25.9,11.9,774.0,7,884.6,17.0,3023.37,1669.0,0.0,0
2022-01-13 11:00:00,27678.869,27.3,10.5,927.0,4,884.7,17.1,3023.37,1669.0,0.0,0
2022-01-13 12:00:00,27778.688,28.3,7.3,1010.0,14,884.4,16.8,3023.37,1669.0,0.0,0
2022-01-13 13:00:00,27931.744,29.2,5.4,1019.0,12,884.0,17.1,3023.37,1668.0,0.0,0
2022-01-13 14:00:00,28033.457,29.8,5.8,990.0,33,883.2,16.8,3023.37,1667.0,0.0,0
2022-01-13 15:00:00,28422.547,28.2,8.2,599.0,100,882.2,16.1,3023.37,1668.0,0.0,0
2022-01-13 16:00:00,28558.933,25.3,9.9,306.0,92,881.7,17.5,3023.37,1667.0,0.0,0
2022-01-13 17:00:00,28181.884,26.4,6.1,480.0,60,881.9,17.5,3023.37,1668.0,0.0,0
2022-01-13 18:00:00,27990.678,26.0,5.2,287.0,27,881.5,17.1,3023.37,1668.0,0.0,0
2022-01-13 19:00:00,28681.778,24.5,3.7,118.0,17,881.6,20.2,3023.37,1670.0,0.0,0
2022-01-13 20:00:00,28059.372,22.5,6.2,5.0,12,881.6,18.2,3023.37,1669.0,0.0,0
2022-01-13 21:00:00,26038.503,21.7,6.3,0.0,16,881.8,18.3,3023.37,1669.0,0.0,0
2022-01-13 22:00:00,24520.682,19.9,25.4,0.0,99,883.9,17.6,3023.37,1669.0,0.0,0
2022-01-13 23:00:00,23224.641,19.6,14.3,0.0,54,883.5,17.8,3023.37,1669.0,0.0,0
2022-01-14 00:00:00,22416.534,19.7,10.8,0.0,60,882.6,17.4,3023.37,1667.0,0.0,0
2022-01-14 01:00:00,21920.542,19.4,8.3,0.0,37,882.3,17.4,3023.37,1667.0,0.0,0
2022-01-14 02:00:00,21905.045,18.6,8.7,0.0,10,882.1,17.1,3023.37,1666.0,0.0,0
2022-01-14 03:00:00,22164.378,18.2,8.7,0.0,0,881.5,17.1,3023.37,1665.0,0.0,0
2022-01-14 04:00:00,23127.573,18.0,10.1,0.0,0,881.4,16.9,3023.37,1665.0,0.0,0
2022-01-14 05:00:00,24480.168,17.6,8.4,0.0,2,881.3,16.9,3023.37,1663.0,0.0,0
2022-01-14 06:00:00,25649.391,17.5,6.9,5.0,11,881.5,16.9,3023.37,1663.0,0.0,0
2022-01-14 07:00:00,26527.032,19.3,7.8,125.0,2,882.3,17.4,3023.37,1662.0,0.0,0
2022-01-14 08:00:00,27694.249,21.8,13.9,344.0,60,883.4,16.9,3023.37,1662.0,0.0,0
2022-01-14 09:00:00,28058.859,23.7,12.8,508.0,68,884.0,16.6,3023.37,1661.0,0.0,0
2022-01-14 10:00:00,28587.036,25.0,11.5,638.0,100,883.9,16.7,3023.37,1659.0,0.0,0
2022-01-14 11:00:00,28498.466,25.7,10.2,577.0,70,883.7,16.7,3023.37,1658.0,0.0,0
2022-01-14 12:00:00,28223.991,27.0,9.0,849.0,31,883.6,17.2,3023.37,1656.0,0.0,0
2022-01-14 13:00:00,27950.104,27.7,7.2,978.0,26,883.0,17.1,3023.37,1654.0,0.0,0
2022-01-14 14:00:00,27894.683,28.7,6.6,956.0,27,882.5,15.8,3023.37,1654.0,0.0,0
2022-01-14 15:00:00,27836.1,29.2,5.4,867.0,27,881.6,16.1,3023.37,1653.0,0.0,0
2022-01-14 16:00:00,27395.991,29.1,5.9,740.0,32,880.8,15.9,3023.37,1653.0,0.0,0
2022-01-14 17:00:00,27263.087,28.6,5.4,517.0,26,880.4,15.4,3023.37,1653.0,0.0,0
2022-01-14 18:00:00,26921.107,26.6,11.2,293.0,49,880.1,16.0,3023.37,1653.0,0.0,0
2022-01-14 19:00:00,27981.427,25.3,6.3,81.0,67,880.2,16.6,3023.37,1653.0,0.0,0
2022-01-14 20:00:00,27452.419,23.6,6.9,4.0,73,880.3,16.9,3023.37,1653.0,0.0,0
2022-01-14 21:00:00,25773.417,22.9,9.2,0.0,32,880.9,17.3,3023.37,1653.0,0.0,0
2022-01-14 22:00:00,24591.872,22.4,10.4,0.0,46,881.2,17.8,3023.37,1653.0,0.0,0
2022-01-14 23:00:00,23112.393,21.7,10.6,0.0,54,881.4,17.5,3023.37,1654.0,0.0,0
2022-01-15 00:00:00,22393.783,19.2,15.6,0.0,85,881.3,17.6,3023.37,1654.0,0.0,0
2022-01-15 01:00:00,21841.33,19.1,16.9,0.0,48,880.4,17.3,3023.37,1653.0,0.0,0
2022-01-15 02:00:00,21698.04,19.4,13.6,0.0,86,879.8,17.4,3023.37,1652.0,0.0,0
2022-01-15 03:00:00,21794.391,19.4,17.4,0.0,100,880.0,17.1,3023.37,1653.0,0.0,0
2022-01-15 04:00:00,22030.232,19.1,14.3,0.0,100,880.0,17.0,3023.37,1653.0,0.0,0
2022-01-15 05:00:00,22377.349,18.3,7.1,0.0,100,880.7,16.9,3023.37,1652.0,0.0,0
2022-01-15 06:00:00,23106.276,18.0,10.6,1.0,100,881.1,17.2,3023.37,1652.0,0.0,0
2022-01-15 07:00:00,24514.377,18.4,10.2,44.0,100,880.9,17.5,3023.37,1651.0,0.0,0
2022-01-15 08:00:00,26278.409,19.8,10.9,164.0,100,881.6,17.9,3023.37,1652.0,0.0,0
2022-01-15 09:00:00,26950.326,21.6,16.6,314.0,100,882.0,17.7,3023.37,1651.0,0.0,0
2022-01-15 10:00:00,26916.648,22.9,14.1,443.0,100,882.3,17.8,3023.37,1649.0,0.0,0
2022-01-15 11:00:00,26681.085,24.2,13.2,614.0,95,882.1,18.0,3023.37,1647.0,0.0,0
2022-01-15 12:00:00,26548.833,25.9,12.9,874.0,100,881.9,18.5,3023.37,1646.0,0.0,0
2022-01-15 13:00:00,26114.756,26.6,13.6,887.0,100,881.1,17.8,3023.37,1643.0,0.0,0
2022-01-15 14:00:00,25798.945,22.2,1.9,480.0,100,880.9,17.5,3023.37,1641.0,0.0,0
2022-01-15 15:00:00,25707.461,22.7,8.0,435.0,100,880.7,17.9,3023.37,1640.0,0.0,0
2022-01-15 16:00:00,25824.003,21.1,4.5,161.0,100,879.7,18.2,3023.37,1639.0,0.0,0
2022-01-15 17:00:00,25838.853,22.0,2.3,329.0,100,879.4,18.4,3023.37,1638.0,0.0,0
2022-01-15 18:00:00,26029.014,22.1,4.7,221.0,100,879.6,18.1,3023.37,1637.0,0.0,0
2022-01-15 19:00:00,27116.794,20.9,5.0,36.0,100,879.1,18.6,3023.37,1637.0,0.0,0
2022-01-15 20:00:00,26420.859,20.3,6.7,2.0,100,879.3,18.9,3023.37,1636.0,0.0,0
2022-01-15 21:00:00,24828.783,20.0,7.1,0.0,100,879.7,18.9,3023.37,1636.0,0.0,0
2022-01-15 22:00:00,23457.289,19.8,6.4,0.0,100,880.4,18.7,3023.37,1636.0,0.0,0
2022-01-15 23:00:00,22406.826,19.8,6.8,0.0,100,880.2,18.7,3023.37,1635.0,0.0,0
2022-01-16 00:00:00,21650.444,19.7,6.3,0.0,100,880.0,18.6,3023.37,1633.0,0.0,0
2022-01-16 01:00:00,21176.724,19.6,8.2,0.0,91,879.5,18.2,3023.37,1632.0,0.0,0
2022-01-16 02:00:00,20936.69,19.0,12.5,0.0,100,879.2,17.8,3023.37,1630.0,0.0,0
2022-01-16 03:00:00,20962.965,18.7,12.3,0.0,100,878.6,17.8,3023.37,1628.0,0.0,0
2022-01-16 04:00:00,21053.828,18.4,5.0,0.0,100,879.5,17.1,3023.37,1628.0,0.0,0
2022-01-16 05:00:00,21337.747,18.5,5.1,0.0,98,879.0,17.6,3023.37,1627.0,0.0,0
2022-01-16 06:00:00,22113.592,18.2,10.6,2.0,90,878.1,17.6,3023.37,1627.0,0.0,0
2022-01-16 07:00:00,24154.732,19.1,10.4,99.0,45,879.5,17.8,3023.37,1624.0,0.0,0
2022-01-16 08:00:00,25596.217,20.8,15.5,307.0,55,880.1,17.6,3023.37,1622.0,0.0,0
2022-01-16 09:00:00,26566.403,22.2,14.1,469.0,24,880.7,17.5,3023.37,1621.0,0.0,0
2022-01-16 10:00:00,26812.607,23.5,13.8,652.0,35,880.8,17.6,3023.37,1619.0,0.0,0
2022-01-16 11:00:00,26652.379,25.0,13.8,717.0,100,880.6,17.3,3023.37,1616.0,0.0,0
2022-01-16 12:00:00,26441.468,24.4,12.5,411.0,100,880.0,17.1,3023.37,1614.0,0.0,0
2022-01-16 13:00:00,26381.932,24.7,6.1,418.0,73,879.3,16.9,3023.37,1612.0,0.0,0
2022-01-16 14:00:00,26161.243,27.2,13.5,876.0,16,879.4,17.0,3023.37,1611.0,0.0,0
2022-01-16 15:00:00,26060.047,26.6,13.9,707.0,46,878.5,17.0,3023.37,1610.0,0.0,0
2022-01-16 16:00:00,26275.306,24.3,12.8,606.0,51,878.2,17.5,3023.37,1609.0,0.0,0
2022-01-16 17:00:00,26121.56,24.8,13.2,435.0,55,878.4,17.3,3023.37,1608.0,0.0,0
2022-01-16 18:00:00,26516.199,23.9,6.9,237.0,60,878.1,17.0,3023.37,1607.0,0.0,0
2022-01-16 19:00:00,27499.614,22.0,4.1,75.0,51,878.5,17.8,3023.37,1607.0,0.0,0
2022-01-16 20:00:00,26750.023,20.2,4.6,4.0,38,878.3,18.2,3023.37,1606.0,0.0,0
2022-01-16 21:00:00,24778.969,20.1,6.5,0.0,63,879.2,18.1,3023.37,1606.0,0.0,0
2022-01-16 22:00:00,23229.888,19.5,4.9,0.0,56,879.5,17.7,3023.37,1606.0,0.0,0
2022-01-16 23:00:00,21997.555,19.6,2.2,0.0,47,879.5,17.4,3023.37,1606.0,0.0,0
2022-01-17 00:00:00,21301.311,17.6,5.2,0.0,6,878.2,17.1,3023.37,1606.0,0.0,0
2022-01-17 01:00:00,20953.498,17.5,5.4,0.0,3,878.3,17.1,3023.37,1607.0,0.0,0
2022-01-17 02:00:00,20721.1,17.8,4.1,0.0,3,878.9,17.7,3023.37,1607.0,0.0,0
2022-01-17 03:00:00,21039.411,17.0,7.2,0.0,4,878.1,16.9,3023.37,1607.0,0.0,0
2022-01-17 04:00:00,22111.371,16.7,6.5,0.0,8,877.9,16.6,3023.37,1608.0,0.0,0
2022-01-17 05:00:00,24254.686,16.8,4.1,0.0,100,878.3,16.8,3023.37,1608.0,0.0,0
2022-01-17 06:00:00,25361.52,17.1,7.1,3.0,100,878.8,17.1,3023.37,1607.0,0.0,0
2022-01-17 07:00:00,25861.354,18.3,9.8,97.0,72,880.2,17.6,3023.37,1608.0,0.0,0
2022-01-17 08:00:00,27147.455,20.4,8.9,284.0,61,881.1,17.5,3023.37,1608.0,0.0,0
2022-01-17 09:00:00,27581.383,22.6,8.6,502.0,60,881.4,17.4,3023.37,1608.0,0.0,0
2022-01-17 10:00:00,28026.854,24.1,8.7,651.0,100,881.9,17.4,3023.37,1608.0,0.0,0
2022-01-17 11:00:00,28021.335,25.2,9.2,652.0,56,882.1,17.2,3023.37,1607.0,0.0,0
2022-01-17 12:00:00,27833.901,26.2,10.4,751.0,100,882.0,16.9,3023.37,1606.0,0.0,0
2022-01-17 13:00:00,27683.615,26.9,9.5,883.0,26,881.8,17.0,3023.37,1606.0,0.0,0
2022-01-17 14:00:00,27632.203,28.3,8.9,953.0,16,882.0,16.1,3023.37,1604.0,0.0,0
2022-01-17 15:00:00,28065.777,28.6,9.0,878.0,19,881.2,15.9,3023.37,1604.0,0.0,0
2022-01-17 16:00:00,28142.613,28.5,8.4,717.0,16,880.9,15.9,3023.37,1602.0,0.0,0
2022-01-17 17:00:00,27906.536,28.1,7.3,521.0,16,880.7,15.7,3023.37,1602.0,0.0,0
2022-01-17 18:00:00,27975.273,27.4,7.8,324.0,22,880.1,16.2,3023.37,1603.0,0.0,0
2022-01-17 19:00:00,29010.611,24.8,6.6,120.0,20,879.2,19.3,3023.37,1603.0,0.0,0
2022-01-17 20:00:00,28288.498,23.0,8.6,4.0,16,879.1,17.5,3023.37,1603.0,0.0,0
2022-01-17 21:00:00,25924.688,21.8,7.5,0.0,19,879.2,17.4,3023.37,1603.0,0.0,0
2022-01-17 22:00:00,24154.617,21.0,6.2,0.0,15,879.3,17.4,3023.37,1604.0,0.0,0
2022-01-17 23:00:00,22735.154,20.9,7.5,0.0,9,879.4,17.0,3023.37,1604.0,0.0,0
2022-01-18 00:00:00,22111.397,20.7,7.5,0.0,10,879.4,16.3,3023.37,1605.0,0.0,0
2022-01-18 01:00:00,21927.823,20.0,6.9,0.0,5,879.0,16.3,3023.37,1503.0,0.0,0
2022-01-18 02:00:00,21795.509,19.8,8.4,0.0,4,878.6,15.9,3023.37,1064.0,0.0,0
2022-01-18 03:00:00,22113.399,20.0,16.8,0.0,3,879.4,15.9,3023.37,935.0,0.0,0
2022-01-18 04:00:00,22946.128,20.0,17.9,0.0,0,879.4,16.0,3023.37,867.0,0.0,0
2022-01-18 05:00:00,25206.06,19.3,16.1,0.0,0,879.5,16.1,3023.37,868.0,0.0,0
2022-01-18 06:00:00,26162.825,19.1,16.2,3.0,0,879.8,16.1,3023.37,871.0,0.0,0
2022-01-18 07:00:00,26502.698,20.5,15.2,119.0,0,881.1,16.9,3023.37,872.0,0.0,0
2022-01-18 08:00:00,27398.555,22.3,17.6,339.0,0,881.9,17.5,3023.37,874.0,0.0,0
2022-01-18 09:00:00,27807.279,24.2,16.8,569.0,0,882.3,18.4,3023.37,873.0,0.0,0
2022-01-18 10:00:00,27897.544,26.0,14.8,774.0,9,882.6,18.7,3023.37,873.0,0.0,0
2022-01-18 11:00:00,27667.728,27.2,12.1,857.0,23,882.6,17.9,3023.37,874.0,0.0,0
2022-01-18 12:00:00,27736.305,28.0,9.8,918.0,10,882.6,17.6,3023.37,872.0,0.0,0
2022-01-18 13:00:00,27478.403,28.8,7.6,984.0,24,882.3,17.1,3023.37,872.0,0.0,0
2022-01-18 14:00:00,27569.079,30.1,7.4,972.0,17,881.8,14.7,3023.37,876.0,0.0,0
2022-01-18 15:00:00,27977.923,30.5,6.8,896.0,13,881.2,14.5,3023.37,877.0,0.0,0
2022-01-18 16:00:00,28095.65,30.3,4.3,740.0,22,880.5,14.1,3023.37,875.0,0.0,0
2022-01-18 17:00:00,28116.915,30.2,3.6,523.0,69,880.0,14.1,3023.37,875.0,0.0,0
2022-01-18 18:00:00,28114.612,29.1,4.6,255.0,60,880.1,17.0,3023.37,875.0,0.0,0
2022-01-18 19:00:00,28964.001,26.2,7.4,92.0,95,879.9,16.6,3023.37,875.0,0.0,0
2022-01-18 20:00:00,28071.478,24.1,13.4,4.0,47,880.8,16.2,3023.37,875.0,0.0,0
2022-01-18 21:00:00,25783.902,21.7,12.9,0.0,28,881.7,16.3,3023.37,875.0,0.0,0
2022-01-18 22:00:00,24063.728,21.0,10.4,0.0,25,880.7,16.8,3023.37,875.0,0.0,0
2022-01-18 23:00:00,22893.674,20.6,16.0,0.0,45,881.4,16.8,3023.37,875.0,0.0,0
2022-01-19 00:00:00,22086.948,20.3,13.7,0.0,35,880.3,16.5,3023.37,877.0,0.0,0
2022-01-19 01:00:00,21754.83,19.6,13.8,0.0,20,880.3,16.8,3023.37,876.0,0.0,0
2022-01-19 02:00:00,21626.6,19.2,6.9,0.0,17,880.4,16.7,3023.37,876.0,0.0,0
2022-01-19 03:00:00,21683.009,18.8,5.8,0.0,100,879.5,16.6,3023.37,876.0,0.0,0
2022-01-19 04:00:00,23124.408,18.3,5.2,0.0,100,879.6,16.7,3023.37,875.0,0.0,0
2022-01-19 05:00:00,25384.845,18.2,7.7,0.0,100,879.7,16.5,3023.37,875.0,0.0,0
2022-01-19 06:00:00,26232.498,18.4,7.6,3.0,100,880.4,16.3,3023.37,875.0,0.0,0
2022-01-19 07:00:00,26050.224,19.9,6.2,110.0,100,881.4,17.0,3023.37,876.0,0.0,0
2022-01-19 08:00:00,27198.327,22.2,7.0,320.0,100,882.8,17.2,3023.37,877.0,0.0,0
2022-01-19 09:00:00,27587.904,24.1,7.6,495.0,100,883.5,17.3,3023.37,876.0,0.0,0
2022-01-19 10:00:00,27600.379,25.8,7.9,642.0,100,883.7,17.5,3023.37,877.0,0.0,0
2022-01-19 11:00:00,27867.789,27.7,8.0,882.0,80,883.9,17.2,3023.37,878.0,0.0,0
2022-01-19 12:00:00,27610.47,29.0,6.0,1028.0,97,884.0,16.4,3023.37,878.0,0.0,0
2022-01-19 13:00:00,27561.357,29.8,4.7,1045.0,66,883.9,15.8,3023.37,878.0,0.0,0
2022-01-19 14:00:00,27577.986,29.1,3.0,1040.0,100,883.5,15.5,3023.37,878.0,0.0,0
2022-01-19 15:00:00,28115.738,29.8,4.8,887.0,99,882.8,16.2,3023.37,878.0,0.0,0
2022-01-19 16:00:00,28249.963,29.4,5.1,756.0,100,881.7,15.2,3023.37,878.0,0.0,0
2022-01-19 17:00:00,28115.239,28.8,3.7,402.0,100,881.5,14.6,3023.37,877.0,0.0,0
2022-01-19 18:00:00,28148.725,27.2,10.7,215.0,100,881.4,15.6,3023.37,879.0,0.0,0
2022-01-19 19:00:00,28946.068,24.9,13.0,77.0,100,881.6,17.3,3023.37,878.0,0.0,0
2022-01-19 20:00:00,27857.949,23.9,11.0,4.0,64,881.5,17.3,3023.37,878.0,0.0,0
2022-01-19 21:00:00,25692.603,23.1,14.3,0.0,31,882.2,17.9,3023.37,878.0,0.0,0
2022-01-19 22:00:00,23910.809,22.0,16.8,0.0,27,882.7,17.9,3023.37,878.0,0.0,0
2022-01-19 23:00:00,22653.53,21.0,17.8,0.0,49,883.1,17.4,3023.37,879.0,0.0,0
2022-01-20 00:00:00,22092.884,20.4,10.2,0.0,13,883.0,17.1,3023.37,879.0,0.0,0
2022-01-20 01:00:00,21681.272,19.8,12.2,0.0,7,883.0,17.0,3023.37,879.0,0.0,0
2022-01-20 02:00:00,21546.203,18.9,13.7,0.0,0,883.5,16.2,3023.37,879.0,0.0,0
2022-01-20 03:00:00,21821.93,18.7,12.3,0.0,15,883.3,16.2,3023.37,879.0,0.0,0
2022-01-20 04:00:00,22867.812,18.5,12.5,0.0,2,882.9,16.1,3023.37,880.0,0.0,0
2022-01-20 05:00:00,25341.256,18.3,13.4,0.0,0,883.0,16.1,3023.37,880.0,0.0,0
2022-01-20 06:00:00,26144.071,18.1,14.5,3.0,0,883.3,15.9,3023.37,880.0,0.0,0
2022-01-20 07:00:00,26024.544,19.6,14.2,113.0,0,884.3,15.9,3023.37,880.0,0.0,0
2022-01-20 08:00:00,26937.721,21.4,16.7,332.0,0,885.0,15.8,3023.37,880.0,0.0,0
2022-01-20 09:00:00,27072.266,23.4,16.9,562.0,0,885.6,16.2,3023.37,880.0,0.0,0
2022-01-20 10:00:00,27343.142,25.3,16.8,768.0,0,885.8,16.3,3023.37,880.0,0.0,0
2022-01-20 11:00:00,27551.447,26.8,14.4,926.0,8,885.8,16.4,3023.37,879.0,0.0,0
2022-01-20 12:00:00,27413.854,28.1,11.5,1013.0,18,885.6,16.5,3023.37,879.0,0.0,0
2022-01-20 13:00:00,27043.025,28.8,7.6,1015.0,21,884.8,16.4,3023.37,879.0,0.0,0
2022-01-20 14:00:00,27393.037,29.9,6.8,946.0,25,884.6,14.5,3023.37,879.0,0.0,0
2022-01-20 15:00:00,27826.016,30.3,5.0,914.0,13,884.2,14.3,3023.37,879.0,0.0,0
2022-01-20 16:00:00,28014.883,30.0,2.9,730.0,20,883.6,14.0,3023.37,878.0,0.0,0
2022-01-20 17:00:00,27708.598,29.5,2.5,523.0,27,882.9,13.8,3023.37,878.0,0.0,0
2022-01-20 18:00:00,27508.377,28.9,4.6,318.0,50,883.1,13.8,3023.37,878.0,0.0,0
2022-01-20 19:00:00,28969.035,26.1,5.6,107.0,31,882.5,18.7,3023.37,879.0,0.0,0
2022-01-20 20:00:00,28222.736,24.7,5.5,4.0,24,882.5,16.2,3023.37,878.0,0.0,0
2022-01-20 21:00:00,26130.424,22.6,7.6,0.0,11,882.4,16.6,3023.37,878.0,0.0,0
2022-01-20 22:00:00,24263.127,21.8,7.4,0.0,6,882.6,16.2,3023.37,878.0,0.0,0
2022-01-20 23:00:00,22958.819,21.6,8.3,0.0,3,882.3,15.4,3023.37,878.0,0.0,0
2022-01-21 00:00:00,22354.977,21.8,10.3,0.0,1,882.6,14.4,3023.37,879.0,0.0,0
2022-01-21 01:00:00,22196.275,20.8,8.9,0.0,1,882.2,14.3,3023.37,879.0,0.0,0
2022-01-21 02:00:00,21894.814,19.2,7.1,0.0,0,882.2,14.1,3023.37,879.0,0.0,0
2022-01-21 03:00:00,22086.328,18.7,6.3,0.0,100,881.9,14.4,3023.37,879.0,0.0,0
2022-01-21 04:00:00,23215.901,18.3,6.9,0.0,99,881.9,14.9,3023.37,880.0,0.0,0
2022-01-21 05:00:00,25478.35,17.9,6.8,0.0,98,881.8,15.0,3023.37,880.0,0.0,0
2022-01-21 06:00:00,26417.576,17.6,6.2,2.0,94,882.5,15.5,3023.37,880.0,0.0,0
2022-01-21 07:00:00,26366.432,20.4,0.7,103.0,99,884.1,16.2,3023.37,880.0,0.0,0
2022-01-21 08:00:00,27393.941,23.3,0.5,315.0,100,885.7,16.0,3023.37,881.0,0.0,0
2022-01-21 09:00:00,27587.863,25.6,1.1,553.0,84,886.6,15.3,3023.37,881.0,0.0,0
2022-01-21 10:00:00,27651.217,27.2,1.1,768.0,100,886.7,14.7,3023.37,881.0,0.0,0
2022-01-21 11:00:00,27814.155,28.5,1.3,913.0,98,886.7,14.5,3023.37,881.0,0.0,0
2022-01-21 12:00:00,27651.237,29.5,4.6,952.0,98,886.7,14.8,3023.37,881.0,0.0,0
2022-01-21 13:00:00,27312.479,30.5,7.7,1000.0,57,886.4,14.3,3023.37,879.0,0.0,0
2022-01-21 14:00:00,27197.189,30.2,3.4,992.0,18,886.1,14.7,3023.37,879.0,0.0,0
2022-01-21 15:00:00,27250.069,31.2,6.1,885.0,52,885.6,14.4,3023.37,878.0,0.0,0
2022-01-21 16:00:00,27364.417,31.3,9.3,719.0,85,884.9,13.4,3023.37,878.0,0.0,0
2022-01-21 17:00:00,27092.746,29.4,14.8,507.0,73,884.5,11.5,3023.37,878.0,0.0,0
2022-01-21 18:00:00,26708.937,27.5,10.2,209.0,69,884.5,14.4,3023.37,879.0,0.0,0
2022-01-21 19:00:00,28146.014,26.2,5.8,99.0,39,884.6,16.3,3023.37,878.0,0.0,0
2022-01-21 20:00:00,27474.275,22.6,19.5,4.0,86,884.8,15.0,3023.37,878.0,0.0,0
2022-01-21 21:00:00,25834.298,22.3,14.8,0.0,46,885.0,15.5,3023.37,877.0,0.0,0
2022-01-21 22:00:00,24380.494,22.1,14.1,0.0,98,885.0,14.8,3023.37,876.0,0.0,0
2022-01-21 23:00:00,23101.606,21.8,13.0,0.0,9,884.6,14.6,3023.37,876.0,0.0,0
2022-01-22 00:00:00,22347.448,20.3,7.0,0.0,0,884.3,15.0,3023.37,876.0,0.0,0
2022-01-22 01:00:00,21857.816,18.7,4.3,0.0,0,883.9,15.5,3023.37,876.0,0.0,0
2022-01-22 02:00:00,21692.434,19.9,9.4,0.0,1,884.9,15.6,3023.37,877.0,0.0,0
2022-01-22 03:00:00,21723.8,21.4,22.2,0.0,64,885.5,9.1,3023.37,877.0,0.0,0
2022-01-22 04:00:00,21962.822,20.0,19.4,0.0,18,885.4,8.5,3023.37,877.0,0.0,0
2022-01-22 05:00:00,22408.959,19.0,18.5,0.0,0,885.7,8.7,3023.37,877.0,0.0,0
2022-01-22 06:00:00,23436.549,18.4,16.9,2.0,0,886.1,9.0,3023.37,878.0,0.0,0
2022-01-22 07:00:00,25090.261,19.6,14.7,112.0,0,887.5,10.1,3023.37,878.0,0.0,0
2022-01-22 08:00:00,26619.682,21.7,18.4,336.0,0,888.5,10.3,3023.37,878.0,0.0,0
2022-01-22 09:00:00,27012.418,23.6,19.3,572.0,0,889.2,8.7,3023.37,877.0,0.0,0
2022-01-22 10:00:00,26801.604,25.1,18.4,785.0,0,889.6,8.8,3023.37,877.0,0.0,0
2022-01-22 11:00:00,26737.585,26.5,17.3,949.0,5,889.8,8.4,3023.37,876.0,0.0,0
2022-01-22 12:00:00,26702.277,27.9,15.8,1054.0,1,889.8,8.0,3023.37,876.0,0.0,0
2022-01-22 13:00:00,26459.91,28.8,13.6,1092.0,0,889.3,8.1,3023.37,876.0,0.0,0
2022-01-22 14:00:00,26098.564,28.0,10.6,1067.0,14,889.0,8.7,3023.37,874.0,0.0,0
2022-01-22 15:00:00,25918.023,28.7,8.2,961.0,6,888.6,8.9,3023.37,874.0,0.0,0
2022-01-22 16:00:00,26223.481,28.7,7.1,764.0,9,888.0,8.9,3023.37,874.0,0.0,0
2022-01-22 17:00:00,26387.853,28.5,7.2,560.0,13,887.5,8.7,3023.37,873.0,0.0,0
2022-01-22 18:00:00,26648.044,27.8,10.1,325.0,13,887.1,8.7,3023.37,874.0,0.0,0
2022-01-22 19:00:00,27908.395,25.7,8.8,121.0,5,886.6,9.6,3023.37,876.0,0.0,0
2022-01-22 20:00:00,27241.835,23.7,10.5,4.0,2,886.5,9.6,3023.37,874.0,0.0,0
2022-01-22 21:00:00,25394.969,22.7,13.2,0.0,91,886.5,10.0,3023.37,873.0,0.0,0
2022-01-22 22:00:00,23785.718,22.0,14.5,0.0,84,887.0,9.1,3023.37,874.0,0.0,0
2022-01-22 23:00:00,22503.269,20.7,11.5,0.0,100,886.7,6.9,3023.37,874.0,0.0,0
2022-01-23 00:00:00,21686.696,20.1,12.9,0.0,100,886.8,6.4,3023.37,875.0,0.0,0
2022-01-23 01:00:00,21170.258,19.9,12.2,0.0,100,886.7,6.6,3023.37,875.0,0.0,0
2022-01-23 02:00:00,20969.642,19.0,11.3,0.0,93,886.5,7.1,3023.37,875.0,0.0,0
2022-01-23 03:00:00,21022.72,18.6,15.3,0.0,100,887.0,7.9,3023.37,874.0,0.0,0
2022-01-23 04:00:00,21099.511,18.5,17.6,0.0,82,887.2,8.7,3023.37,875.0,0.0,0
2022-01-23 05:00:00,21483.888,17.9,17.2,0.0,97,887.4,9.1,3023.37,875.0,0.0,0
2022-01-23 06:00:00,22685.516,17.6,17.6,2.0,100,887.6,9.5,3023.37,875.0,0.0,0
2022-01-23 07:00:00,24462.522,18.7,17.5,89.0,98,888.7,10.1,3023.37,875.0,0.0,0
2022-01-23 08:00:00,26091.568,20.2,21.9,288.0,99,889.4,10.5,3023.37,875.0,0.0,0
2022-01-23 09:00:00,26798.863,21.7,21.1,447.0,0,889.7,10.3,3023.37,874.0,0.0,0
2022-01-23 10:00:00,26513.052,23.9,18.9,780.0,7,889.7,9.6,3023.37,874.0,0.0,0
2022-01-23 11:00:00,26260.293,25.3,15.8,945.0,88,889.6,8.8,3023.37,874.0,0.0,0
2022-01-23 12:00:00,25995.659,26.3,13.2,1021.0,35,889.1,8.3,3023.37,873.0,0.0,0
2022-01-23 13:00:00,25779.518,27.2,10.2,1093.0,34,888.7,8.1,3023.37,872.0,0.0,0
2022-01-23 14:00:00,25446.226,26.8,10.7,921.0,25,888.2,7.5,3023.37,876.0,0.0,0
2022-01-23 15:00:00,25335.658,27.5,11.4,883.0,27,887.8,7.3,3023.37,876.0,0.0,0
2022-01-23 16:00:00,25597.059,27.7,9.7,640.0,56,887.0,5.6,3023.37,875.0,0.0,0
2022-01-23 17:00:00,25618.933,27.3,17.1,486.0,84,886.0,5.1,3023.37,875.0,0.0,0
2022-01-23 18:00:00,25944.99,26.1,19.1,255.0,35,885.7,4.7,3023.37,875.0,0.0,0
2022-01-23 19:00:00,27636.69,24.4,18.9,123.0,1,885.4,5.4,3023.37,875.0,0.0,0
2022-01-23 20:00:00,27014.068,22.6,17.5,4.0,0,885.4,5.0,3023.37,875.0,0.0,0
2022-01-23 21:00:00,24966.171,21.1,10.2,0.0,0,885.1,5.2,3023.37,875.0,0.0,0
2022-01-23 22:00:00,23316.676,19.4,8.1,0.0,0,884.9,6.1,3023.37,875.0,0.0,0
2022-01-23 23:00:00,22189.797,18.3,7.1,0.0,0,884.4,7.2,3023.37,875.0,0.0,0
2022-01-24 00:00:00,21438.578,17.4,7.9,0.0,0,884.0,7.5,3023.37,875.0,0.0,0
2022-01-24 01:00:00,21031.963,17.3,9.9,0.0,0,884.1,7.0,3023.37,875.0,0.0,0
2022-01-24 02:00:00,21113.495,16.3,8.4,0.0,0,883.6,7.2,3023.37,875.0,0.0,0
2022-01-24 03:00:00,21168.662,15.5,7.3,0.0,0,883.1,7.8,3023.37,876.0,0.0,0
2022-01-24 04:00:00,22441.832,15.0,7.5,0.0,0,882.9,8.3,3023.37,876.0,0.0,0
2022-01-24 05:00:00,25231.865,14.9,8.9,0.0,0,883.1,8.5,3023.37,877.0,0.0,0
2022-01-24 06:00:00,26267.393,14.8,9.5,2.0,0,883.4,8.7,3023.37,876.0,0.0,0
2022-01-24 07:00:00,26050.744,17.4,10.6,108.0,0,885.0,9.4,3023.37,878.0,0.0,0
2022-01-24 08:00:00,27133.912,20.3,8.0,334.0,0,886.4,9.5,3023.37,878.0,0.0,0
2022-01-24 09:00:00,27458.116,22.8,8.6,571.0,0,887.0,9.1,3023.37,878.0,0.0,0
2022-01-24 10:00:00,27645.227,25.0,9.8,783.0,0,887.2,8.7,3023.37,876.0,0.0,0
2022-01-24 11:00:00,27723.648,26.8,10.5,949.0,0,887.0,7.2,3023.37,876.0,0.0,0
2022-01-24 12:00:00,27765.542,27.7,8.2,1054.0,1,886.7,6.6,3023.37,876.0,0.0,0
2022-01-24 13:00:00,27556.212,28.4,6.6,1089.0,8,886.0,6.4,3023.37,875.0,0.0,0
2022-01-24 14:00:00,28039.141,28.9,7.0,1026.0,2,885.7,7.1,3023.37,875.0,0.0,0
2022-01-24 15:00:00,28612.404,28.9,6.2,807.0,20,885.0,7.1,3023.37,875.0,0.0,0
2022-01-24 16:00:00,28622.517,28.8,5.2,666.0,23,884.5,6.9,3023.37,875.0,0.0,0
2022-01-24 17:00:00,28337.838,28.4,4.8,495.0,36,883.9,6.5,3023.37,875.0,0.0,0
2022-01-24 18:00:00,28242.566,28.0,2.6,306.0,33,883.5,5.7,3023.37,874.0,0.0,0
2022-01-24 19:00:00,29399.776,25.8,5.1,110.0,29,882.5,9.4,3023.37,876.0,0.0,0
2022-01-24 20:00:00,28796.972,22.4,8.7,4.0,7,881.6,10.1,3023.37,648.0,0.0,0
2022-01-24 21:00:00,26661.562,21.1,7.6,0.0,3,881.6,10.4,3023.37,217.0,0.0,0
2022-01-24 22:00:00,24854.683,20.4,8.9,0.0,0,881.8,10.5,3023.37,99.0,0.0,0
2022-01-24 23:00:00,23854.899,20.3,9.4,0.0,1,881.8,10.0,3023.37,90.0,0.0,0
2022-01-25 00:00:00,22966.556,19.2,9.7,0.0,2,881.2,9.5,3023.37,92.0,0.0,0
2022-01-25 01:00:00,22666.359,18.1,9.5,0.0,4,880.8,9.3,3023.37,91.0,0.0,0
2022-01-25 02:00:00,22413.421,17.8,6.8,0.0,3,880.9,10.4,3023.37,91.0,0.0,0
2022-01-25 03:00:00,22548.007,16.9,6.9,0.0,1,880.3,10.4,3023.37,91.0,0.0,0
2022-01-25 04:00:00,23594.29,15.6,7.9,0.0,0,879.6,11.0,3023.37,92.0,0.0,0
2022-01-25 05:00:00,26199.628,15.4,4.1,0.0,0,879.1,11.1,3023.37,92.0,0.0,0
2022-01-25 06:00:00,27058.492,15.1,3.9,1.0,0,879.1,11.3,3023.37,91.0,0.0,0
2022-01-25 07:00:00,26798.28,18.5,4.0,105.0,0,881.2,12.3,3023.37,93.0,0.0,0
2022-01-25 08:00:00,27635.926,22.0,2.0,328.0,0,883.0,11.3,3023.37,92.0,0.0,0
2022-01-25 09:00:00,27926.317,25.0,1.8,562.0,0,883.9,10.7,3023.37,92.0,0.0,0
2022-01-25 10:00:00,28167.741,27.3,1.5,772.0,0,884.1,9.4,3023.37,93.0,0.0,0
2022-01-25 11:00:00,28165.55,28.8,2.4,937.0,1,884.3,9.0,3023.37,92.0,0.0,0
2022-01-25 12:00:00,28045.503,29.7,5.0,1025.0,1,884.1,9.0,3023.37,93.0,0.0,0
2022-01-25 13:00:00,27998.876,30.5,7.4,1076.0,7,883.7,8.8,3023.37,93.0,0.0,0
2022-01-25 14:00:00,28339.496,31.1,8.7,1007.0,5,883.4,8.7,3023.37,94.0,0.0,0
2022-01-25 15:00:00,28572.459,31.4,9.6,909.0,19,883.1,8.9,3023.37,94.0,0.0,0
2022-01-25 16:00:00,28992.191,30.9,10.1,729.0,3,882.3,8.8,3023.37,93.0,0.0,0
2022-01-25 17:00:00,28564.768,30.5,11.1,562.0,1,881.7,8.5,3023.37,103.0,0.0,0
2022-01-25 18:00:00,28537.671,29.6,10.6,322.0,11,881.5,8.0,3023.37,145.0,0.0,0
2022-01-25 19:00:00,29406.233,26.3,6.9,114.0,19,880.5,14.3,3023.37,171.0,0.0,0
2022-01-25 20:00:00,28539.971,24.1,8.3,3.0,16,880.0,12.1,3023.37,191.0,0.0,0
2022-01-25 21:00:00,26461.962,23.2,8.3,0.0,15,880.1,11.7,3023.37,208.0,0.0,0
2022-01-25 22:00:00,24632.168,22.4,7.4,0.0,9,880.1,11.6,3023.37,231.0,0.0,0
2022-01-25 23:00:00,23638.273,20.8,11.1,0.0,0,879.5,12.3,3023.37,248.0,0.0,0
2022-01-26 00:00:00,22878.781,23.4,5.9,0.0,0,880.2,11.4,3023.37,267.0,0.0,0
2022-01-26 01:00:00,22637.812,23.3,5.8,0.0,0,879.9,11.5,3023.37,288.0,0.0,0
2022-01-26 02:00:00,22594.99,23.7,4.0,0.0,0,880.1,9.5,3023.37,309.0,0.0,0
2022-01-26 03:00:00,22831.687,19.1,7.9,0.0,1,878.0,10.0,3023.37,329.0,0.0,0
2022-01-26 04:00:00,23782.27,19.2,14.3,0.0,0,878.8,10.6,3023.37,352.0,0.0,0
2022-01-26 05:00:00,26265.964,18.6,17.9,0.0,0,880.0,12.3,3023.37,373.0,0.0,0
2022-01-26 06:00:00,26789.679,18.3,16.3,1.0,0,880.3,13.1,3023.37,393.0,0.0,0
2022-01-26 07:00:00,26661.445,19.8,14.2,101.0,1,881.6,13.8,3023.37,413.0,0.0,0
2022-01-26 08:00:00,27655.158,22.3,14.6,320.0,0,882.8,14.2,3023.37,434.0,0.0,0
2022-01-26 09:00:00,27983.973,24.9,13.8,552.0,0,883.2,14.5,3023.37,453.0,0.0,0
2022-01-26 10:00:00,28268.048,27.3,13.7,761.0,0,883.5,13.8,3023.37,473.0,0.0,0
2022-01-26 11:00:00,28378.72,29.1,10.5,926.0,2,883.3,12.9,3023.37,492.0,0.0,0
2022-01-26 12:00:00,28301.065,30.1,7.4,996.0,49,883.0,11.9,3023.37,516.0,0.0,0
2022-01-26 13:00:00,28344.839,30.7,5.8,919.0,31,882.6,11.8,3023.37,535.0,0.0,0
2022-01-26 14:00:00,28499.055,30.5,10.1,961.0,32,882.1,11.9,3023.37,554.0,0.0,0
2022-01-26 15:00:00,29112.47,30.9,8.9,842.0,41,881.5,11.6,3023.37,572.0,0.0,0
2022-01-26 16:00:00,29379.938,30.5,5.8,710.0,26,880.9,11.3,3023.37,586.0,0.0,0
2022-01-26 17:00:00,29165.559,30.0,4.7,476.0,19,880.3,10.2,3023.37,598.0,0.0,0
2022-01-26 18:00:00,29079.549,29.8,3.3,306.0,25,880.1,9.6,3023.37,611.0,0.0,0
2022-01-26 19:00:00,29838.896,27.2,6.2,105.0,26,879.7,11.7,3023.37,624.0,0.0,0
2022-01-26 20:00:00,28818.431,25.3,14.5,3.0,29,880.2,13.3,3023.37,636.0,0.0,0
2022-01-26 21:00:00,26794.837,24.5,13.4,0.0,41,880.5,13.1,3023.37,649.0,0.0,0
2022-01-26 22:00:00,25075.754,24.1,13.8,0.0,14,880.5,13.3,3023.37,662.0,0.0,0
2022-01-26 23:00:00,23965.876,23.1,12.5,0.0,2,880.1,13.3,3023.37,675.0,0.0,0
2022-01-27 00:00:00,23245.481,22.4,13.3,0.0,0,879.7,13.2,3023.37,688.0,0.0,0
2022-01-27 01:00:00,22839.462,21.9,16.9,0.0,1,879.2,13.5,3023.37,701.0,0.0,0
2022-01-27 02:00:00,22710.545,21.3,10.7,0.0,1,878.8,13.2,3023.37,713.0,0.0,0
2022-01-27 03:00:00,22880.637,20.4,8.9,0.0,0,878.3,13.2,3023.37,725.0,0.0,0
2022-01-27 04:00:00,23909.373,20.0,9.7,0.0,0,877.9,13.4,3023.37,738.0,0.0,0
2022-01-27 05:00:00,26441.427,19.5,9.2,0.0,0,878.1,13.6,3023.37,751.0,0.0,0
2022-01-27 06:00:00,27318.568,19.0,8.6,1.0,0,878.6,13.9,3023.37,764.0,0.0,0
2022-01-27 07:00:00,27226.621,21.0,8.9,98.0,0,880.4,14.6,3023.37,776.0,0.0,0
2022-01-27 08:00:00,28166.087,23.6,9.3,317.0,0,881.6,14.6,3023.37,786.0,0.0,0
2022-01-27 09:00:00,28417.722,26.4,12.3,551.0,0,882.1,14.2,3023.37,808.0,0.0,0
2022-01-27 10:00:00,28547.981,28.7,13.0,761.0,0,882.5,13.5,3023.37,828.0,0.0,0
2022-01-27 11:00:00,28727.501,30.0,10.6,915.0,24,882.7,12.5,3023.37,855.0,0.0,0
2022-01-27 12:00:00,28703.511,30.5,9.0,871.0,9,882.2,11.5,3023.37,895.0,0.0,0
2022-01-27 13:00:00,28472.394,31.7,6.3,1035.0,15,881.8,11.0,3023.37,902.0,0.0,0
2022-01-27 14:00:00,28604.193,31.1,6.6,964.0,31,881.3,12.0,3023.37,901.0,0.0,0
2022-01-27 15:00:00,28721.984,31.5,5.2,851.0,61,880.9,11.3,3023.37,901.0,0.0,0
2022-01-27 16:00:00,28931.19,31.4,5.4,658.0,42,880.0,11.0,3023.37,901.0,0.0,0
2022-01-27 17:00:00,28660.14,31.1,6.3,506.0,13,879.4,11.3,3023.37,903.0,2.0,0
2022-01-27 18:00:00,28706.456,30.5,7.2,323.0,20,879.0,10.8,3023.37,905.0,0.0,0
2022-01-27 19:00:00,29868.038,27.7,6.3,116.0,8,878.2,13.9,3023.37,905.0,0.0,0
2022-01-27 20:00:00,28878.913,27.9,4.4,3.0,5,878.8,11.8,3023.37,905.0,0.0,0
2022-01-27 21:00:00,27013.416,25.0,7.2,0.0,5,878.0,12.9,3023.37,905.0,0.0,0
2022-01-27 22:00:00,25352.317,24.8,11.7,0.0,6,878.4,12.9,3023.37,905.0,0.0,0
2022-01-27 23:00:00,24029.602,24.0,11.1,0.0,6,878.2,13.4,3023.37,905.0,0.0,0
2022-01-28 00:00:00,23436.583,23.4,11.2,0.0,6,877.8,13.3,3023.37,906.0,0.0,0
2022-01-28 01:00:00,22923.594,23.0,14.9,0.0,4,877.4,13.2,3023.37,906.0,0.0,0
2022-01-28 02:00:00,22846.015,22.1,13.1,0.0,3,877.0,13.5,3023.37,905.0,0.0,0
2022-01-28 03:00:00,22920.361,21.4,9.9,0.0,17,876.7,13.7,3023.37,905.0,0.0,0
2022-01-28 04:00:00,23902.889,20.8,9.5,0.0,8,876.3,13.8,3023.37,905.0,0.0,0
2022-01-28 05:00:00,26281.179,20.4,9.4,0.0,16,876.3,13.9,3023.37,906.0,0.0,0
2022-01-28 06:00:00,27066.717,20.2,8.9,1.0,11,876.4,14.0,3023.37,906.0,0.0,0
2022-01-28 07:00:00,27159.245,22.1,10.4,92.0,5,878.0,14.6,3023.37,906.0,0.0,0
2022-01-28 08:00:00,28415.032,24.5,11.5,309.0,26,879.4,14.3,3023.37,906.0,0.0,0
2022-01-28 09:00:00,28945.157,27.0,14.6,496.0,3,879.9,14.0,3023.37,906.0,0.0,0
2022-01-28 10:00:00,28891.207,29.4,16.7,739.0,2,880.3,13.5,3023.37,908.0,0.0,0
2022-01-28 11:00:00,28708.407,31.1,14.1,915.0,23,880.3,12.6,3023.37,907.0,0.0,0
2022-01-28 12:00:00,28649.908,32.0,12.0,972.0,37,880.1,12.2,3023.37,906.0,0.0,0
2022-01-28 13:00:00,28209.21,28.5,21.0,1025.0,96,880.1,13.6,3023.37,906.0,0.0,0
2022-01-28 14:00:00,28346.636,30.9,8.0,623.0,14,878.7,13.7,3023.37,906.0,0.0,0
2022-01-28 15:00:00,28264.977,34.0,18.1,827.0,49,878.7,8.5,3023.37,906.0,0.0,0
2022-01-28 16:00:00,28219.45,33.1,16.6,621.0,38,878.4,7.1,3023.37,906.0,0.0,0
2022-01-28 17:00:00,27733.808,33.0,16.1,468.0,32,878.0,6.2,3023.37,906.0,0.0,0
2022-01-28 18:00:00,27129.321,32.2,16.4,243.0,63,877.6,5.5,3023.37,906.0,0.0,0
2022-01-28 19:00:00,27784.894,29.9,16.2,85.0,30,877.7,7.4,3023.37,907.0,0.0,0
2022-01-28 20:00:00,27164.575,26.6,13.3,2.0,77,877.6,11.7,3023.37,907.0,0.0,0
2022-01-28 21:00:00,25856.976,26.0,11.8,0.0,47,878.4,13.0,3023.37,907.0,0.0,0
2022-01-28 22:00:00,24471.215,24.5,9.9,0.0,1,878.6,14.0,3023.37,907.0,0.0,0
2022-01-28 23:00:00,23328.018,22.5,5.4,0.0,1,878.9,14.7,3023.37,907.0,0.0,0
2022-01-29 00:00:00,22416.433,21.9,6.1,0.0,1,878.8,14.7,3023.37,907.0,0.0,0
2022-01-29 01:00:00,22045.094,21.6,10.8,0.0,1,878.6,14.8,3023.37,907.0,0.0,0
2022-01-29 02:00:00,21725.966,19.5,7.9,0.0,2,879.3,15.4,3023.37,908.0,0.0,0
2022-01-29 03:00:00,21914.198,18.4,5.9,0.0,0,878.7,15.4,3023.37,908.0,0.0,0
2022-01-29 04:00:00,22106.711,18.0,6.5,0.0,0,879.0,15.5,3023.37,908.0,0.0,0
2022-01-29 05:00:00,22415.942,17.5,6.8,0.0,0,879.1,15.7,3023.37,908.0,0.0,0
2022-01-29 06:00:00,23625.462,17.2,7.2,1.0,0,879.4,15.8,3023.37,908.0,0.0,0
2022-01-29 07:00:00,25211.9,19.1,9.6,94.0,0,880.8,15.9,3023.37,908.0,0.0,0
2022-01-29 08:00:00,26514.673,21.7,11.5,313.0,0,881.8,16.0,3023.37,908.0,0.0,0
2022-01-29 09:00:00,27004.253,24.4,12.2,547.0,0,882.5,16.0,3023.37,908.0,0.0,0
2022-01-29 10:00:00,26887.092,26.8,12.2,759.0,0,882.7,15.4,3023.37,909.0,0.0,0
2022-01-29 11:00:00,26903.448,28.7,11.0,909.0,16,882.9,14.3,3023.37,909.0,0.0,0
2022-01-29 12:00:00,26861.357,30.0,9.7,935.0,13,882.8,13.0,3023.37,908.0,0.0,0
2022-01-29 13:00:00,26618.321,31.2,6.3,1023.0,15,882.3,11.7,3023.37,909.0,0.0,0
2022-01-29 14:00:00,26504.157,30.3,4.7,994.0,26,882.4,12.0,3023.37,909.0,0.0,0
2022-01-29 15:00:00,26725.252,31.1,4.0,852.0,24,881.9,11.5,3023.37,908.0,0.0,0
2022-01-29 16:00:00,26816.264,31.3,4.7,694.0,37,881.4,11.0,3023.37,908.0,0.0,0
2022-01-29 17:00:00,26577.423,31.0,6.3,486.0,44,880.6,10.5,3023.37,908.0,0.0,0
2022-01-29 18:00:00,26758.517,30.2,10.5,294.0,55,880.3,9.8,3023.37,908.0,0.0,0
2022-01-29 19:00:00,27322.219,28.8,12.0,102.0,27,880.3,9.0,3023.37,908.0,0.0,0
2022-01-29 20:00:00,26369.012,27.0,10.8,3.0,85,880.4,9.3,3023.37,910.0,0.0,0
2022-01-29 21:00:00,24905.162,26.2,12.2,0.0,98,880.8,10.0,3023.37,909.0,0.0,0
2022-01-29 22:00:00,23451.718,25.3,15.0,0.0,7,881.4,10.4,3023.37,909.0,0.0,0
2022-01-29 23:00:00,22491.407,24.2,17.1,0.0,28,881.5,11.4,3023.37,909.0,0.0,0
2022-01-30 00:00:00,21736.586,23.3,17.6,0.0,32,881.5,12.9,3023.37,909.0,0.0,0
2022-01-30 01:00:00,21407.478,22.4,17.9,0.0,24,881.2,14.3,3023.37,909.0,0.0,0
2022-01-30 02:00:00,21073.434,21.2,17.5,0.0,0,881.0,14.3,3023.37,908.0,0.0,0
2022-01-30 03:00:00,20980.666,20.4,16.0,0.0,23,880.3,14.5,3023.37,910.0,0.0,0
2022-01-30 04:00:00,21143.934,19.9,15.5,0.0,31,880.3,14.5,3023.37,909.0,0.0,0
2022-01-30 05:00:00,21631.811,19.5,15.1,0.0,26,880.5,14.4,3023.37,909.0,0.0,0
2022-01-30 06:00:00,22809.173,19.0,13.2,0.0,0,881.0,14.5,3023.37,909.0,0.0,0
2022-01-30 07:00:00,24495.289,20.3,12.4,89.0,0,882.2,14.7,3023.37,909.0,0.0,0
2022-01-30 08:00:00,26047.811,22.2,15.8,304.0,5,882.9,14.7,3023.37,909.0,0.0,0
2022-01-30 09:00:00,26757.111,24.2,16.1,535.0,71,883.5,14.6,3023.37,909.0,0.0,0
2022-01-30 10:00:00,26675.613,26.0,16.0,732.0,95,883.7,14.2,3023.37,909.0,0.0,0
2022-01-30 11:00:00,26483.732,27.8,14.8,873.0,100,883.4,14.2,3023.37,910.0,0.0,0
2022-01-30 12:00:00,26590.805,29.0,11.8,968.0,44,882.9,14.0,3023.37,910.0,0.0,0
2022-01-30 13:00:00,26342.365,30.0,10.8,956.0,100,882.0,13.7,3023.37,909.0,0.0,0
2022-01-30 14:00:00,25904.209,26.4,29.0,771.0,100,881.9,15.0,3023.37,909.0,0.0,0
2022-01-30 15:00:00,25736.277,22.6,12.0,232.0,100,881.5,17.3,3023.37,909.0,0.0,0
2022-01-30 16:00:00,26152.557,25.1,17.3,382.0,99,881.0,15.5,3023.37,909.0,0.0,0
2022-01-30 17:00:00,26259.462,24.5,18.4,367.0,100,880.6,15.3,3023.37,909.0,0.0,0
2022-01-30 18:00:00,26587.145,23.1,13.9,102.0,100,880.7,15.9,3023.37,909.0,0.0,0
2022-01-30 19:00:00,27725.403,21.9,14.0,39.0,100,880.9,16.9,3023.37,910.0,0.0,0
2022-01-30 20:00:00,26847.022,21.1,11.3,1.0,100,881.3,17.6,3023.37,910.0,0.0,0
2022-01-30 21:00:00,25043.263,20.5,9.7,0.0,99,881.8,17.7,3023.37,910.0,0.0,0
2022-01-30 22:00:00,23500.417,20.0,10.5,0.0,99,881.6,17.5,3023.37,910.0,0.0,0
2022-01-30 23:00:00,22280.797,19.9,12.8,0.0,99,881.9,17.8,3023.37,910.0,0.0,0
2022-01-31 00:00:00,21645.001,19.7,11.9,0.0,89,881.6,18.0,3023.37,910.0,0.0,0
2022-01-31 01:00:00,21440.238,19.1,11.8,0.0,100,880.8,17.7,3023.37,911.0,0.0,0
2022-01-31 02:00:00,21212.969,19.1,9.1,0.0,100,880.7,17.9,3023.37,910.0,0.0,0
2022-01-31 03:00:00,21226.535,18.9,9.0,0.0,100,880.5,17.9,3023.37,911.0,0.0,0
2022-01-31 04:00:00,22687.626,18.8,9.7,0.0,100,880.2,17.7,3023.37,911.0,0.0,0
2022-01-31 05:00:00,25163.247,18.8,11.3,0.0,100,880.4,17.3,3023.37,911.0,0.0,0
2022-01-31 06:00:00,26240.016,18.4,11.1,0.0,100,880.5,17.0,3023.37,910.0,0.0,0
2022-01-31 07:00:00,26159.97,18.8,9.2,19.0,100,881.1,17.0,3023.37,910.0,0.0,0
2022-01-31 08:00:00,27435.777,19.2,9.8,91.0,100,881.7,17.6,3023.37,910.0,0.0,0
2022-01-31 09:00:00,27870.585,19.8,9.4,120.0,100,882.0,17.4,3023.37,910.0,0.0,0
2022-01-31 10:00:00,28209.422,21.1,10.9,235.0,100,881.9,17.3,3023.37,910.0,0.0,0
2022-01-31 11:00:00,28094.814,22.5,11.0,309.0,100,882.0,16.9,3023.37,910.0,0.0,0
2022-01-31 12:00:00,27876.824,24.3,12.6,578.0,100,882.0,17.2,3023.37,909.0,0.0,0
2022-01-31 13:00:00,27535.41,24.8,12.7,510.0,100,881.4,16.6,3023.37,909.0,0.0,0
2022-01-31 14:00:00,27541.888,20.9,10.4,388.0,100,880.8,17.6,3023.37,909.0,0.0,0
2022-01-31 15:00:00,28078.427,21.0,4.8,146.0,100,880.2,18.6,3023.37,909.0,0.0,0
2022-01-31 16:00:00,28304.754,20.3,5.2,95.0,100,879.9,18.3,3023.37,910.0,0.0,0
2022-01-31 17:00:00,28101.014,20.5,0.8,90.0,100,879.6,18.3,3023.37,909.0,0.0,0
2022-01-31 18:00:00,28176.729,20.6,5.8,87.0,100,879.5,18.2,3023.37,909.0,0.0,0
2022-01-31 19:00:00,29584.443,19.6,12.2,37.0,100,879.7,18.0,3023.37,909.0,0.0,0
2022-01-31 20:00:00,28787.714,18.8,9.5,1.0,100,879.6,17.7,3023.37,909.0,0.0,0
2022-01-31 21:00:00,26762.135,18.7,7.3,0.0,100,879.9,17.6,3023.37,909.0,0.0,0
2022-01-31 22:00:00,24607.341,18.9,8.2,0.0,100,880.3,18.0,3023.37,910.0,0.0,0
2022-01-31 23:00:00,23418.638,18.9,10.2,0.0,100,880.1,18.0,3023.37,910.0,0.0,0
2022-02-01 00:00:00,22724.487,18.6,9.5,0.0,100,879.7,17.8,3023.37,910.0,0.0,0
2022-02-01 01:00:00,22210.485,18.6,9.8,0.0,100,879.1,17.7,3023.37,910.0,0.0,0
2022-02-01 02:00:00,22040.009,19.0,5.4,0.0,100,878.8,18.5,3023.37,910.0,0.0,0
2022-02-01 03:00:00,22340.766,18.8,5.7,0.0,89,878.4,18.3,3023.37,910.0,0.0,0
2022-02-01 04:00:00,23485.031,18.5,6.6,0.0,98,878.2,18.1,3023.37,910.0,0.0,0
2022-02-01 05:00:00,26267.753,18.2,5.6,0.0,100,878.0,17.7,3023.37,910.0,0.0,0
2022-02-01 06:00:00,26864.339,18.2,6.8,0.0,100,878.6,17.6,3023.37,910.0,0.0,0
2022-02-01 07:00:00,26558.211,19.1,9.2,47.0,100,879.6,18.0,3023.37,910.0,0.0,0
2022-02-01 08:00:00,27398.372,19.6,8.7,92.0,100,880.1,18.2,3023.37,910.0,0.0,0
2022-02-01 09:00:00,27633.396,21.1,11.4,262.0,100,881.0,18.4,3023.37,909.0,0.0,0
2022-02-01 10:00:00,27656.867,22.7,15.9,348.0,100,880.9,16.8,3023.37,909.0,0.0,0
2022-02-01 11:00:00,27709.763,23.4,15.9,348.0,92,881.0,15.9,3023.37,909.0,0.0,0
2022-02-01 12:00:00,27760.541,26.2,17.6,759.0,63,881.2,15.1,3023.37,909.0,0.0,0
2022-02-01 13:00:00,27671.326,26.8,19.6,777.0,54,880.9,14.7,3023.37,909.0,0.0,0
2022-02-01 14:00:00,27764.419,26.7,17.1,755.0,49,880.4,14.9,3023.37,909.0,0.0,0
2022-02-01 15:00:00,28324.579,27.5,15.0,646.0,100,880.0,16.1,3023.37,909.0,0.0,0
2022-02-01 16:00:00,28561.034,27.7,14.1,676.0,96,879.5,16.4,3023.37,909.0,0.0,0
2022-02-01 17:00:00,28249.386,24.6,15.9,466.0,100,879.2,17.9,3023.37,909.0,0.0,0
2022-02-01 18:00:00,27991.826,22.4,5.5,128.0,97,878.4,18.6,3023.37,908.0,0.0,0
2022-02-01 19:00:00,29307.233,21.9,4.4,72.0,100,878.6,19.0,3023.37,908.0,0.0,0
2022-02-01 20:00:00,28727.977,21.6,4.9,1.0,100,878.8,19.1,3023.37,908.0,0.0,0
2022-02-01 21:00:00,26567.801,20.3,4.4,0.0,100,878.7,19.3,3023.37,908.0,0.0,0
2022-02-01 22:00:00,24722.79,20.5,3.1,0.0,100,878.9,19.0,3023.37,908.0,0.0,0
2022-02-01 23:00:00,23342.845,19.7,1.9,0.0,100,878.3,18.5,3023.37,908.0,0.0,0
2022-02-02 00:00:00,22744.86,19.9,3.7,0.0,84,878.3,17.9,3023.37,908.0,0.0,0
2022-02-02 01:00:00,22415.534,19.2,5.2,0.0,100,877.8,17.6,3023.37,907.0,0.0,0
2022-02-02 02:00:00,22268.424,18.4,5.8,0.0,100,877.3,18.0,3023.37,908.0,0.0,0
2022-02-02 03:00:00,22442.727,18.2,5.0,0.0,100,877.1,17.8,3023.37,908.0,0.0,0
2022-02-02 04:00:00,23532.481,18.5,6.4,0.0,90,877.1,17.9,3023.37,908.0,0.0,0
2022-02-02 05:00:00,25961.381,18.3,6.0,0.0,92,877.3,17.6,3023.37,908.0,0.0,0
2022-02-02 06:00:00,26737.867,18.1,5.8,0.0,100,877.6,17.3,3023.37,908.0,0.0,0
2022-02-02 07:00:00,26646.76,20.3,8.5,75.0,100,879.2,18.2,3023.37,908.0,0.0,0
2022-02-02 08:00:00,27802.329,22.6,10.0,280.0,26,880.1,18.6,3023.37,907.0,0.0,0
2022-02-02 09:00:00,28006.92,24.9,17.3,523.0,52,880.7,17.7,3023.37,907.0,0.0,0
2022-02-02 10:00:00,28003.88,26.4,19.6,718.0,6,881.0,17.0,3023.37,907.0,0.0,0
2022-02-02 11:00:00,27930.3,27.4,21.7,884.0,10,880.9,16.2,3023.37,907.0,0.0,0
2022-02-02 12:00:00,27870.824,28.1,24.1,944.0,8,880.6,15.7,3023.37,907.0,0.0,2
2022-02-02 13:00:00,27822.11,28.3,22.9,964.0,40,879.9,16.5,3023.37,907.0,0.0,2
2022-02-02 14:00:00,28012.344,28.4,19.9,900.0,29,879.3,17.3,3023.37,907.0,0.0,2
2022-02-02 15:00:00,28623.148,29.7,19.9,815.0,35,878.7,17.1,3023.37,907.0,0.0,2
2022-02-02 16:00:00,28960.683,29.4,19.9,615.0,22,877.8,16.6,3023.37,907.0,0.0,2
2022-02-02 17:00:00,28818.734,28.1,18.3,459.0,5,877.4,16.5,3023.37,907.0,0.0,2
2022-02-02 18:00:00,28814.7,27.6,14.4,308.0,16,877.2,17.0,3023.37,907.0,0.0,2
2022-02-02 19:00:00,29863.459,25.5,8.2,95.0,16,877.2,17.8,3023.37,907.0,0.0,2
2022-02-02 20:00:00,28897.243,23.5,6.4,2.0,10,877.0,18.0,3023.37,906.0,0.0,2
2022-02-02 21:00:00,26702.41,23.3,8.8,0.0,12,877.4,17.9,3023.37,906.0,0.0,2
2022-02-02 22:00:00,24672.987,22.2,6.6,0.0,27,877.6,17.9,3023.37,906.0,0.0,2
2022-02-02 23:00:00,23369.335,22.1,9.4,0.0,20,878.2,17.7,3023.37,906.0,0.0,2
2022-02-03 00:00:00,22885.58,19.9,11.7,0.0,63,878.6,17.6,3023.37,906.0,0.0,2
2022-02-03 01:00:00,22614.597,19.2,5.8,0.0,19,878.0,17.8,3023.37,906.0,0.0,2
2022-02-03 02:00:00,22427.355,19.2,3.6,0.0,25,877.4,18.5,3023.37,906.0,0.0,2
2022-02-03 03:00:00,22658.303,19.1,2.2,0.0,93,877.4,18.4,3023.37,906.0,0.0,2
2022-02-03 04:00:00,23687.272,19.1,2.7,0.0,69,877.4,18.4,3023.37,906.0,0.0,2
2022-02-03 05:00:00,26250.303,18.6,4.6,0.0,30,877.5,18.3,3023.37,906.0,0.0,2
2022-02-03 06:00:00,27042.22,19.2,2.3,0.0,12,878.1,18.5,3023.37,906.0,0.0,2
2022-02-03 07:00:00,26801.404,19.9,3.0,76.0,18,879.1,18.9,3023.37,906.0,0.0,2
2022-02-03 08:00:00,27724.728,21.7,3.3,270.0,11,880.1,19.0,3023.37,906.0,0.0,2
2022-02-03 09:00:00,28082.384,23.2,7.4,469.0,61,880.8,18.9,3023.37,905.0,0.0,2
2022-02-03 10:00:00,28224.563,24.0,7.5,500.0,100,880.8,18.7,3023.37,905.0,0.0,2
2022-02-03 11:00:00,28372.606,24.4,11.0,435.0,62,880.5,18.5,3023.37,905.0,0.0,2
2022-02-03 12:00:00,28471.951,26.0,11.7,981.0,41,880.3,19.0,3023.37,904.0,0.0,2
2022-02-03 13:00:00,28407.668,26.6,20.1,752.0,86,880.4,18.1,3023.37,905.0,0.0,2
2022-02-03 14:00:00,28488.84,23.4,12.3,440.0,97,880.5,18.2,3023.37,905.0,0.0,2
2022-02-03 15:00:00,28736.525,25.2,16.1,693.0,72,880.1,18.9,3023.37,905.0,0.0,2
2022-02-03 16:00:00,28934.097,25.6,18.1,532.0,100,879.9,17.9,3023.37,905.0,0.0,2
2022-02-03 17:00:00,28787.087,25.2,17.1,318.0,88,879.8,14.7,3023.37,906.0,0.0,2
2022-02-03 18:00:00,28683.318,25.2,11.3,247.0,100,880.0,14.5,3023.37,906.0,0.0,2
2022-02-03 19:00:00,29517.0,22.9,6.2,76.0,100,879.9,15.2,3023.37,905.0,0.0,2
2022-02-03 20:00:00,28552.955,21.6,9.2,1.0,99,880.0,14.3,3023.37,905.0,0.0,2
2022-02-03 21:00:00,26420.191,20.6,10.2,0.0,100,880.1,12.7,3023.37,904.0,0.0,2
2022-02-03 22:00:00,24736.462,19.3,8.6,0.0,63,880.1,11.6,3023.37,905.0,0.0,2
2022-02-03 23:00:00,23481.637,18.2,7.6,0.0,97,879.9,11.5,3023.37,905.0,0.0,2
2022-02-04 00:00:00,23037.057,16.8,7.7,0.0,97,879.8,11.8,3023.37,905.0,0.0,2
2022-02-04 01:00:00,22561.129,16.3,7.1,0.0,83,879.6,11.9,3023.37,905.0,0.0,2
2022-02-04 02:00:00,22491.685,15.8,7.3,0.0,60,879.2,15.3,3023.37,906.0,0.0,2
2022-02-04 03:00:00,22787.454,15.5,8.0,0.0,98,879.1,15.0,3023.37,906.0,0.0,2
2022-02-04 04:00:00,23824.445,15.2,7.9,0.0,99,879.2,14.8,3023.37,906.0,0.0,2
2022-02-04 05:00:00,26410.409,14.9,8.4,0.0,52,879.4,14.6,3023.37,906.0,0.0,2
2022-02-04 06:00:00,27306.495,15.7,6.6,0.0,51,880.1,15.3,3023.37,906.0,0.0,2
2022-02-04 07:00:00,27200.631,16.8,5.8,74.0,22,881.0,16.3,3023.37,906.0,0.0,2
2022-02-04 08:00:00,28378.186,19.7,4.8,284.0,95,882.2,15.3,3023.37,906.0,0.0,2
2022-02-04 09:00:00,28860.13,22.2,6.7,498.0,100,883.2,13.4,3023.37,906.0,0.0,2
2022-02-04 10:00:00,28950.652,24.2,7.2,730.0,26,883.4,13.4,3023.37,906.0,0.0,2
2022-02-04 11:00:00,28994.229,26.0,8.0,922.0,33,883.8,12.6,3023.37,906.0,0.0,2
2022-02-04 12:00:00,28886.757,27.2,8.3,1028.0,32,883.9,11.6,3023.37,906.0,0.0,2
2022-02-04 13:00:00,28603.025,28.1,9.0,1068.0,2,883.7,9.2,3023.37,906.0,0.0,2
2022-02-04 14:00:00,28810.157,28.0,5.2,1048.0,0,883.5,9.4,3023.37,906.0,0.0,2
2022-02-04 15:00:00,28829.409,27.8,7.9,552.0,83,882.5,9.0,3023.37,906.0,0.0,2
2022-02-04 16:00:00,28623.138,28.3,9.5,642.0,0,881.9,9.4,3023.37,906.0,0.0,2
2022-02-04 17:00:00,28478.115,28.1,12.2,571.0,10,881.3,9.5,3023.37,906.0,0.0,2
2022-02-04 18:00:00,28393.371,26.6,11.3,335.0,8,880.9,12.3,3023.37,906.0,0.0,2
2022-02-04 19:00:00,28927.54,23.1,6.9,110.0,7,880.0,13.5,3023.37,906.0,0.0,2
2022-02-04 20:00:00,28019.275,21.7,8.8,2.0,22,880.3,11.5,3023.37,905.0,0.0,2
2022-02-04 21:00:00,26432.412,20.9,9.7,0.0,31,880.3,9.9,3023.37,906.0,0.0,1
2022-02-04 22:00:00,24699.635,20.1,9.0,0.0,2,880.5,10.0,3023.37,905.0,0.0,1
2022-02-04 23:00:00,23481.992,19.2,9.4,0.0,0,880.3,10.6,3023.37,906.0,0.0,1
2022-02-05 00:00:00,23223.43,18.3,12.4,0.0,0,880.7,10.7,3023.37,906.0,0.0,1
2022-02-05 01:00:00,22659.217,17.0,7.6,0.0,0,880.5,10.8,3023.37,907.0,0.0,1
2022-02-05 02:00:00,22101.228,17.1,10.0,0.0,0,881.6,15.4,3023.37,907.0,0.0,1
2022-02-05 03:00:00,22074.445,17.2,11.4,0.0,0,881.6,16.1,3023.37,908.0,0.0,1
2022-02-05 04:00:00,22285.274,17.1,12.9,0.0,0,881.6,16.0,3023.37,908.0,0.0,1
2022-02-05 05:00:00,22803.225,16.9,12.4,0.0,0,881.6,15.6,3023.37,909.0,0.0,1
2022-02-05 06:00:00,23842.021,16.5,10.0,0.0,0,881.6,15.3,3023.37,909.0,0.0,1
2022-02-05 07:00:00,25549.637,18.0,10.8,77.0,0,882.9,15.7,3023.37,909.0,0.0,1
2022-02-05 08:00:00,26922.483,20.1,15.1,292.0,0,883.9,15.9,3023.37,909.0,0.0,1
2022-02-05 09:00:00,27466.616,22.1,15.5,527.0,0,884.5,16.2,3023.37,909.0,0.0,1
2022-02-05 10:00:00,27526.197,24.0,13.3,743.0,26,884.8,15.9,3023.37,909.0,0.0,1
2022-02-05 11:00:00,27620.612,25.3,8.7,854.0,8,884.9,15.5,3023.37,909.0,0.0,1
2022-02-05 12:00:00,27458.767,26.1,5.8,904.0,16,884.8,15.1,3023.37,908.0,0.0,1
2022-02-05 13:00:00,27272.676,27.1,2.9,989.0,28,884.6,14.7,3023.37,908.0,0.0,1
2022-02-05 14:00:00,27085.091,27.0,2.5,954.0,21,884.4,11.9,3023.37,908.0,0.0,1
2022-02-05 15:00:00,26966.796,27.9,4.4,859.0,12,883.8,11.8,3023.37,908.0,0.0,1
2022-02-05 16:00:00,27044.574,27.7,7.0,721.0,12,883.3,11.7,3023.37,908.0,0.0,1
2022-02-05 17:00:00,27388.711,27.3,7.6,520.0,10,882.8,11.5,3023.37,909.0,0.0,1
2022-02-05 18:00:00,27464.19,26.7,6.6,310.0,11,882.5,11.7,3023.37,909.0,0.0,1
2022-02-05 19:00:00,28096.344,23.7,7.1,101.0,8,881.6,14.4,3023.37,909.0,0.0,1
2022-02-05 20:00:00,27051.756,22.9,10.7,1.0,19,881.9,12.1,3023.37,909.0,0.0,1
2022-02-05 21:00:00,25500.157,22.1,10.5,0.0,7,882.2,11.5,3023.37,909.0,0.0,1
2022-02-05 22:00:00,23689.35,21.4,13.6,0.0,1,882.5,12.1,3023.37,909.0,0.0,1
2022-02-05 23:00:00,22774.721,20.5,20.2,0.0,1,883.2,14.0,3023.37,909.0,0.0,1
2022-02-06 00:00:00,22235.969,19.9,18.3,0.0,1,883.2,14.6,3023.37,909.0,0.0,1
2022-02-06 01:00:00,21766.122,19.2,16.6,0.0,0,883.1,14.8,3023.37,909.0,0.0,1
2022-02-06 02:00:00,21595.913,18.9,17.7,0.0,0,883.4,13.9,3023.37,909.0,0.0,1
2022-02-06 03:00:00,21603.658,18.6,17.3,0.0,0,883.1,13.9,3023.37,909.0,0.0,1
2022-02-06 04:00:00,21739.569,18.1,16.7,0.0,0,883.2,13.9,3023.37,909.0,0.0,1
2022-02-06 05:00:00,22125.896,17.6,14.5,0.0,0,883.0,13.7,3023.37,909.0,0.0,1
2022-02-06 06:00:00,23313.676,17.0,11.3,0.0,0,883.2,13.6,3023.37,909.0,0.0,1
2022-02-06 07:00:00,25057.388,18.2,11.5,75.0,0,884.4,14.0,3023.37,909.0,0.0,1
2022-02-06 08:00:00,26272.167,20.2,17.5,291.0,0,885.2,14.0,3023.37,909.0,0.0,1
2022-02-06 09:00:00,27061.378,22.4,18.4,527.0,0,885.6,14.4,3023.37,909.0,0.0,1
2022-02-06 10:00:00,26893.612,24.4,19.2,740.0,0,885.8,14.4,3023.37,908.0,0.0,1
2022-02-06 11:00:00,26841.125,25.8,16.2,902.0,25,885.9,13.7,3023.37,908.0,0.0,1
2022-02-06 12:00:00,26677.029,26.6,13.1,926.0,42,885.5,13.8,3023.37,908.0,0.0,1
2022-02-06 13:00:00,26405.356,27.0,10.3,894.0,35,885.0,14.0,3023.37,907.0,0.0,1
2022-02-06 14:00:00,26083.153,27.0,9.7,924.0,20,884.9,14.5,3023.37,907.0,0.0,1
2022-02-06 15:00:00,25857.855,27.3,6.9,796.0,30,884.3,14.3,3023.37,907.0,0.0,1
2022-02-06 16:00:00,26414.43,27.5,4.3,656.0,20,883.6,14.0,3023.37,906.0,0.0,1
2022-02-06 17:00:00,26490.675,27.2,5.4,546.0,15,882.8,13.6,3023.37,907.0,0.0,1
2022-02-06 18:00:00,27095.056,26.4,5.9,269.0,15,882.5,13.0,3023.37,907.0,0.0,1
2022-02-06 19:00:00,28255.173,23.7,6.9,91.0,43,881.8,15.8,3023.37,907.0,0.0,1
2022-02-06 20:00:00,27308.204,22.4,8.8,1.0,22,882.7,14.1,3023.37,906.0,0.0,1
2022-02-06 21:00:00,25070.531,21.4,10.0,0.0,23,883.1,14.0,3023.37,906.0,0.0,1
2022-02-06 22:00:00,23550.845,20.4,7.7,0.0,29,883.0,14.3,3023.37,906.0,0.0,0
2022-02-06 23:00:00,22335.8,19.7,6.6,0.0,27,882.7,14.6,3023.37,906.0,0.0,0
2022-02-07 00:00:00,21658.089,20.1,2.8,0.0,85,883.7,14.4,3023.37,906.0,0.0,0
2022-02-07 01:00:00,21299.996,18.3,18.8,0.0,46,883.4,14.9,3023.37,906.0,0.0,0
2022-02-07 02:00:00,20896.144,17.0,10.1,0.0,25,883.0,15.1,3023.37,906.0,0.0,0
2022-02-07 03:00:00,21337.222,16.7,8.3,0.0,58,882.5,14.9,3023.37,906.0,0.0,0
2022-02-07 04:00:00,22477.556,16.5,7.6,0.0,5,881.7,14.9,3023.37,907.0,0.0,0
2022-02-07 05:00:00,25487.801,16.2,6.8,0.0,6,881.8,15.0,3023.37,907.0,0.0,0
2022-02-07 06:00:00,26459.506,16.2,7.0,0.0,96,881.9,15.0,3023.37,907.0,0.0,0
2022-02-07 07:00:00,25843.725,18.0,9.2,64.0,89,882.9,15.5,3023.37,907.0,0.0,0
2022-02-07 08:00:00,26575.126,20.6,9.6,252.0,5,884.0,15.8,3023.37,907.0,0.0,0
2022-02-07 09:00:00,26948.617,22.9,8.6,516.0,50,884.8,14.9,3023.37,907.0,0.0,0
2022-02-07 10:00:00,27169.301,24.5,6.0,724.0,96,884.9,14.7,3023.37,907.0,0.0,0
2022-02-07 11:00:00,27366.948,25.8,5.4,868.0,83,885.0,14.6,3023.37,907.0,0.0,0
2022-02-07 12:00:00,27293.455,26.6,4.6,944.0,18,884.7,15.2,3023.37,906.0,0.0,0
2022-02-07 13:00:00,27039.904,27.1,3.6,913.0,24,884.4,14.9,3023.37,906.0,0.0,0
2022-02-07 14:00:00,27331.392,27.4,4.3,878.0,59,883.6,14.4,3023.37,905.0,0.0,0
2022-02-07 15:00:00,27856.271,28.0,7.6,670.0,84,883.0,13.9,3023.37,905.0,0.0,0
2022-02-07 16:00:00,28033.703,27.0,6.8,550.0,100,882.4,13.3,3023.37,904.0,0.0,0
2022-02-07 17:00:00,28170.923,24.8,11.6,298.0,100,882.1,14.5,3023.37,904.0,0.0,0
2022-02-07 18:00:00,28603.254,24.4,5.1,141.0,98,882.1,14.4,3023.37,904.0,0.0,0
2022-02-07 19:00:00,30021.745,23.3,3.3,60.0,100,881.7,15.8,3023.37,905.0,201.0,0
2022-02-07 20:00:00,28692.372,21.9,5.4,1.0,100,881.7,16.5,3023.37,905.0,134.0,0
2022-02-07 21:00:00,26335.345,20.7,6.1,0.0,83,881.9,17.2,3023.37,905.0,0.0,0
2022-02-07 22:00:00,24626.565,19.7,6.2,0.0,97,881.9,17.2,3023.37,906.0,0.0,2
2022-02-07 23:00:00,23646.69,20.5,2.5,0.0,38,881.7,17.0,3023.37,906.0,0.0,2
2022-02-08 00:00:00,23116.788,19.0,5.1,0.0,37,881.2,17.0,3023.37,906.0,0.0,2
2022-02-08 01:00:00,22850.148,19.5,9.4,0.0,8,881.7,15.5,3023.37,906.0,0.0,2
2022-02-08 02:00:00,22564.669,17.9,5.2,0.0,5,880.7,15.4,3023.37,907.0,0.0,2
2022-02-08 03:00:00,22863.099,16.9,5.7,0.0,7,879.6,15.6,3023.37,907.0,0.0,2
2022-02-08 04:00:00,23912.541,16.3,5.8,0.0,0,879.3,15.4,3023.37,908.0,0.0,2
2022-02-08 05:00:00,26911.017,16.0,5.6,0.0,0,879.6,15.3,3023.37,908.0,0.0,2
2022-02-08 06:00:00,27477.38,15.6,5.1,0.0,0,879.7,15.0,3023.37,908.0,0.0,0
2022-02-08 07:00:00,26804.048,18.2,4.4,70.0,1,881.0,16.2,3023.37,908.0,0.0,0
2022-02-08 08:00:00,27418.947,21.4,1.8,280.0,0,882.6,15.9,3023.37,908.0,0.0,0
2022-02-08 09:00:00,27536.074,23.6,1.1,514.0,0,883.3,15.5,3023.37,908.0,0.0,0
2022-02-08 10:00:00,27478.221,25.2,2.9,726.0,3,883.4,15.5,3023.37,907.0,0.0,0
2022-02-08 11:00:00,27751.938,26.5,2.7,883.0,7,883.4,15.2,3023.37,907.0,0.0,0
2022-02-08 12:00:00,27837.152,27.6,3.1,976.0,21,883.0,15.2,3023.37,907.0,0.0,0
2022-02-08 13:00:00,27875.281,27.9,4.8,932.0,33,882.7,15.1,3023.37,907.0,0.0,0
2022-02-08 14:00:00,28074.795,28.4,5.4,915.0,33,882.0,14.0,3023.37,907.0,0.0,0
2022-02-08 15:00:00,28380.037,29.1,5.9,804.0,25,881.2,14.0,3023.37,906.0,0.0,0
2022-02-08 16:00:00,28770.734,29.2,5.9,703.0,49,880.7,13.7,3023.37,906.0,0.0,0
2022-02-08 17:00:00,28845.284,28.7,4.8,482.0,80,880.2,13.4,3023.37,905.0,0.0,0
2022-02-08 18:00:00,28979.729,25.6,11.8,221.0,89,879.9,14.4,3023.37,905.0,0.0,0
2022-02-08 19:00:00,29767.773,23.9,5.4,74.0,37,879.2,15.3,3023.37,908.0,0.0,0
2022-02-08 20:00:00,28778.721,22.5,5.2,1.0,34,879.0,15.5,3023.37,908.0,0.0,0
2022-02-08 21:00:00,26460.501,23.7,3.7,0.0,12,879.9,14.6,3023.37,910.0,0.0,0
2022-02-08 22:00:00,24587.57,22.7,7.0,0.0,9,879.6,15.0,3023.37,910.0,0.0,0
2022-02-08 23:00:00,23331.497,23.2,4.0,0.0,4,879.6,14.2,3023.37,910.0,0.0,0
2022-02-09 00:00:00,22892.251,22.4,2.3,0.0,1,879.1,14.3,3023.37,911.0,0.0,0
2022-02-09 01:00:00,22740.058,21.2,4.5,0.0,0,878.7,15.0,3023.37,911.0,0.0,0
2022-02-09 02:00:00,22452.182,19.8,8.4,0.0,2,877.4,13.9,3023.37,910.0,0.0,0
2022-02-09 03:00:00,22734.934,17.9,9.4,0.0,0,876.3,14.3,3023.37,911.0,0.0,0
2022-02-09 04:00:00,23934.834,17.6,6.8,0.0,0,876.2,14.7,3023.37,911.0,0.0,0
2022-02-09 05:00:00,26546.611,17.5,6.8,0.0,0,876.3,15.0,3023.37,910.0,0.0,0
2022-02-09 06:00:00,27296.877,16.6,8.6,0.0,8,876.3,14.8,3023.37,910.0,0.0,0
2022-02-09 07:00:00,26682.99,19.3,7.1,68.0,8,878.0,15.5,3023.37,910.0,0.0,0
2022-02-09 08:00:00,27389.544,22.5,4.7,278.0,0,879.9,15.5,3023.37,909.0,0.0,0
2022-02-09 09:00:00,27531.456,25.4,5.6,515.0,0,881.1,14.6,3023.37,909.0,0.0,0
2022-02-09 10:00:00,27672.249,27.8,9.9,729.0,19,881.5,13.1,3023.37,909.0,0.0,0
2022-02-09 11:00:00,27877.676,28.7,9.4,809.0,11,881.6,12.3,3023.37,909.0,0.0,0
2022-02-09 12:00:00,27885.641,29.6,8.8,931.0,17,881.5,12.3,3023.37,908.0,0.0,0
2022-02-09 13:00:00,27631.545,30.4,8.8,972.0,19,881.3,12.6,3023.37,907.0,0.0,0
2022-02-09 14:00:00,27715.891,31.6,10.4,958.0,14,880.4,11.9,3023.37,906.0,0.0,0
2022-02-09 15:00:00,28323.658,28.5,17.3,767.0,70,880.2,12.6,3023.37,906.0,0.0,0
2022-02-09 16:00:00,28800.065,29.4,7.1,550.0,37,879.8,11.0,3023.37,905.0,0.0,0
2022-02-09 17:00:00,28273.555,30.3,9.8,476.0,15,879.3,9.9,3023.37,905.0,0.0,0
2022-02-09 18:00:00,28389.724,29.6,8.8,308.0,29,879.1,9.7,3023.37,906.0,0.0,0
2022-02-09 19:00:00,29454.241,26.4,7.6,89.0,20,878.0,12.0,3023.37,907.0,0.0,0
2022-02-09 20:00:00,28685.233,24.6,11.7,1.0,18,877.8,12.0,3023.37,907.0,0.0,0
2022-02-09 21:00:00,26352.453,23.5,10.3,0.0,5,878.0,11.9,3023.37,908.0,0.0,0
2022-02-09 22:00:00,24937.418,22.4,11.8,0.0,4,877.9,12.9,3023.37,908.0,0.0,0
2022-02-09 23:00:00,23868.019,21.4,9.4,0.0,2,877.9,13.4,3023.37,908.0,0.0,0
2022-02-10 00:00:00,23296.495,20.6,9.1,0.0,2,878.1,13.7,3023.37,908.0,0.0,0
2022-02-10 01:00:00,22912.963,20.1,9.7,0.0,1,877.7,14.0,3023.37,908.0,0.0,0
2022-02-10 02:00:00,23083.615,19.1,7.6,0.0,1,878.0,15.0,3023.37,908.0,0.0,0
2022-02-10 03:00:00,23088.411,18.4,7.6,0.0,1,877.8,15.0,3023.37,909.0,0.0,0
2022-02-10 04:00:00,24176.627,17.9,7.0,0.0,1,877.5,14.5,3023.37,909.0,0.0,0
2022-02-10 05:00:00,26574.923,16.5,9.3,0.0,0,877.2,14.1,3023.37,908.0,0.0,0
2022-02-10 06:00:00,27457.323,15.8,10.1,0.0,1,877.3,13.7,3023.37,908.0,0.0,0
2022-02-10 07:00:00,26699.486,19.0,6.9,68.0,0,879.1,13.9,3023.37,908.0,0.0,0
2022-02-10 08:00:00,27649.436,22.2,6.2,284.0,1,880.7,13.4,3023.37,908.0,0.0,0
2022-02-10 09:00:00,27919.728,25.3,6.9,523.0,0,881.8,9.5,3023.37,907.0,0.0,0
2022-02-10 10:00:00,27826.606,27.8,6.2,740.0,0,882.3,6.6,3023.37,907.0,0.0,0
2022-02-10 11:00:00,27941.167,29.5,7.2,911.0,0,882.5,5.8,3023.37,908.0,0.0,0
2022-02-10 12:00:00,28061.641,30.7,9.2,1022.0,5,882.3,5.8,3023.37,908.0,0.0,0
2022-02-10 13:00:00,28062.103,31.6,9.7,1060.0,23,882.2,5.9,3023.37,908.0,0.0,0
2022-02-10 14:00:00,28444.9,31.6,13.0,1019.0,48,881.8,6.7,3023.37,908.0,0.0,0
2022-02-10 15:00:00,28769.228,31.9,11.9,809.0,26,881.4,6.8,3023.37,908.0,0.0,0
2022-02-10 16:00:00,28838.871,32.3,13.7,744.0,45,880.8,6.7,3023.37,908.0,0.0,0
2022-02-10 17:00:00,28703.622,31.3,16.9,554.0,28,880.3,6.4,3023.37,908.0,0.0,0
2022-02-10 18:00:00,28822.487,29.9,15.0,296.0,0,880.0,6.9,3023.37,909.0,0.0,0
2022-02-10 19:00:00,29779.106,26.6,6.6,96.0,2,879.1,9.0,3023.37,909.0,0.0,0
2022-02-10 20:00:00,28725.761,25.6,8.4,1.0,13,879.2,8.8,3023.37,909.0,0.0,0
2022-02-10 21:00:00,26735.483,27.2,4.1,0.0,24,880.4,7.5,3023.37,909.0,0.0,0
2022-02-10 22:00:00,24672.582,22.9,9.1,0.0,20,878.9,8.9,3023.37,909.0,0.0,0
2022-02-10 23:00:00,23713.522,22.1,10.3,0.0,12,878.5,7.7,3023.37,910.0,0.0,0
2022-02-11 00:00:00,23153.183,20.7,10.0,0.0,3,878.1,7.7,3023.37,910.0,0.0,0
2022-02-11 01:00:00,22930.819,20.3,8.0,0.0,1,878.2,7.9,3023.37,910.0,0.0,0
2022-02-11 02:00:00,22970.784,18.9,10.0,0.0,1,877.9,7.2,3023.37,909.0,0.0,0
2022-02-11 03:00:00,23212.791,17.6,12.2,0.0,0,877.3,7.8,3023.37,910.0,0.0,0
2022-02-11 04:00:00,24098.866,16.5,7.5,0.0,0,878.0,7.8,3023.37,910.0,0.0,0
2022-02-11 05:00:00,26571.866,16.9,8.3,0.0,0,878.5,8.6,3023.37,910.0,0.0,0
2022-02-11 06:00:00,27510.208,18.9,6.7,0.0,0,879.3,8.6,3023.37,910.0,0.0,0
2022-02-11 07:00:00,27276.02,19.7,2.1,69.0,0,880.2,9.7,3023.37,910.0,0.0,0
2022-02-11 08:00:00,28138.186,23.0,1.6,290.0,0,881.9,11.0,3023.37,910.0,0.0,0
2022-02-11 09:00:00,28315.356,26.3,1.1,532.0,0,883.3,7.2,3023.37,910.0,0.0,0
2022-02-11 10:00:00,28036.649,28.5,1.3,750.0,0,883.6,4.8,3023.37,910.0,0.0,0
2022-02-11 11:00:00,28426.458,30.0,2.8,921.0,0,883.7,4.6,3023.37,910.0,0.0,0
2022-02-11 12:00:00,28304.681,31.2,5.6,1032.0,0,883.6,4.9,3023.37,910.0,0.0,0
2022-02-11 13:00:00,28214.773,31.9,8.0,1074.0,0,883.3,5.4,3023.37,910.0,0.0,0
2022-02-11 14:00:00,28152.271,32.1,9.7,1043.0,0,883.4,6.5,3023.37,910.0,0.0,0
2022-02-11 15:00:00,28094.127,32.1,8.1,894.0,0,882.8,6.5,3023.37,910.0,0.0,0
2022-02-11 16:00:00,28079.505,32.3,8.4,714.0,4,882.2,5.1,3023.37,909.0,0.0,0
2022-02-11 17:00:00,27703.672,32.0,11.8,524.0,4,881.6,5.4,3023.37,909.0,0.0,0
2022-02-11 18:00:00,27505.392,30.6,12.3,322.0,1,881.4,6.0,3023.37,909.0,0.0,0
2022-02-11 19:00:00,28745.7,27.2,8.5,97.0,1,880.7,7.2,3023.37,909.0,0.0,0
2022-02-11 20:00:00,28060.38,25.2,9.3,0.0,2,880.4,6.4,3023.37,910.0,0.0,0
2022-02-11 21:00:00,26407.095,23.6,7.7,0.0,0,880.1,6.1,3023.37,910.0,0.0,0
2022-02-11 22:00:00,24933.876,23.5,9.7,0.0,0,880.5,6.5,3023.37,910.0,0.0,0
2022-02-11 23:00:00,23854.941,21.0,8.2,0.0,0,879.7,6.7,3023.37,910.0,0.0,0
2022-02-12 00:00:00,23137.548,21.8,14.9,0.0,0,881.7,9.6,3023.37,911.0,0.0,0
2022-02-12 01:00:00,22887.202,21.1,13.0,0.0,0,881.4,12.4,3023.37,911.0,0.0,0
2022-02-12 02:00:00,22679.321,20.0,12.3,0.0,0,881.0,12.9,3023.37,911.0,0.0,0
2022-02-12 03:00:00,22530.245,19.4,12.3,0.0,0,880.6,13.5,3023.37,911.0,0.0,0
2022-02-12 04:00:00,22874.908,19.1,10.9,0.0,0,880.5,13.8,3023.37,912.0,0.0,0
2022-02-12 05:00:00,23296.627,18.9,10.1,0.0,0,880.4,14.0,3023.37,912.0,0.0,0
2022-02-12 06:00:00,24127.783,18.8,13.6,0.0,6,881.0,14.1,3023.37,912.0,0.0,0
2022-02-12 07:00:00,25705.584,20.6,15.5,62.0,0,882.4,14.5,3023.37,912.0,0.0,0
2022-02-12 08:00:00,27066.702,23.6,14.7,271.0,0,883.9,14.9,3023.37,912.0,0.0,0
2022-02-12 09:00:00,27558.848,26.4,17.2,504.0,0,884.8,14.6,3023.37,913.0,0.0,0
2022-02-12 10:00:00,27384.143,28.6,16.6,716.0,0,885.2,13.8,3023.37,913.0,0.0,0
2022-02-12 11:00:00,26918.698,30.1,16.0,880.0,6,885.3,13.2,3023.37,913.0,0.0,0
2022-02-12 12:00:00,27132.361,30.9,13.8,982.0,12,884.9,12.8,3023.37,913.0,0.0,0
2022-02-12 13:00:00,26942.46,31.8,11.6,1010.0,18,884.6,12.4,3023.37,912.0,0.0,0
2022-02-12 14:00:00,26660.066,31.9,13.8,987.0,44,884.5,12.0,3023.37,911.0,0.0,0
2022-02-12 15:00:00,26464.685,31.5,14.4,828.0,54,883.6,11.3,3023.37,911.0,0.0,0
2022-02-12 16:00:00,26768.925,31.4,10.9,580.0,39,882.8,10.1,3023.37,911.0,0.0,0
2022-02-12 17:00:00,26442.23,29.2,14.7,416.0,46,882.3,12.8,3023.37,911.0,0.0,0
2022-02-12 18:00:00,26870.569,28.0,13.8,192.0,37,882.0,11.7,3023.37,910.0,0.0,0
2022-02-12 19:00:00,28293.555,27.7,4.1,70.0,43,882.1,11.2,3023.37,911.0,0.0,0
2022-02-12 20:00:00,27464.762,24.9,5.7,0.0,21,881.6,12.3,3023.37,910.0,0.0,0
2022-02-12 21:00:00,25744.828,24.1,11.5,0.0,8,882.1,13.6,3023.37,910.0,0.0,0
2022-02-12 22:00:00,24155.872,23.3,11.6,0.0,19,882.4,14.4,3023.37,910.0,0.0,0
2022-02-12 23:00:00,23092.982,22.8,10.7,0.0,16,882.1,14.7,3023.37,910.0,0.0,0
2022-02-13 00:00:00,22487.588,22.3,8.9,0.0,8,881.4,14.2,3023.37,911.0,0.0,0
2022-02-13 01:00:00,22068.846,21.2,7.0,0.0,27,881.0,14.2,3023.37,911.0,0.0,0
2022-02-13 02:00:00,21850.911,19.1,6.8,0.0,1,880.8,14.9,3023.37,911.0,0.0,0
2022-02-13 03:00:00,21811.826,18.9,7.9,0.0,0,880.5,14.9,3023.37,911.0,0.0,0
2022-02-13 04:00:00,21844.766,18.4,7.0,0.0,0,879.7,14.7,3023.37,911.0,0.0,0
2022-02-13 05:00:00,22224.203,17.9,7.6,0.0,0,879.7,13.8,3023.37,911.0,0.0,0
2022-02-13 06:00:00,23187.493,17.4,8.6,0.0,0,880.3,12.2,3023.37,912.0,0.0,0
2022-02-13 07:00:00,25085.878,18.8,11.9,62.0,0,881.6,11.7,3023.37,912.0,0.0,0
2022-02-13 08:00:00,26248.146,21.9,9.9,275.0,0,882.8,11.1,3023.37,912.0,0.0,0
2022-02-13 09:00:00,26971.252,25.2,11.8,514.0,0,883.9,9.7,3023.37,911.0,0.0,0
2022-02-13 10:00:00,26789.22,28.1,15.1,730.0,0,884.4,8.2,3023.37,910.0,0.0,0
2022-02-13 11:00:00,26722.372,29.7,15.0,902.0,0,884.5,6.4,3023.37,911.0,0.0,0
2022-02-13 12:00:00,26669.985,30.5,14.5,1015.0,0,884.2,6.6,3023.37,911.0,0.0,0
2022-02-13 13:00:00,26473.039,31.1,14.2,1060.0,0,883.7,6.7,3023.37,911.0,0.0,0
2022-02-13 14:00:00,26145.732,31.0,10.8,1006.0,42,883.0,6.7,3023.37,911.0,0.0,0
2022-02-13 15:00:00,26024.596,30.8,13.2,539.0,100,882.1,6.3,3023.37,911.0,0.0,0
2022-02-13 16:00:00,26329.952,30.2,16.6,504.0,44,881.4,6.4,3023.37,910.0,0.0,0
2022-02-13 17:00:00,26355.059,30.1,14.1,492.0,28,881.1,6.0,3023.37,910.0,0.0,0
2022-02-13 18:00:00,27016.162,29.3,12.1,267.0,29,880.7,6.0,3023.37,910.0,0.0,0
2022-02-13 19:00:00,28300.276,26.5,8.6,84.0,4,880.0,7.9,3023.37,910.0,0.0,0
2022-02-13 20:00:00,27294.525,23.5,8.2,0.0,5,879.1,9.0,3023.37,910.0,0.0,0
2022-02-13 21:00:00,25349.607,22.9,9.2,0.0,3,879.5,9.7,3023.37,911.0,0.0,0
2022-02-13 22:00:00,24022.035,24.9,5.9,0.0,6,880.7,8.5,3023.37,911.0,0.0,0
2022-02-13 23:00:00,22847.383,20.3,9.7,0.0,25,879.1,10.0,3023.37,911.0,0.0,0
2022-02-14 00:00:00,22236.941,19.9,10.8,0.0,37,878.7,9.9,3023.37,912.0,0.0,0
2022-02-14 01:00:00,21875.184,20.8,7.2,0.0,87,879.1,9.9,3023.37,912.0,0.0,0
2022-02-14 02:00:00,21920.155,19.0,8.1,0.0,75,878.6,10.8,3023.37,912.0,0.0,0
2022-02-14 03:00:00,22053.685,18.5,7.6,0.0,0,878.3,10.1,3023.37,912.0,0.0,0
2022-02-14 04:00:00,23043.348,18.5,10.9,0.0,5,878.7,10.2,3023.37,912.0,0.0,0
2022-02-14 05:00:00,25720.213,17.7,8.1,0.0,21,878.3,10.1,3023.37,913.0,0.0,0
2022-02-14 06:00:00,26806.249,18.5,7.8,0.0,60,878.7,10.3,3023.37,912.0,0.0,0
2022-02-14 07:00:00,26602.991,20.7,10.8,39.0,100,880.1,11.8,3023.37,913.0,0.0,0
2022-02-14 08:00:00,27644.446,23.8,6.3,206.0,100,881.5,14.2,3023.37,912.0,0.0,0
2022-02-14 09:00:00,28230.669,25.5,5.6,276.0,100,882.7,14.8,3023.37,912.0,0.0,0
2022-02-14 10:00:00,28406.755,27.4,7.4,498.0,81,883.1,14.8,3023.37,913.0,0.0,0
2022-02-14 11:00:00,28556.16,29.4,6.6,744.0,11,883.6,13.9,3023.37,913.0,0.0,0
2022-02-14 12:00:00,28685.797,31.3,4.5,985.0,70,883.4,12.3,3023.37,913.0,0.0,0
2022-02-14 13:00:00,28591.934,30.8,10.7,721.0,100,883.1,11.2,3023.37,914.0,0.0,0
2022-02-14 14:00:00,28783.477,31.8,6.1,461.0,59,882.5,11.3,3023.37,914.0,0.0,0
2022-02-14 15:00:00,29377.209,31.4,9.4,642.0,100,882.0,11.2,3023.37,914.0,0.0,0
2022-02-14 16:00:00,29682.377,28.4,18.2,486.0,81,881.5,13.7,3023.37,914.0,0.0,0
2022-02-14 17:00:00,29297.314,28.6,12.7,427.0,27,881.1,13.6,3023.37,914.0,0.0,0
2022-02-14 18:00:00,29109.857,27.7,10.7,249.0,100,880.9,12.9,3023.37,914.0,0.0,0
2022-02-14 19:00:00,29654.187,25.3,5.8,70.0,100,880.3,13.5,3023.37,914.0,0.0,0
2022-02-14 20:00:00,28701.431,24.6,12.0,0.0,60,880.5,13.1,3023.37,914.0,0.0,0
2022-02-14 21:00:00,26923.288,23.7,14.5,0.0,10,881.1,12.9,3023.37,914.0,0.0,0
2022-02-14 22:00:00,24957.271,21.6,27.7,0.0,54,882.6,14.7,3023.37,914.0,0.0,0
2022-02-14 23:00:00,23760.322,21.8,17.6,0.0,78,882.4,14.8,3023.37,914.0,0.0,0
2022-02-15 00:00:00,23341.789,21.2,16.3,0.0,95,882.0,14.7,3023.37,914.0,0.0,0
2022-02-15 01:00:00,23061.106,20.6,13.8,0.0,100,882.0,14.9,3023.37,914.0,0.0,0
2022-02-15 02:00:00,22890.288,20.0,19.9,0.0,100,882.5,15.4,3023.37,914.0,0.0,0
2022-02-15 03:00:00,22936.138,19.9,16.3,0.0,17,882.0,15.4,3023.37,913.0,0.0,0
2022-02-15 04:00:00,24131.39,19.7,16.1,0.0,23,882.0,15.1,3023.37,913.0,0.0,0
2022-02-15 05:00:00,26588.425,19.5,15.2,0.0,0,882.1,14.9,3023.37,913.0,0.0,0
2022-02-15 06:00:00,27788.629,19.3,16.3,0.0,8,882.2,14.7,3023.37,913.0,0.0,0
2022-02-15 07:00:00,27132.865,20.4,16.0,55.0,8,883.2,14.9,3023.37,913.0,0.0,0
2022-02-15 08:00:00,28048.696,22.8,19.6,260.0,1,884.4,14.8,3023.37,913.0,0.0,0
2022-02-15 09:00:00,28107.203,25.0,23.5,493.0,0,885.3,14.4,3023.37,913.0,0.0,0
2022-02-15 10:00:00,28061.694,27.1,24.0,705.0,0,885.8,13.5,3023.37,912.0,0.0,0
2022-02-15 11:00:00,28024.856,29.0,24.5,874.0,2,885.8,12.8,3023.37,912.0,0.0,0
2022-02-15 12:00:00,28053.179,30.2,20.1,976.0,5,885.5,13.1,3023.37,912.0,0.0,0
2022-02-15 13:00:00,28166.503,31.3,16.8,1002.0,13,885.0,12.9,3023.37,912.0,0.0,0
2022-02-15 14:00:00,28503.224,29.6,19.0,975.0,100,885.6,13.6,3023.37,912.0,0.0,0
2022-02-15 15:00:00,28891.452,30.2,17.6,891.0,65,884.8,13.4,3023.37,912.0,0.0,0
2022-02-15 16:00:00,29259.864,30.4,13.9,661.0,100,884.0,12.3,3023.37,912.0,0.0,0
2022-02-15 17:00:00,29139.81,24.9,13.3,177.0,99,883.6,15.7,3023.37,912.0,0.0,0
2022-02-15 18:00:00,29333.645,23.6,10.9,115.0,99,883.8,16.4,3023.37,911.0,0.0,0
2022-02-15 19:00:00,30131.821,22.1,9.7,50.0,98,883.2,16.6,3023.37,911.0,0.0,0
2022-02-15 20:00:00,28686.051,20.8,7.2,0.0,100,884.1,17.0,3023.37,910.0,0.0,0
2022-02-15 21:00:00,26708.182,19.9,2.7,0.0,100,884.9,17.3,3023.37,911.0,0.0,0
2022-02-15 22:00:00,25078.377,19.5,2.2,0.0,100,884.1,17.7,3023.37,911.0,0.0,0
2022-02-15 23:00:00,23847.344,18.9,5.6,0.0,100,883.4,17.4,3023.37,911.0,0.0,0
2022-02-16 00:00:00,23129.591,18.9,6.5,0.0,100,882.9,17.0,3023.37,911.0,0.0,0
2022-02-16 01:00:00,22813.053,18.6,5.4,0.0,94,882.5,17.1,3023.37,911.0,0.0,0
2022-02-16 02:00:00,22652.354,18.8,5.4,0.0,100,882.1,16.8,3023.37,911.0,0.0,0
2022-02-16 03:00:00,22849.734,18.8,4.1,0.0,100,882.1,17.0,3023.37,911.0,0.0,0
2022-02-16 04:00:00,24051.293,18.7,5.0,0.0,19,881.8,17.0,3023.37,911.0,0.0,0
2022-02-16 05:00:00,26604.846,18.0,4.4,0.0,19,881.7,17.0,3023.37,911.0,0.0,0
2022-02-16 06:00:00,27509.887,17.3,5.6,0.0,44,881.5,16.7,3023.37,911.0,0.0,0
2022-02-16 07:00:00,26953.39,19.2,2.1,50.0,41,882.9,17.3,3023.37,911.0,0.0,0
2022-02-16 08:00:00,27694.992,21.6,0.8,205.0,43,884.2,16.8,3023.37,911.0,0.0,0
2022-02-16 09:00:00,27875.132,23.7,3.2,385.0,23,884.7,16.4,3023.37,912.0,0.0,0
2022-02-16 10:00:00,28051.513,26.0,7.2,634.0,19,885.0,15.7,3023.37,912.0,0.0,0
2022-02-16 11:00:00,28256.034,27.4,11.0,819.0,38,885.3,15.3,3023.37,912.0,0.0,0
2022-02-16 12:00:00,28141.359,28.6,15.2,850.0,100,884.7,15.4,3023.37,912.0,0.0,0
2022-02-16 13:00:00,27953.873,27.3,18.5,716.0,87,883.8,15.5,3023.37,913.0,0.0,0
2022-02-16 14:00:00,28457.826,25.4,7.4,598.0,100,884.3,16.4,3023.37,912.0,0.0,0
2022-02-16 15:00:00,29026.644,27.1,7.9,827.0,24,883.8,16.8,3023.37,913.0,0.0,0
2022-02-16 16:00:00,29135.339,25.1,12.1,697.0,68,883.1,17.7,3023.37,913.0,0.0,0
2022-02-16 17:00:00,28937.77,24.0,7.3,358.0,89,882.6,16.9,3023.37,913.0,0.0,0
2022-02-16 18:00:00,29063.373,23.7,8.8,182.0,89,882.3,16.7,3023.37,913.0,0.0,0
2022-02-16 19:00:00,30024.399,22.2,4.8,67.0,41,881.8,17.0,3023.37,912.0,0.0,0
2022-02-16 20:00:00,28593.494,20.2,6.6,0.0,10,881.5,17.4,3023.37,913.0,0.0,0
2022-02-16 21:00:00,26483.97,20.4,4.1,0.0,4,881.9,17.4,3023.37,912.0,0.0,0
2022-02-16 22:00:00,25015.962,19.0,4.9,0.0,6,881.2,17.5,3023.37,912.0,0.0,0
2022-02-16 23:00:00,23801.031,18.4,5.9,0.0,6,880.7,17.2,3023.37,912.0,0.0,0
2022-02-17 00:00:00,23323.372,17.7,7.5,0.0,0,880.3,16.5,3023.37,912.0,0.0,0
2022-02-17 01:00:00,22969.984,17.3,6.5,0.0,0,880.0,16.3,3023.37,913.0,0.0,0
2022-02-17 02:00:00,22834.329,17.5,6.1,0.0,0,880.0,16.1,3023.37,913.0,0.0,0
2022-02-17 03:00:00,22896.041,16.8,6.6,0.0,0,879.4,15.8,3023.37,913.0,0.0,0
2022-02-17 04:00:00,24115.254,17.2,7.4,0.0,3,879.7,16.2,3023.37,913.0,0.0,0
2022-02-17 05:00:00,26600.523,17.2,8.2,0.0,0,879.9,16.4,3023.37,913.0,0.0,0
2022-02-17 06:00:00,27510.961,17.0,6.9,0.0,0,880.0,16.3,3023.37,913.0,0.0,0
2022-02-17 07:00:00,27008.905,18.4,8.2,53.0,0,880.9,17.0,3023.37,913.0,0.0,0
2022-02-17 08:00:00,27751.612,21.0,6.6,257.0,7,882.2,17.8,3023.37,913.0,0.0,0
2022-02-17 09:00:00,27778.225,23.3,8.0,487.0,17,883.0,17.7,3023.37,913.0,0.0,0
2022-02-17 10:00:00,27733.672,24.9,7.3,660.0,27,883.2,17.4,3023.37,913.0,0.0,0
2022-02-17 11:00:00,27820.878,26.3,6.8,823.0,44,883.3,16.7,3023.37,913.0,0.0,0
2022-02-17 12:00:00,27775.349,27.4,7.7,935.0,39,883.0,16.0,3023.37,913.0,0.0,0
2022-02-17 13:00:00,27771.011,28.3,7.4,1004.0,79,882.7,15.4,3023.37,914.0,0.0,0
2022-02-17 14:00:00,28094.422,29.2,8.0,954.0,100,882.2,13.8,3023.37,913.0,0.0,0
2022-02-17 15:00:00,28441.276,26.8,12.1,719.0,43,881.6,15.3,3023.37,914.0,0.0,0
2022-02-17 16:00:00,28846.027,28.0,11.0,710.0,60,881.2,13.4,3023.37,914.0,0.0,0
2022-02-17 17:00:00,28705.347,27.5,6.2,436.0,62,880.6,12.1,3023.37,914.0,0.0,0
2022-02-17 18:00:00,28539.15,26.0,6.4,224.0,59,880.4,14.0,3023.37,914.0,0.0,0
2022-02-17 19:00:00,29137.561,23.7,6.4,68.0,35,879.9,15.8,3023.37,914.0,0.0,0
2022-02-17 20:00:00,27986.525,22.1,8.0,0.0,35,879.6,15.8,3023.37,914.0,0.0,0
2022-02-17 21:00:00,26007.261,20.4,6.3,0.0,100,879.4,16.2,3023.37,914.0,0.0,0
2022-02-17 22:00:00,24485.956,20.3,5.9,0.0,100,879.8,16.6,3023.37,914.0,0.0,0
2022-02-17 23:00:00,23404.187,20.1,5.1,0.0,98,879.8,16.6,3023.37,914.0,0.0,0
2022-02-18 00:00:00,22673.579,19.8,5.5,0.0,41,879.7,16.4,3023.37,914.0,0.0,0
2022-02-18 01:00:00,22336.143,19.4,6.9,0.0,23,879.5,16.3,3023.37,914.0,0.0,0
2022-02-18 02:00:00,22233.86,19.9,8.0,0.0,25,880.0,15.9,3023.37,914.0,0.0,0
2022-02-18 03:00:00,22553.97,18.9,6.5,0.0,15,879.3,16.6,3023.37,915.0,0.0,0
2022-02-18 04:00:00,23872.645,17.1,8.1,0.0,98,878.5,16.1,3023.37,915.0,0.0,0
2022-02-18 05:00:00,26123.251,17.7,4.3,0.0,100,878.8,16.5,3023.37,915.0,0.0,0
2022-02-18 06:00:00,27375.658,18.6,4.0,0.0,100,879.7,16.8,3023.37,915.0,0.0,0
2022-02-18 07:00:00,27271.197,19.4,9.1,16.0,100,880.7,16.8,3023.37,915.0,0.0,0
2022-02-18 08:00:00,28051.596,21.0,6.6,121.0,100,881.9,16.5,3023.37,914.0,0.0,0
2022-02-18 09:00:00,28301.759,22.6,6.2,259.0,25,882.5,16.3,3023.37,914.0,0.0,0
2022-02-18 10:00:00,28316.46,24.5,6.6,592.0,16,883.2,15.9,3023.37,914.0,0.0,0
2022-02-18 11:00:00,28384.309,25.9,7.0,836.0,5,883.2,15.5,3023.37,914.0,0.0,0
2022-02-18 12:00:00,28159.93,27.1,7.2,963.0,12,883.2,15.6,3023.37,914.0,0.0,0
2022-02-18 13:00:00,28050.919,28.0,6.6,985.0,18,882.6,15.4,3023.37,914.0,0.0,0
2022-02-18 14:00:00,28191.067,28.2,13.0,941.0,18,882.0,14.4,3023.37,914.0,0.0,0
2022-02-18 15:00:00,28262.018,28.1,11.6,805.0,31,881.3,13.9,3023.37,914.0,0.0,0
2022-02-18 16:00:00,28538.465,26.0,19.2,659.0,86,880.7,14.6,3023.37,914.0,0.0,0
2022-02-18 17:00:00,28057.717,25.4,10.2,374.0,20,880.1,15.3,3023.37,914.0,0.0,0
2022-02-18 18:00:00,27958.55,25.3,4.2,275.0,10,880.0,15.1,3023.37,914.0,0.0,0
2022-02-18 19:00:00,28773.263,24.5,1.3,73.0,16,880.0,15.4,3023.37,913.0,0.0,0
2022-02-18 20:00:00,27660.119,21.8,3.7,0.0,10,879.5,16.2,3023.37,913.0,0.0,0
2022-02-18 21:00:00,25921.143,21.0,2.9,0.0,10,879.9,15.9,3023.37,913.0,0.0,0
2022-02-18 22:00:00,24394.12,20.6,3.9,0.0,19,880.1,15.7,3023.37,913.0,0.0,0
2022-02-18 23:00:00,23473.634,20.1,5.1,0.0,20,880.1,15.7,3023.37,913.0,0.0,0
2022-02-19 00:00:00,22816.229,19.8,7.2,0.0,45,880.3,15.9,3023.37,914.0,0.0,0
2022-02-19 01:00:00,22515.176,19.6,8.3,0.0,14,880.3,16.2,3023.37,914.0,0.0,0
2022-02-19 02:00:00,22220.266,19.0,12.9,0.0,28,880.4,15.6,3023.37,914.0,0.0,0
2022-02-19 03:00:00,22334.727,18.7,14.8,0.0,0,879.8,15.3,3023.37,914.0,0.0,0
2022-02-19 04:00:00,22557.23,18.2,12.4,0.0,4,879.2,15.2,3023.37,914.0,0.0,0
2022-02-19 05:00:00,22943.211,17.9,12.0,0.0,1,879.2,15.2,3023.37,914.0,0.0,0
2022-02-19 06:00:00,24091.497,17.6,12.8,0.0,0,879.2,15.3,3023.37,914.0,0.0,0
2022-02-19 07:00:00,25774.812,18.5,14.4,50.0,0,880.2,15.8,3023.37,914.0,0.0,0
2022-02-19 08:00:00,27195.887,20.9,14.4,251.0,85,881.5,16.0,3023.37,913.0,0.0,0
2022-02-19 09:00:00,27692.892,23.2,16.5,462.0,12,882.0,16.2,3023.37,913.0,0.0,0
2022-02-19 10:00:00,27577.282,25.4,17.4,693.0,8,882.4,15.9,3023.37,913.0,0.0,0
2022-02-19 11:00:00,27127.091,27.6,18.0,863.0,9,882.4,15.5,3023.37,912.0,0.0,0
2022-02-19 12:00:00,26891.292,28.4,17.2,931.0,50,882.2,16.1,3023.37,912.0,0.0,0
2022-02-19 13:00:00,26486.181,28.5,21.0,836.0,57,881.9,14.4,3023.37,913.0,0.0,0
2022-02-19 14:00:00,26470.277,27.6,18.5,928.0,64,881.3,14.2,3023.37,912.0,0.0,0
2022-02-19 15:00:00,26319.174,28.2,16.2,817.0,23,880.5,15.5,3023.37,912.0,0.0,0
2022-02-19 16:00:00,26426.419,28.7,15.6,630.0,56,879.7,14.6,3023.37,912.0,0.0,0
2022-02-19 17:00:00,26259.181,23.8,20.4,382.0,76,879.6,15.8,3023.37,912.0,0.0,0
2022-02-19 18:00:00,26665.958,23.3,1.8,167.0,24,879.0,16.3,3023.37,912.0,0.0,0
2022-02-19 19:00:00,27990.942,22.4,5.9,73.0,1,878.9,16.9,3023.37,912.0,0.0,0
2022-02-19 20:00:00,26648.574,21.7,5.0,0.0,21,878.7,16.3,3023.37,912.0,0.0,0
2022-02-19 21:00:00,24731.344,19.1,21.0,0.0,95,880.8,15.2,3023.37,912.0,0.0,0
2022-02-19 22:00:00,23856.494,19.7,9.5,0.0,10,879.5,15.2,3023.37,912.0,0.0,0
2022-02-19 23:00:00,22687.647,18.0,4.0,0.0,20,879.0,15.4,3023.37,912.0,0.0,0
2022-02-20 00:00:00,22080.981,17.5,7.6,0.0,7,878.9,15.7,3023.37,912.0,0.0,0
2022-02-20 01:00:00,21906.243,17.0,7.1,0.0,0,878.8,15.6,3023.37,911.0,0.0,0
2022-02-20 02:00:00,21456.385,16.7,9.9,0.0,0,878.9,15.7,3023.37,912.0,0.0,0
2022-02-20 03:00:00,21292.272,16.5,10.1,0.0,6,878.4,15.5,3023.37,912.0,0.0,0
2022-02-20 04:00:00,21520.147,16.4,9.8,0.0,1,878.2,15.3,3023.37,913.0,0.0,0
2022-02-20 05:00:00,21646.914,16.2,8.8,0.0,0,877.9,15.1,3023.37,912.0,0.0,0
2022-02-20 06:00:00,22861.17,16.0,8.7,0.0,1,877.9,15.0,3023.37,913.0,0.0,0
2022-02-20 07:00:00,24732.245,17.2,10.4,49.0,0,879.0,15.8,3023.37,912.0,0.0,0
2022-02-20 08:00:00,25754.078,19.9,9.4,252.0,0,880.5,17.0,3023.37,912.0,0.0,0
2022-02-20 09:00:00,26302.119,22.8,10.1,488.0,0,881.5,17.3,3023.37,912.0,0.0,0
2022-02-20 10:00:00,26304.007,25.4,11.5,704.0,0,881.9,16.2,3023.37,912.0,0.0,0
2022-02-20 11:00:00,26227.589,27.1,10.7,875.0,0,881.9,14.3,3023.37,911.0,0.0,0
2022-02-20 12:00:00,26262.747,28.1,10.7,975.0,39,881.9,12.5,3023.37,911.0,0.0,0
2022-02-20 13:00:00,26118.321,28.2,12.5,888.0,18,881.5,11.7,3023.37,911.0,0.0,0
2022-02-20 14:00:00,25831.619,28.1,16.3,872.0,45,881.1,11.0,3023.37,911.0,0.0,0
2022-02-20 15:00:00,25757.648,28.6,16.2,735.0,80,880.6,11.0,3023.37,911.0,0.0,0
2022-02-20 16:00:00,26126.473,28.2,15.4,510.0,23,880.3,11.0,3023.37,911.0,0.0,0
2022-02-20 17:00:00,26094.482,28.8,16.2,433.0,27,880.0,10.0,3023.37,911.0,0.0,0
2022-02-20 18:00:00,26619.133,26.8,12.6,243.0,28,879.6,12.0,3023.37,911.0,0.0,0
2022-02-20 19:00:00,28025.004,23.7,6.9,61.0,29,878.3,12.6,3023.37,911.0,0.0,0
2022-02-20 20:00:00,26820.14,22.7,7.2,0.0,11,878.3,12.7,3023.37,911.0,0.0,0
2022-02-20 21:00:00,24983.123,21.0,8.4,0.0,6,878.1,13.2,3023.37,911.0,0.0,0
2022-02-20 22:00:00,23348.185,20.7,8.0,0.0,0,878.6,12.8,3023.37,911.0,0.0,0
2022-02-20 23:00:00,22304.08,18.9,9.4,0.0,0,877.9,12.6,3023.37,911.0,0.0,0
2022-02-21 00:00:00,21671.894,18.2,8.4,0.0,0,877.9,12.2,3023.37,911.0,0.0,0
2022-02-21 01:00:00,21545.016,18.5,3.2,0.0,0,878.0,12.1,3023.37,911.0,0.0,0
2022-02-21 02:00:00,21338.533,17.2,2.9,0.0,0,878.0,11.5,3023.37,911.0,0.0,0
2022-02-21 03:00:00,21536.824,15.5,6.5,0.0,0,876.9,11.5,3023.37,911.0,0.0,0
2022-02-21 04:00:00,22882.868,14.4,9.7,0.0,0,876.6,11.6,3023.37,911.0,0.0,0
2022-02-21 05:00:00,25155.027,14.6,9.2,0.0,0,876.9,11.5,3023.37,911.0,0.0,0
2022-02-21 06:00:00,26388.061,13.8,9.3,0.0,0,876.6,11.3,3023.37,911.0,0.0,0
2022-02-21 07:00:00,26187.266,16.7,5.8,50.0,0,878.2,12.0,3023.37,911.0,0.0,0
2022-02-21 08:00:00,27293.177,20.0,5.2,264.0,0,880.3,12.6,3023.37,911.0,0.0,0
2022-02-21 09:00:00,27701.877,23.2,5.7,506.0,0,881.9,11.0,3023.37,911.0,0.0,0
2022-02-21 10:00:00,27993.42,25.6,7.2,726.0,0,882.4,8.5,3023.37,910.0,0.0,0
2022-02-21 11:00:00,28205.011,27.1,10.5,900.0,0,882.5,8.0,3023.37,910.0,0.0,0
2022-02-21 12:00:00,28094.477,28.2,14.8,1012.0,0,882.1,6.8,3023.37,910.0,0.0,0
2022-02-21 13:00:00,28277.296,28.9,18.4,1055.0,0,881.9,6.4,3023.37,910.0,0.0,0
2022-02-21 14:00:00,28340.583,29.2,18.6,1022.0,0,881.7,10.0,3023.37,909.0,0.0,0
2022-02-21 15:00:00,28796.342,29.9,22.0,905.0,0,881.1,6.6,3023.37,910.0,0.0,0
2022-02-21 16:00:00,28986.239,29.5,21.5,747.0,0,880.6,6.2,3023.37,909.0,0.0,0
2022-02-21 17:00:00,28792.385,28.8,18.4,536.0,0,880.2,4.7,3023.37,910.0,0.0,0
2022-02-21 18:00:00,28915.968,27.0,13.6,298.0,0,879.5,6.0,3023.37,910.0,0.0,0
2022-02-21 19:00:00,29853.738,23.1,8.9,75.0,0,878.1,6.0,3023.37,910.0,0.0,0
2022-02-21 20:00:00,28491.141,21.0,8.9,0.0,0,877.5,5.7,3023.37,910.0,0.0,0
2022-02-21 21:00:00,26523.95,20.5,9.3,0.0,0,877.8,5.1,3023.37,910.0,0.0,0
2022-02-21 22:00:00,24576.115,18.5,10.1,0.0,0,877.4,5.8,3023.37,910.0,0.0,0
2022-02-21 23:00:00,23531.438,17.6,9.9,0.0,0,876.9,7.4,3023.37,910.0,0.0,0
2022-02-22 00:00:00,22867.967,16.8,9.1,0.0,0,876.9,7.6,3023.37,910.0,0.0,0
2022-02-22 01:00:00,22569.885,16.1,9.4,0.0,0,876.7,6.3,3023.37,910.0,0.0,0
2022-02-22 02:00:00,22541.707,15.9,9.2,0.0,0,877.1,4.9,3023.37,910.0,0.0,0
2022-02-22 03:00:00,22754.053,14.4,11.6,0.0,0,876.4,5.1,3023.37,910.0,0.0,0
2022-02-22 04:00:00,23833.23,15.5,10.7,0.0,0,876.9,5.2,3023.37,910.0,0.0,0
2022-02-22 05:00:00,26413.008,17.3,6.4,0.0,0,878.1,4.8,3023.37,911.0,0.0,0
2022-02-22 06:00:00,27337.613,16.9,5.9,0.0,0,878.4,4.9,3023.37,910.0,0.0,0
2022-02-22 07:00:00,26636.175,15.6,5.3,49.0,0,878.2,7.1,3023.37,910.0,0.0,0
2022-02-22 08:00:00,27259.811,18.7,6.3,263.0,0,880.2,8.8,3023.37,910.0,0.0,0
2022-02-22 09:00:00,27394.646,21.4,6.4,508.0,0,881.6,7.8,3023.37,910.0,0.0,0
2022-02-22 10:00:00,27609.637,23.8,5.7,729.0,0,882.3,8.4,3023.37,909.0,0.0,0
2022-02-22 11:00:00,27676.876,25.9,5.4,903.0,0,883.0,9.1,3023.37,909.0,0.0,0
2022-02-22 12:00:00,27739.804,27.5,6.4,1013.0,0,883.0,9.0,3023.37,909.0,0.0,0
2022-02-22 13:00:00,27621.867,28.7,7.4,1053.0,0,882.9,6.7,3023.37,908.0,0.0,0
2022-02-22 14:00:00,28083.952,28.5,7.8,1021.0,0,882.5,6.8,3023.37,908.0,0.0,0
2022-02-22 15:00:00,28602.314,28.9,8.3,916.0,0,882.1,6.7,3023.37,908.0,0.0,0
2022-02-22 16:00:00,28955.76,28.7,7.6,751.0,0,881.6,6.3,3023.37,908.0,0.0,0
2022-02-22 17:00:00,28631.804,28.4,5.8,538.0,0,881.4,6.0,3023.37,909.0,0.0,0
2022-02-22 18:00:00,29030.32,27.1,2.6,296.0,0,880.7,12.8,3023.37,909.0,0.0,0
2022-02-22 19:00:00,29909.912,26.8,1.6,72.0,0,880.9,8.4,3023.37,909.0,0.0,0
2022-02-22 20:00:00,28541.5,26.1,4.0,0.0,0,880.9,7.3,3023.37,909.0,0.0,0
2022-02-22 21:00:00,26578.686,25.2,3.4,0.0,0,881.0,6.8,3023.37,910.0,0.0,0
2022-02-22 22:00:00,24908.444,24.1,1.5,0.0,0,880.9,7.1,3023.37,910.0,0.0,0
2022-02-22 23:00:00,23598.144,23.6,2.5,0.0,0,880.6,7.1,3023.37,910.0,0.0,0
2022-02-23 00:00:00,22995.872,23.6,2.3,0.0,0,880.6,6.8,3023.37,910.0,0.0,0
2022-02-23 01:00:00,22730.317,23.0,5.2,0.0,0,880.4,6.9,3023.37,911.0,0.0,0
2022-02-23 02:00:00,22618.984,17.4,9.1,0.0,0,878.5,7.5,3023.37,911.0,0.0,0
2022-02-23 03:00:00,22704.894,15.0,9.4,0.0,0,877.4,8.2,3023.37,912.0,0.0,0
2022-02-23 04:00:00,23966.368,14.3,10.9,0.0,0,877.3,8.4,3023.37,912.0,0.0,0
2022-02-23 05:00:00,26566.727,14.8,9.7,0.0,0,877.5,8.0,3023.37,912.0,0.0,0
2022-02-23 06:00:00,27552.133,14.5,9.0,0.0,0,878.0,8.1,3023.37,912.0,0.0,0
2022-02-23 07:00:00,27119.487,17.1,4.6,47.0,0,879.6,9.4,3023.37,912.0,0.0,0
2022-02-23 08:00:00,27767.574,21.1,10.3,254.0,0,882.0,10.8,3023.37,911.0,0.0,0
2022-02-23 09:00:00,27881.483,24.3,10.0,495.0,0,883.4,8.8,3023.37,911.0,0.0,0
2022-02-23 10:00:00,28172.673,26.5,9.8,714.0,0,883.8,9.0,3023.37,910.0,0.0,0
2022-02-23 11:00:00,28366.839,28.1,9.8,888.0,0,884.2,9.1,3023.37,910.0,0.0,0
2022-02-23 12:00:00,28306.239,29.3,10.9,1000.0,0,884.0,8.7,3023.37,910.0,0.0,0
2022-02-23 13:00:00,28299.452,30.1,11.7,1041.0,0,883.8,8.3,3023.37,910.0,0.0,0
2022-02-23 14:00:00,28670.209,30.8,12.0,1008.0,0,883.2,7.8,3023.37,909.0,0.0,0
2022-02-23 15:00:00,29121.282,31.1,10.8,904.0,0,882.7,7.2,3023.37,909.0,0.0,0
2022-02-23 16:00:00,29363.42,31.0,9.3,740.0,2,882.4,6.3,3023.37,909.0,0.0,0
2022-02-23 17:00:00,29024.37,30.4,8.6,527.0,6,882.0,6.2,3023.37,909.0,0.0,0
2022-02-23 18:00:00,28999.237,28.4,5.7,281.0,7,881.2,11.1,3023.37,909.0,0.0,0
2022-02-23 19:00:00,29896.051,23.7,10.5,66.0,4,879.5,9.2,3023.37,910.0,0.0,0
2022-02-23 20:00:00,28594.937,22.3,10.9,0.0,3,879.3,8.1,3023.37,909.0,0.0,0
2022-02-23 21:00:00,26512.973,21.9,10.6,0.0,1,879.6,7.6,3023.37,910.0,0.0,0
2022-02-23 22:00:00,24871.255,21.7,8.2,0.0,0,879.8,7.7,3023.37,910.0,0.0,0
2022-02-23 23:00:00,23745.577,20.7,9.7,0.0,0,879.4,9.4,3023.37,910.0,0.0,0
2022-02-24 00:00:00,23333.003,19.8,9.4,0.0,0,879.0,9.7,3023.37,910.0,0.0,0
2022-02-24 01:00:00,23105.597,19.7,10.4,0.0,0,878.8,8.9,3023.37,911.0,0.0,0
2022-02-24 02:00:00,22919.973,18.9,9.5,0.0,0,878.3,9.2,3023.37,911.0,0.0,0
2022-02-24 03:00:00,23034.022,18.8,9.9,0.0,1,877.9,9.6,3023.37,911.0,0.0,0
2022-02-24 04:00:00,24204.917,17.8,8.6,0.0,3,877.5,9.6,3023.37,911.0,0.0,0
2022-02-24 05:00:00,26539.691,16.7,8.1,0.0,2,878.0,9.7,3023.37,911.0,0.0,0
2022-02-24 06:00:00,27655.856,16.7,9.1,0.0,0,878.4,9.8,3023.37,912.0,0.0,0
2022-02-24 07:00:00,27113.265,18.4,13.1,44.0,0,879.9,10.8,3023.37,912.0,0.0,0
2022-02-24 08:00:00,27901.61,21.1,12.0,246.0,1,881.3,12.1,3023.37,912.0,0.0,0
2022-02-24 09:00:00,27937.243,24.0,12.2,485.0,0,882.7,12.1,3023.37,911.0,0.0,0
2022-02-24 10:00:00,28258.825,26.7,13.1,702.0,0,883.3,12.0,3023.37,911.0,0.0,0
2022-02-24 11:00:00,28386.391,28.9,13.8,875.0,0,883.4,12.3,3023.37,911.0,0.0,0
2022-02-24 12:00:00,28452.06,30.4,12.6,948.0,25,883.0,10.9,3023.37,911.0,0.0,0
2022-02-24 13:00:00,28624.732,31.4,8.4,945.0,36,882.8,7.8,3023.37,910.0,0.0,0
2022-02-24 14:00:00,28743.192,31.6,6.6,869.0,17,882.2,7.0,3023.37,910.0,0.0,0
2022-02-24 15:00:00,28977.667,31.8,7.1,824.0,27,881.6,6.8,3023.37,910.0,0.0,0
2022-02-24 16:00:00,29119.468,31.3,10.5,647.0,19,881.1,6.3,3023.37,909.0,0.0,0
2022-02-24 17:00:00,28892.079,31.0,7.6,474.0,18,880.6,6.1,3023.37,909.0,0.0,0
2022-02-24 18:00:00,29191.491,29.2,2.8,261.0,8,880.0,17.1,3023.37,909.0,0.0,0
2022-02-24 19:00:00,29769.714,24.8,9.4,62.0,3,878.2,9.5,3023.37,910.0,0.0,0
2022-02-24 20:00:00,28447.607,23.3,10.7,0.0,5,878.0,8.3,3023.37,910.0,0.0,0
2022-02-24 21:00:00,26496.081,22.3,6.5,0.0,9,878.2,7.1,3023.37,910.0,0.0,0
2022-02-24 22:00:00,25027.173,21.2,8.0,0.0,9,877.9,9.4,3023.37,911.0,0.0,0
2022-02-24 23:00:00,23884.775,21.3,11.6,0.0,0,877.9,8.9,3023.37,911.0,0.0,0
2022-02-25 00:00:00,23136.16,20.9,9.4,0.0,0,877.6,7.7,3023.37,911.0,0.0,0
2022-02-25 01:00:00,22797.572,19.7,10.0,0.0,3,877.9,8.6,3023.37,912.0,0.0,0
2022-02-25 02:00:00,22567.379,19.3,7.9,0.0,43,877.4,8.5,3023.37,913.0,0.0,0
2022-02-25 03:00:00,22769.319,20.1,8.9,0.0,68,877.4,8.9,3023.37,914.0,0.0,0
2022-02-25 04:00:00,24104.59,18.8,7.2,0.0,0,877.8,10.2,3023.37,913.0,0.0,0
2022-02-25 05:00:00,26451.712,16.7,9.5,0.0,4,877.5,10.6,3023.37,913.0,0.0,0
2022-02-25 06:00:00,27361.52,18.0,15.0,0.0,0,878.3,10.1,3023.37,913.0,0.0,0
2022-02-25 07:00:00,27293.116,19.1,15.5,42.0,0,878.9,10.9,3023.37,913.0,0.0,0
2022-02-25 08:00:00,28161.168,21.9,15.0,244.0,0,880.7,12.7,3023.37,913.0,0.0,0
2022-02-25 09:00:00,28253.077,24.4,15.1,482.0,12,881.6,13.2,3023.37,912.0,0.0,0
2022-02-25 10:00:00,28375.003,26.7,15.1,679.0,25,881.9,12.9,3023.37,912.0,0.0,0
2022-02-25 11:00:00,28438.665,28.7,15.7,851.0,14,881.9,12.1,3023.37,912.0,0.0,0
2022-02-25 12:00:00,28481.828,30.3,14.3,959.0,20,881.6,10.8,3023.37,912.0,0.0,0
2022-02-25 13:00:00,28328.259,30.9,20.6,897.0,81,881.5,7.7,3023.37,912.0,0.0,0
2022-02-25 14:00:00,28359.077,31.9,21.4,637.0,83,880.8,6.7,3023.37,912.0,0.0,0
2022-02-25 15:00:00,28397.018,31.8,19.6,826.0,35,880.3,6.5,3023.37,912.0,0.0,0
2022-02-25 16:00:00,28254.299,31.3,17.6,644.0,41,879.8,7.2,3023.37,912.0,0.0,0
2022-02-25 17:00:00,27667.35,30.4,17.6,441.0,36,879.4,7.4,3023.37,911.0,0.0,0
2022-02-25 18:00:00,27594.493,28.1,17.8,249.0,42,879.3,9.7,3023.37,912.0,0.0,0
2022-02-25 19:00:00,28342.85,25.9,11.5,52.0,15,878.6,9.9,3023.37,912.0,0.0,0
2022-02-25 20:00:00,27209.853,24.4,11.6,0.0,10,878.8,10.3,3023.37,912.0,0.0,0
2022-02-25 21:00:00,25651.186,23.1,10.1,0.0,57,879.1,10.6,3023.37,912.0,0.0,0
2022-02-25 22:00:00,24210.717,22.7,9.5,0.0,34,879.1,10.4,3023.37,912.0,0.0,0
2022-02-25 23:00:00,23160.372,21.5,8.4,0.0,33,879.0,10.3,3023.37,912.0,0.0,0
2022-02-26 00:00:00,22950.952,20.5,7.6,0.0,2,878.6,10.7,3163.37,913.0,0.0,0
2022-02-26 01:00:00,22485.843,19.1,9.6,0.0,0,877.9,11.0,3163.37,913.0,0.0,0
2022-02-26 02:00:00,22407.464,18.8,11.3,0.0,3,880.0,11.4,3163.37,913.0,0.0,0
2022-02-26 03:00:00,22303.928,18.5,12.8,0.0,94,879.7,11.3,3163.37,913.0,0.0,0
2022-02-26 04:00:00,22451.007,18.2,10.7,0.0,90,879.7,11.1,3163.37,913.0,0.0,0
2022-02-26 05:00:00,22941.065,17.7,9.7,0.0,94,879.8,11.1,3163.37,913.0,0.0,0
2022-02-26 06:00:00,24116.078,17.4,11.6,0.0,64,880.1,11.1,3163.37,913.0,0.0,0
2022-02-26 07:00:00,25606.484,18.3,15.7,37.0,85,881.0,11.5,3163.37,913.0,0.0,0
2022-02-26 08:00:00,26510.189,20.8,13.9,224.0,4,882.1,12.4,3163.37,913.0,0.0,0
2022-02-26 09:00:00,26870.096,23.2,14.4,449.0,25,883.3,12.5,3163.37,913.0,0.0,0
2022-02-26 10:00:00,26645.573,25.4,16.2,637.0,19,883.9,12.6,3163.37,914.0,0.0,0
2022-02-26 11:00:00,26541.168,27.4,17.3,793.0,31,884.1,11.9,3163.37,914.0,0.0,0
2022-02-26 12:00:00,26468.246,28.3,20.3,871.0,49,884.0,10.7,3163.37,914.0,0.0,0
2022-02-26 13:00:00,26438.173,27.5,16.1,749.0,34,883.9,11.0,3163.37,913.0,0.0,0
2022-02-26 14:00:00,26043.783,29.6,18.6,803.0,50,883.3,10.7,3163.37,913.0,0.0,0
2022-02-26 15:00:00,25973.143,28.9,7.2,772.0,26,882.9,10.9,3163.37,912.0,0.0,0
2022-02-26 16:00:00,26276.276,28.6,6.0,570.0,84,882.0,11.3,3163.37,912.0,0.0,0
2022-02-26 17:00:00,26172.29,26.6,3.3,368.0,45,881.5,12.4,3163.37,911.0,0.0,0
2022-02-26 18:00:00,26832.661,26.3,5.8,207.0,43,881.2,12.0,3163.37,912.0,0.0,0
2022-02-26 19:00:00,27909.471,24.6,8.8,53.0,18,880.3,13.1,3163.37,912.0,0.0,0
2022-02-26 20:00:00,26632.491,22.6,6.6,0.0,4,880.0,13.3,3163.37,912.0,0.0,0
2022-02-26 21:00:00,25187.845,21.9,8.5,0.0,0,880.3,12.6,3163.37,911.0,0.0,0
2022-02-26 22:00:00,24012.797,21.8,11.0,0.0,0,880.1,11.7,3163.37,911.0,0.0,0
2022-02-26 23:00:00,23271.383,21.0,11.0,0.0,1,879.6,11.4,3163.37,911.0,0.0,0
2022-02-27 00:00:00,22198.982,20.8,12.2,0.0,0,879.6,11.2,3163.37,911.0,0.0,0
2022-02-27 01:00:00,21714.362,20.0,11.3,0.0,0,879.6,11.0,3163.37,911.0,0.0,0
2022-02-27 02:00:00,21525.715,19.6,12.6,0.0,0,879.5,11.0,3163.37,910.0,0.0,0
2022-02-27 03:00:00,21516.877,19.0,11.7,0.0,0,879.2,11.7,3163.37,910.0,0.0,0
2022-02-27 04:00:00,21645.362,18.5,11.8,0.0,6,879.2,12.1,3163.37,910.0,0.0,0
2022-02-27 05:00:00,21985.1,18.2,13.9,0.0,6,879.6,12.2,3163.37,912.0,0.0,0
2022-02-27 06:00:00,23031.888,18.1,15.7,0.0,7,879.8,12.2,3163.37,913.0,0.0,0
2022-02-27 07:00:00,24663.219,18.8,14.3,39.0,13,880.9,12.5,3163.37,913.0,0.0,0
2022-02-27 08:00:00,25938.131,21.5,11.8,233.0,13,882.5,13.1,3163.37,913.0,0.0,0
2022-02-27 09:00:00,26539.102,24.2,12.6,464.0,12,883.4,13.0,3163.37,912.0,0.0,0
2022-02-27 10:00:00,26497.659,26.7,13.5,683.0,0,883.7,13.0,3163.37,912.0,0.0,0
2022-02-27 11:00:00,26307.672,28.8,14.5,853.0,0,883.9,12.6,3163.37,912.0,0.0,0
2022-02-27 12:00:00,26249.609,30.5,12.7,967.0,6,883.5,11.6,3163.37,912.0,0.0,0
2022-02-27 13:00:00,26043.625,31.1,11.0,980.0,30,883.3,11.1,3163.37,912.0,0.0,0
2022-02-27 14:00:00,25715.099,27.1,20.9,895.0,61,882.4,12.4,3163.37,912.0,0.0,0
2022-02-27 15:00:00,25677.104,30.1,9.7,673.0,21,882.0,8.8,3163.37,912.0,0.0,0
2022-02-27 16:00:00,25978.815,30.8,11.8,658.0,42,881.4,7.0,3163.37,911.0,0.0,0
2022-02-27 17:00:00,26363.586,30.3,14.8,454.0,12,880.8,6.8,3163.37,911.0,0.0,0
2022-02-27 18:00:00,27029.271,29.0,14.0,255.0,45,879.8,8.5,3163.37,911.0,0.0,0
2022-02-27 19:00:00,27687.743,26.1,9.6,51.0,41,879.0,8.9,3163.37,910.0,0.0,0
2022-02-27 20:00:00,26210.036,24.4,13.0,0.0,8,879.2,10.5,3163.37,910.0,0.0,0
2022-02-27 21:00:00,24477.525,23.2,12.0,0.0,10,879.6,11.3,3163.37,910.0,0.0,0
2022-02-27 22:00:00,23205.85,21.8,9.7,0.0,6,878.9,11.8,3163.37,910.0,0.0,0
2022-02-27 23:00:00,22367.811,21.2,11.6,0.0,6,878.6,11.7,3163.37,910.0,0.0,0
2022-02-28 00:00:00,21657.268,21.2,13.5,0.0,3,878.5,11.4,3163.37,909.0,0.0,0
2022-02-28 01:00:00,21512.529,20.4,11.3,0.0,0,878.3,11.6,3163.37,910.0,0.0,0
2022-02-28 02:00:00,21491.168,19.2,11.0,0.0,0,878.2,12.3,3163.37,910.0,0.0,0
2022-02-28 03:00:00,21576.218,18.8,10.7,0.0,94,877.7,12.3,3163.37,910.0,0.0,0
2022-02-28 04:00:00,22831.265,18.4,12.8,0.0,94,879.0,12.2,3163.37,910.0,0.0,0
2022-02-28 05:00:00,25399.262,18.1,8.7,0.0,88,878.7,11.8,3163.37,910.0,0.0,0
2022-02-28 06:00:00,26850.403,17.7,6.6,0.0,100,879.1,11.8,3163.37,910.0,0.0,0
2022-02-28 07:00:00,26395.737,19.1,9.5,33.0,0,880.1,12.0,3163.37,910.0,0.0,0
2022-02-28 08:00:00,27241.705,22.5,9.7,230.0,0,881.8,12.6,3163.37,910.0,0.0,0
2022-02-28 09:00:00,27601.149,25.0,9.8,467.0,0,882.7,12.4,3163.37,910.0,0.0,0
2022-02-28 10:00:00,27767.547,27.0,7.4,681.0,0,882.9,11.8,3163.37,910.0,0.0,0
2022-02-28 11:00:00,27748.35,28.7,7.1,850.0,3,883.0,11.5,3163.37,909.0,0.0,0
2022-02-28 12:00:00,27574.794,29.5,6.2,956.0,68,882.5,11.3,3163.37,910.0,0.0,0
2022-02-28 13:00:00,27482.256,26.4,14.5,838.0,81,882.5,12.1,3163.37,910.0,0.0,0
2022-02-28 14:00:00,27837.131,28.1,8.9,539.0,56,882.6,10.4,3163.37,910.0,0.0,0
2022-02-28 15:00:00,28313.364,28.2,12.8,594.0,59,882.0,9.8,3163.37,910.0,0.0,0
2022-02-28 16:00:00,28650.669,27.2,13.0,549.0,73,881.4,10.4,3163.37,910.0,0.0,0
2022-02-28 17:00:00,28735.067,26.8,9.4,390.0,36,880.9,10.3,3163.37,910.0,0.0,0
2022-02-28 18:00:00,28921.192,26.2,7.6,248.0,27,880.9,10.6,3163.37,910.0,0.0,0
2022-02-28 19:00:00,29500.093,22.7,8.0,48.0,72,879.6,13.3,3163.37,909.0,0.0,0
2022-02-28 20:00:00,27801.949,21.6,7.7,0.0,25,879.6,13.2,3163.37,909.0,0.0,0
2022-02-28 21:00:00,25799.118,20.3,8.7,0.0,7,879.6,14.1,3163.37,909.0,0.0,0
2022-02-28 22:00:00,24406.37,21.5,6.6,0.0,21,880.3,13.4,3163.37,909.0,0.0,0
2022-02-28 23:00:00,23637.848,20.3,7.4,0.0,0,879.7,13.5,3163.37,909.0,0.0,0
2022-03-01 00:00:00,22565.248,20.1,6.5,0.0,0,879.4,13.4,3163.37,909.0,0.0,0
2022-03-01 01:00:00,22282.147,18.1,7.2,0.0,0,878.4,13.5,3163.37,910.0,0.0,0
2022-03-01 02:00:00,22090.243,17.8,8.3,0.0,0,879.2,12.5,3163.37,910.0,0.0,0
2022-03-01 03:00:00,22253.274,17.0,9.7,0.0,0,878.7,12.7,3163.37,910.0,0.0,0
2022-03-01 04:00:00,23488.75,16.2,7.4,0.0,0,878.5,13.7,3163.37,910.0,0.0,0
2022-03-01 05:00:00,25970.381,15.8,7.8,0.0,0,878.6,14.3,3163.37,910.0,0.0,0
2022-03-01 06:00:00,27186.735,15.9,10.0,0.0,0,878.6,14.5,3163.37,910.0,0.0,0
2022-03-01 07:00:00,26811.519,16.9,12.9,36.0,0,879.7,14.6,3163.37,910.0,0.0,0
2022-03-01 08:00:00,27349.375,19.6,12.0,230.0,0,880.9,14.8,3163.37,910.0,0.0,0
2022-03-01 09:00:00,27362.626,22.5,12.4,465.0,0,881.7,14.6,3163.37,910.0,0.0,0
2022-03-01 10:00:00,27360.354,25.1,13.0,680.0,0,882.0,14.0,3163.37,909.0,0.0,0
2022-03-01 11:00:00,27392.152,27.0,13.8,850.0,0,882.1,13.5,3163.37,909.0,0.0,0
2022-03-01 12:00:00,27186.597,28.5,14.2,960.0,8,881.7,12.8,3163.37,909.0,0.0,0
2022-03-01 13:00:00,27394.421,29.6,13.9,969.0,8,881.3,11.9,3163.37,909.0,0.0,0
2022-03-01 14:00:00,27733.522,29.1,9.5,942.0,11,880.7,11.3,3163.37,909.0,0.0,0
2022-03-01 15:00:00,28272.937,29.2,7.0,744.0,41,879.9,11.2,3163.37,909.0,0.0,0
2022-03-01 16:00:00,28680.549,29.6,6.4,627.0,22,879.3,10.6,3163.37,908.0,0.0,0
2022-03-01 17:00:00,28541.471,29.4,9.0,440.0,17,878.7,9.6,3163.37,908.0,0.0,0
2022-03-01 18:00:00,28797.238,28.3,7.9,219.0,24,878.2,9.9,3163.37,908.0,0.0,0
2022-03-01 19:00:00,29693.659,26.1,5.4,46.0,55,877.7,11.5,3163.37,907.0,0.0,0
2022-03-01 20:00:00,28119.544,25.9,3.4,0.0,18,878.3,11.5,3163.37,907.0,0.0,0
2022-03-01 21:00:00,25794.923,24.9,4.0,0.0,10,878.7,11.7,3163.37,907.0,0.0,0
2022-03-01 22:00:00,24208.158,21.7,6.2,0.0,15,877.5,12.2,3163.37,907.0,0.0,0
2022-03-01 23:00:00,23136.901,21.6,8.1,0.0,16,877.5,11.5,3163.37,907.0,0.0,0
2022-03-02 00:00:00,22723.863,19.9,8.5,0.0,40,876.9,11.5,3163.37,907.0,0.0,0
2022-03-02 01:00:00,22350.733,18.7,7.6,0.0,22,877.2,12.2,3163.37,907.0,0.0,0
2022-03-02 02:00:00,22180.444,19.0,6.3,0.0,29,876.8,12.5,3163.37,907.0,0.0,0
2022-03-02 03:00:00,22336.447,18.2,6.8,0.0,2,875.9,12.1,3163.37,907.0,0.0,0
2022-03-02 04:00:00,23698.71,16.9,9.6,0.0,0,875.3,12.3,3163.37,907.0,0.0,0
2022-03-02 05:00:00,26065.897,16.5,8.3,0.0,2,875.4,12.2,3163.37,907.0,0.0,0
2022-03-02 06:00:00,27076.021,16.7,6.9,0.0,1,875.8,12.1,3163.37,907.0,0.0,0
2022-03-02 07:00:00,26758.942,18.8,11.0,35.0,0,877.2,12.1,3163.37,907.0,0.0,0
2022-03-02 08:00:00,27366.697,22.1,11.6,230.0,0,878.9,12.6,3163.37,907.0,0.0,0
2022-03-02 09:00:00,27518.221,25.2,13.1,468.0,0,880.2,12.6,3163.37,907.0,0.0,0
2022-03-02 10:00:00,27591.288,27.8,15.8,685.0,0,880.7,12.3,3163.37,907.0,0.0,0
2022-03-02 11:00:00,27933.379,29.6,18.7,845.0,17,881.0,11.1,3163.37,907.0,0.0,0
2022-03-02 12:00:00,27568.851,30.6,20.4,877.0,7,880.8,8.9,3163.37,906.0,0.0,0
2022-03-02 13:00:00,27506.944,30.7,19.3,922.0,22,880.6,8.0,3163.37,906.0,0.0,0
2022-03-02 14:00:00,27694.851,30.2,13.0,840.0,8,880.3,8.4,3163.37,906.0,0.0,0
2022-03-02 15:00:00,28165.978,31.6,10.0,779.0,23,879.3,7.5,3163.37,906.0,0.0,0
2022-03-02 16:00:00,28461.967,31.7,16.8,584.0,34,878.8,6.2,3163.37,905.0,0.0,0
2022-03-02 17:00:00,28314.618,30.4,22.2,316.0,77,878.4,6.7,3163.37,905.0,0.0,0
2022-03-02 18:00:00,28624.763,28.8,20.3,201.0,10,878.3,7.7,3163.37,905.0,0.0,0
2022-03-02 19:00:00,29492.245,26.4,12.7,45.0,14,877.7,8.2,3163.37,905.0,0.0,0
2022-03-02 20:00:00,27855.251,24.5,9.6,0.0,32,877.5,9.2,3163.37,905.0,0.0,0
2022-03-02 21:00:00,25939.326,23.5,8.5,0.0,35,877.6,10.3,3163.37,905.0,0.0,0
2022-03-02 22:00:00,24247.701,21.8,9.6,0.0,32,877.2,11.1,3163.37,905.0,0.0,0
2022-03-02 23:00:00,23217.659,20.9,10.2,0.0,24,877.1,11.3,3163.37,905.0,0.0,0
2022-03-03 00:00:00,22693.459,20.7,7.4,0.0,47,877.6,11.1,3163.37,906.0,0.0,0
2022-03-03 01:00:00,22376.279,19.9,6.9,0.0,25,877.9,11.3,3163.37,906.0,0.0,0
2022-03-03 02:00:00,22225.391,19.7,8.4,0.0,10,877.7,10.2,3163.37,906.0,0.0,0
2022-03-03 03:00:00,22542.391,19.7,7.8,0.0,14,877.2,8.2,3163.37,906.0,0.0,0
2022-03-03 04:00:00,23874.426,18.8,9.2,0.0,1,876.4,6.3,3163.37,906.0,0.0,0
2022-03-03 05:00:00,26337.945,17.6,8.3,0.0,10,875.5,6.0,3163.37,906.0,0.0,0
2022-03-03 06:00:00,27446.558,16.9,7.6,0.0,39,876.2,6.7,3163.37,906.0,0.0,0
2022-03-03 07:00:00,26918.441,17.4,8.3,31.0,12,878.1,9.9,3163.37,906.0,0.0,0
2022-03-03 08:00:00,27443.036,20.4,4.0,209.0,15,879.1,11.0,3163.37,905.0,0.0,0
2022-03-03 09:00:00,27545.774,24.5,6.5,431.0,15,880.9,10.5,3163.37,905.0,0.0,0
2022-03-03 10:00:00,27488.419,26.7,11.5,643.0,97,881.3,10.8,3163.37,905.0,0.0,0
2022-03-03 11:00:00,27607.266,27.5,12.2,653.0,99,881.1,12.8,3163.37,905.0,0.0,0
2022-03-03 12:00:00,27725.767,27.6,15.8,593.0,82,880.7,13.6,3163.37,905.0,0.0,0
2022-03-03 13:00:00,27685.88,26.2,16.5,750.0,75,880.0,14.8,3163.37,905.0,0.0,0
2022-03-03 14:00:00,27920.988,28.7,20.3,671.0,100,880.0,12.9,3163.37,905.0,0.0,0
2022-03-03 15:00:00,28260.073,27.7,14.5,814.0,72,879.2,13.6,3163.37,905.0,0.0,0
2022-03-03 16:00:00,28544.264,26.4,13.0,521.0,72,878.5,14.5,3163.37,905.0,0.0,0
2022-03-03 17:00:00,28566.076,21.9,7.8,344.0,94,877.8,16.2,3163.37,905.0,0.0,0
2022-03-03 18:00:00,28900.164,19.2,12.4,105.0,95,877.3,16.3,3163.37,905.0,0.0,0
2022-03-03 19:00:00,29357.419,19.4,3.8,18.0,100,878.0,17.6,3163.37,905.0,0.0,0
2022-03-03 20:00:00,27945.109,19.4,10.7,0.0,100,878.3,17.7,3163.37,905.0,0.0,0
2022-03-03 21:00:00,26059.485,19.2,6.6,0.0,100,878.9,17.9,3163.37,905.0,0.0,0
2022-03-03 22:00:00,24436.912,19.1,5.6,0.0,100,879.0,17.9,3163.37,905.0,0.0,0
2022-03-03 23:00:00,23484.104,18.5,11.3,0.0,100,878.2,17.7,3163.37,905.0,0.0,0
2022-03-04 00:00:00,22802.118,18.5,9.1,0.0,100,878.0,17.4,3163.37,905.0,0.0,0
2022-03-04 01:00:00,22638.968,18.3,10.0,0.0,100,877.9,17.2,3163.37,906.0,0.0,0
2022-03-04 02:00:00,22452.962,17.8,7.5,0.0,100,878.1,16.7,3163.37,906.0,0.0,0
2022-03-04 03:00:00,22817.096,17.9,9.8,0.0,100,877.6,17.0,3163.37,906.0,0.0,0
2022-03-04 04:00:00,24025.427,17.9,9.4,0.0,100,877.5,17.0,3163.37,906.0,0.0,0
2022-03-04 05:00:00,26260.51,17.2,10.7,0.0,90,877.3,16.5,3163.37,906.0,0.0,0
2022-03-04 06:00:00,27585.264,17.1,6.8,0.0,100,877.5,16.3,3163.37,906.0,0.0,0
2022-03-04 07:00:00,27317.148,17.6,6.2,12.0,35,878.3,16.6,3163.37,906.0,0.0,0
2022-03-04 08:00:00,27994.32,19.1,6.1,190.0,4,879.2,17.1,3163.37,906.0,0.0,0
2022-03-04 09:00:00,28140.113,21.0,6.9,453.0,33,879.8,16.4,3163.37,906.0,0.0,0
2022-03-04 10:00:00,28201.732,22.3,5.5,573.0,40,880.2,16.0,3163.37,906.0,0.0,0
2022-03-04 11:00:00,28194.824,23.2,4.0,713.0,40,880.2,15.6,3163.37,906.0,0.0,0
2022-03-04 12:00:00,28060.576,24.1,2.5,817.0,47,880.3,15.4,3163.37,906.0,0.0,0
2022-03-04 13:00:00,27663.665,24.6,1.5,834.0,39,879.9,15.3,3163.37,906.0,0.0,0
2022-03-04 14:00:00,27838.543,25.1,2.9,788.0,25,879.8,12.8,3163.37,906.0,0.0,0
2022-03-04 15:00:00,27790.853,26.0,1.9,797.0,11,879.2,12.1,3163.37,906.0,0.0,0
2022-03-04 16:00:00,28188.893,25.9,3.4,633.0,22,878.8,11.1,3163.37,905.0,0.0,0
2022-03-04 17:00:00,27974.16,25.6,2.6,435.0,20,878.8,10.5,3163.37,905.0,0.0,0
2022-03-04 18:00:00,28204.883,25.1,0.8,213.0,15,879.1,12.9,3163.37,905.0,0.0,0
2022-03-04 19:00:00,28826.7,23.8,3.9,41.0,23,879.1,10.9,3163.37,905.0,0.0,0
2022-03-04 20:00:00,27566.993,19.8,7.9,0.0,16,878.7,13.7,3163.37,905.0,0.0,0
2022-03-04 21:00:00,25912.999,19.1,6.5,0.0,12,879.7,14.4,3163.37,906.0,0.0,0
2022-03-04 22:00:00,24523.728,18.1,6.1,0.0,0,879.8,15.4,3163.37,906.0,0.0,0
2022-03-04 23:00:00,23449.249,16.9,7.3,0.0,0,879.5,15.5,3163.37,906.0,0.0,0
2022-03-05 00:00:00,23190.698,16.5,6.2,0.0,1,879.3,15.3,3163.37,908.0,0.0,0
2022-03-05 01:00:00,22888.559,16.4,6.8,0.0,3,879.6,15.5,3163.37,909.0,0.0,0
2022-03-05 02:00:00,22602.401,16.0,4.8,0.0,2,880.1,15.5,3163.37,911.0,0.0,0
2022-03-05 03:00:00,22648.777,15.3,5.6,0.0,2,879.5,15.0,3163.37,912.0,0.0,0
2022-03-05 04:00:00,22885.858,15.4,5.4,0.0,0,879.7,15.2,3163.37,912.0,0.0,0
2022-03-05 05:00:00,23245.095,15.4,7.4,0.0,0,879.7,15.1,3163.37,911.0,0.0,0
2022-03-05 06:00:00,24047.399,15.2,6.8,0.0,0,879.9,14.9,3163.37,911.0,0.0,0
2022-03-05 07:00:00,25647.477,16.1,9.0,32.0,0,880.9,15.5,3163.37,911.0,0.0,0
2022-03-05 08:00:00,26994.905,18.7,8.6,221.0,1,882.5,16.6,3163.37,911.0,0.0,0
2022-03-05 09:00:00,27402.334,21.4,10.8,452.0,1,883.2,17.0,3163.37,911.0,0.0,0
2022-03-05 10:00:00,27240.558,23.4,13.0,667.0,5,883.7,16.6,3163.37,910.0,0.0,0
2022-03-05 11:00:00,27199.118,25.0,13.7,810.0,2,883.8,15.3,3163.37,910.0,0.0,0
2022-03-05 12:00:00,27089.786,26.3,14.0,927.0,22,883.7,14.5,3163.37,910.0,0.0,0
2022-03-05 13:00:00,26673.404,26.6,13.0,906.0,72,883.2,14.2,3163.37,909.0,0.0,0
2022-03-05 14:00:00,26487.193,27.0,11.3,652.0,53,882.8,14.7,3163.37,909.0,0.0,0
2022-03-05 15:00:00,26421.675,26.9,11.7,710.0,61,882.2,14.3,3163.37,909.0,0.0,0
2022-03-05 16:00:00,26853.731,23.6,17.9,469.0,62,881.9,16.3,3163.37,909.0,0.0,0
2022-03-05 17:00:00,26930.201,23.6,7.3,340.0,70,881.5,15.7,3163.37,909.0,0.0,0
2022-03-05 18:00:00,27562.862,23.3,10.2,193.0,82,881.6,15.8,3163.37,909.0,0.0,0
2022-03-05 19:00:00,28101.679,21.3,5.4,35.0,95,881.3,16.4,3163.37,909.0,0.0,0
2022-03-05 20:00:00,26498.522,20.1,6.1,0.0,80,881.4,16.7,3163.37,908.0,0.0,0
2022-03-05 21:00:00,24804.107,20.1,10.9,0.0,55,881.9,16.7,3163.37,908.0,0.0,0
2022-03-05 22:00:00,23669.566,19.4,11.5,0.0,98,882.2,16.7,3163.37,908.0,0.0,0
2022-03-05 23:00:00,22820.82,19.1,15.8,0.0,100,882.5,16.5,3163.37,908.0,0.0,0
2022-03-06 00:00:00,21967.028,18.9,15.3,0.0,100,882.3,16.3,3163.37,908.0,0.0,0
2022-03-06 01:00:00,21530.053,18.7,14.3,0.0,100,882.2,16.4,3163.37,908.0,0.0,0
2022-03-06 02:00:00,21416.939,18.5,14.8,0.0,100,882.5,17.4,3163.37,907.0,0.0,0
2022-03-06 03:00:00,21411.687,18.5,13.5,0.0,100,882.1,17.5,3163.37,907.0,0.0,0
2022-03-06 04:00:00,21664.471,18.5,17.2,0.0,100,881.8,17.3,3163.37,909.0,0.0,0
2022-03-06 05:00:00,21877.884,18.2,20.9,0.0,100,881.3,16.8,3163.37,911.0,0.0,0
2022-03-06 06:00:00,23064.792,17.9,23.5,0.0,100,881.7,16.3,3163.37,911.0,0.0,0
2022-03-06 07:00:00,24849.332,17.6,23.0,2.0,100,882.1,15.9,3163.37,911.0,0.0,0
2022-03-06 08:00:00,26026.961,17.5,20.8,23.0,100,882.5,15.9,3163.37,911.0,0.0,0
2022-03-06 09:00:00,26533.248,17.5,19.5,55.0,100,882.3,15.9,3163.37,911.0,0.0,0
2022-03-06 10:00:00,26558.19,17.8,18.1,108.0,100,882.8,16.1,3163.37,910.0,0.0,0
2022-03-06 11:00:00,26573.548,18.2,12.8,175.0,100,883.1,16.5,3163.37,909.0,0.0,0
2022-03-06 12:00:00,26428.909,18.7,16.3,271.0,100,883.0,16.6,3163.37,909.0,0.0,0
2022-03-06 13:00:00,25963.308,19.3,14.0,260.0,100,882.7,16.5,3163.37,908.0,0.0,0
2022-03-06 14:00:00,25679.214,18.4,14.5,330.0,100,883.0,16.0,3163.37,908.0,0.0,0
2022-03-06 15:00:00,25474.149,17.7,14.3,221.0,100,882.5,16.0,3163.37,908.0,0.0,0
2022-03-06 16:00:00,25822.05,17.7,9.2,103.0,100,882.0,16.4,3163.37,907.0,0.0,0
2022-03-06 17:00:00,26314.574,18.3,12.2,107.0,100,881.8,16.1,3163.37,907.0,0.0,0
2022-03-06 18:00:00,26928.594,18.2,8.6,49.0,100,881.5,16.3,3163.37,908.0,0.0,0
2022-03-06 19:00:00,27958.052,17.6,7.4,19.0,100,881.4,16.6,3163.37,908.0,0.0,0
2022-03-06 20:00:00,26526.041,17.4,7.5,0.0,100,881.7,16.4,3163.37,908.0,0.0,0
2022-03-06 21:00:00,24793.066,17.3,6.8,0.0,100,882.1,16.4,3163.37,908.0,0.0,0
2022-03-06 22:00:00,23361.522,17.2,5.9,0.0,100,882.2,16.4,3163.37,909.0,0.0,0
2022-03-06 23:00:00,22286.348,17.2,4.1,0.0,100,881.9,16.5,3163.37,909.0,0.0,0
2022-03-07 00:00:00,21860.521,17.2,4.4,0.0,100,881.5,16.5,3163.37,910.0,0.0,0
2022-03-07 01:00:00,21726.201,16.9,4.7,0.0,100,880.9,16.3,3163.37,911.0,0.0,0
2022-03-07 02:00:00,21689.643,17.2,1.9,0.0,100,880.6,15.6,3163.37,911.0,0.0,0
2022-03-07 03:00:00,21817.969,17.0,3.4,0.0,100,880.2,15.6,3163.37,911.0,0.0,0
2022-03-07 04:00:00,23143.604,17.0,2.3,0.0,100,880.1,15.4,3163.37,911.0,0.0,0
2022-03-07 05:00:00,25434.302,16.8,4.4,0.0,100,880.4,15.8,3163.37,912.0,0.0,0
2022-03-07 06:00:00,26937.459,16.5,3.2,0.0,100,880.3,15.8,3163.37,912.0,0.0,0
2022-03-07 07:00:00,26624.376,16.9,5.5,9.0,100,881.2,16.0,3163.37,912.0,0.0,0
2022-03-07 08:00:00,27124.03,17.4,4.9,51.0,100,881.9,15.9,3163.37,912.0,0.0,0
2022-03-07 09:00:00,27503.593,17.9,2.6,96.0,100,882.5,15.4,3163.37,909.0,0.0,0
2022-03-07 10:00:00,27683.915,19.0,4.2,271.0,100,883.1,15.8,3163.37,912.0,0.0,0
2022-03-07 11:00:00,27699.827,19.9,4.0,384.0,100,883.3,16.2,3163.37,911.0,0.0,0
2022-03-07 12:00:00,27738.408,20.0,3.1,237.0,100,882.9,16.1,3163.37,911.0,0.0,0
2022-03-07 13:00:00,27757.769,20.0,1.6,220.0,100,882.5,16.2,3163.37,911.0,0.0,0
2022-03-07 14:00:00,27990.571,20.7,9.0,185.0,100,881.6,16.0,3163.37,911.0,0.0,0
2022-03-07 15:00:00,28370.017,21.4,8.7,364.0,100,881.3,16.0,3163.37,911.0,0.0,0
2022-03-07 16:00:00,28638.114,20.9,5.8,208.0,100,880.8,16.0,3163.37,911.0,149.0,0
2022-03-07 17:00:00,27483.752,20.9,10.1,177.0,100,880.9,16.1,3163.37,911.0,297.0,2
2022-03-07 18:00:00,27775.358,19.5,5.5,79.0,100,881.0,17.4,3163.37,911.0,299.0,2
2022-03-07 19:00:00,27946.691,18.2,3.7,12.0,100,880.6,17.5,3163.37,911.0,295.0,2
2022-03-07 20:00:00,26585.751,18.7,2.0,0.0,100,881.1,17.0,3163.37,911.0,211.0,2
2022-03-07 21:00:00,26405.269,18.4,2.2,0.0,100,881.5,17.7,3163.37,911.0,0.0,2
2022-03-07 22:00:00,24889.151,18.1,3.1,0.0,100,881.7,17.5,3163.37,911.0,0.0,2
2022-03-07 23:00:00,23972.889,18.0,3.3,0.0,100,881.6,17.3,3163.37,911.0,0.0,2
2022-03-08 00:00:00,23267.262,18.4,1.8,0.0,100,881.8,17.2,3163.37,912.0,0.0,2
2022-03-08 01:00:00,23023.34,18.0,3.6,0.0,100,881.2,17.3,3163.37,912.0,0.0,2
2022-03-08 02:00:00,22842.269,17.9,8.7,0.0,100,880.9,16.9,3163.37,912.0,0.0,2
2022-03-08 03:00:00,22961.96,17.7,8.4,0.0,100,880.6,16.7,3163.37,912.0,0.0,2
2022-03-08 04:00:00,24102.235,17.1,5.6,0.0,96,880.4,16.3,3163.37,913.0,0.0,2
2022-03-08 05:00:00,26638.896,16.1,5.4,0.0,100,880.0,15.5,3163.37,913.0,0.0,2
2022-03-08 06:00:00,27731.964,15.8,5.6,0.0,100,880.2,15.4,3163.37,914.0,0.0,2
2022-03-08 07:00:00,26966.401,16.7,4.0,13.0,100,881.1,15.9,3163.37,913.0,0.0,2
2022-03-08 08:00:00,27518.469,17.9,4.1,132.0,98,882.2,16.0,3163.37,913.0,0.0,2
2022-03-08 09:00:00,27580.412,19.6,5.2,331.0,100,882.6,16.3,3163.37,912.0,0.0,2
2022-03-08 10:00:00,27467.288,20.9,7.1,382.0,100,882.6,15.8,3163.37,912.0,0.0,2
2022-03-08 11:00:00,27574.847,22.3,9.4,565.0,66,882.7,15.8,3163.37,911.0,0.0,2
2022-03-08 12:00:00,27568.696,23.8,10.4,905.0,4,882.5,16.2,3163.37,912.0,0.0,2
2022-03-08 13:00:00,27680.129,24.7,8.5,925.0,10,882.5,16.2,3163.37,913.0,0.0,2
2022-03-08 14:00:00,28059.134,24.4,9.0,879.0,78,882.3,15.8,3163.37,913.0,0.0,2
2022-03-08 15:00:00,28538.569,24.0,12.1,649.0,50,881.5,15.1,3163.37,913.0,0.0,2
2022-03-08 16:00:00,28833.524,23.4,11.6,411.0,99,880.8,14.4,3163.37,913.0,0.0,2
2022-03-08 17:00:00,28617.972,22.4,11.9,262.0,56,880.9,15.1,3163.37,913.0,0.0,2
2022-03-08 18:00:00,28861.414,21.7,9.0,175.0,100,881.0,15.4,3163.37,913.0,0.0,2
2022-03-08 19:00:00,29682.355,19.7,5.5,22.0,34,880.6,16.0,3163.37,913.0,0.0,2
2022-03-08 20:00:00,28246.274,18.6,6.7,0.0,39,880.7,16.0,3163.37,913.0,0.0,2
2022-03-08 21:00:00,26195.416,18.0,5.6,0.0,56,880.8,16.0,3163.37,913.0,0.0,2
2022-03-08 22:00:00,24522.742,17.1,7.9,0.0,41,880.4,15.9,3163.37,913.0,0.0,2
2022-03-08 23:00:00,23425.622,16.7,6.6,0.0,18,880.1,15.5,3163.37,913.0,0.0,2
2022-03-09 00:00:00,23230.782,16.5,5.9,0.0,3,880.3,15.5,3163.37,914.0,0.0,2
2022-03-09 01:00:00,22863.712,16.4,6.9,0.0,0,880.2,15.6,3163.37,914.0,0.0,2
2022-03-09 02:00:00,22655.794,16.7,8.9,0.0,0,880.3,14.8,3163.37,914.0,0.0,2
2022-03-09 03:00:00,22854.446,16.0,6.7,0.0,20,879.7,14.4,3163.37,914.0,0.0,2
2022-03-09 04:00:00,24176.935,15.6,5.7,0.0,40,879.6,14.3,3163.37,914.0,0.0,2
2022-03-09 05:00:00,26746.311,15.6,5.7,0.0,31,879.8,14.4,3163.37,914.0,0.0,2
2022-03-09 06:00:00,27840.18,15.6,6.2,0.0,46,880.1,14.5,3163.37,914.0,0.0,2
2022-03-09 07:00:00,27143.159,16.5,10.5,22.0,49,881.3,14.9,3163.37,914.0,0.0,2
2022-03-09 08:00:00,27707.471,18.1,10.2,163.0,99,882.1,15.6,3163.37,914.0,0.0,2
2022-03-09 09:00:00,27780.312,19.1,11.6,265.0,96,882.6,16.3,3163.37,914.0,0.0,4
2022-03-09 10:00:00,27967.104,20.9,14.3,523.0,75,883.2,16.9,3163.37,914.0,0.0,4
2022-03-09 11:00:00,28156.596,21.9,11.4,566.0,39,883.1,17.4,3163.37,913.0,0.0,4
2022-03-09 12:00:00,27953.131,23.6,11.9,885.0,28,882.9,17.6,3163.37,913.0,0.0,4
2022-03-09 13:00:00,27856.185,24.6,13.0,902.0,61,882.1,16.9,3163.37,913.0,0.0,4
2022-03-09 14:00:00,28147.194,25.4,12.4,744.0,61,882.1,16.4,3163.37,913.0,0.0,4
2022-03-09 15:00:00,28681.431,25.7,11.0,758.0,32,881.4,15.8,3163.37,913.0,0.0,4
2022-03-09 16:00:00,28952.859,25.3,12.5,595.0,46,880.9,14.7,3163.37,913.0,0.0,4
2022-03-09 17:00:00,28683.894,23.9,11.2,302.0,60,880.6,14.7,3163.37,913.0,0.0,4
2022-03-09 18:00:00,28796.998,22.9,4.7,157.0,38,880.8,16.3,3163.37,913.0,0.0,4
2022-03-09 19:00:00,29858.747,20.3,7.0,26.0,22,880.2,16.3,3163.37,913.0,0.0,4
2022-03-09 20:00:00,28587.941,19.8,6.2,0.0,9,880.4,16.0,3163.37,913.0,0.0,4
2022-03-09 21:00:00,26584.564,20.5,4.0,0.0,13,881.3,15.7,3163.37,913.0,0.0,4
2022-03-09 22:00:00,24854.127,17.6,5.4,0.0,2,880.3,15.8,3163.37,913.0,0.0,4
2022-03-09 23:00:00,23837.749,17.2,5.6,0.0,0,880.5,15.9,3163.37,913.0,0.0,4
2022-03-10 00:00:00,23750.576,17.0,6.9,0.0,1,880.4,15.8,3163.37,913.0,0.0,4
2022-03-10 01:00:00,23359.255,17.1,10.0,0.0,0,880.4,15.7,3163.37,914.0,0.0,4
2022-03-10 02:00:00,23122.339,16.5,6.8,0.0,0,880.2,15.5,3163.37,914.0,0.0,4
2022-03-10 03:00:00,23231.582,15.9,6.4,0.0,0,879.7,15.2,3163.37,914.0,0.0,4
2022-03-10 04:00:00,24427.091,16.0,5.8,0.0,4,879.9,15.2,3163.37,914.0,0.0,4
2022-03-10 05:00:00,26983.529,16.2,7.2,0.0,0,880.4,15.2,3163.37,914.0,0.0,4
2022-03-10 06:00:00,27960.606,15.9,6.6,0.0,0,880.6,14.9,3163.37,914.0,0.0,4
2022-03-10 07:00:00,27466.535,16.7,8.3,26.0,0,881.5,15.3,3163.37,914.0,0.0,4
2022-03-10 08:00:00,28419.256,19.2,6.4,206.0,0,883.1,16.3,3163.37,914.0,0.0,4
2022-03-10 09:00:00,28489.827,21.5,6.5,436.0,3,884.0,16.9,3163.37,914.0,0.0,4
2022-03-10 10:00:00,28680.195,23.2,5.4,649.0,0,884.5,17.0,3163.37,914.0,0.0,4
2022-03-10 11:00:00,28592.157,24.6,2.9,817.0,23,884.5,16.8,3163.37,914.0,0.0,4
2022-03-10 12:00:00,28585.976,25.4,1.8,860.0,21,884.3,16.5,3163.37,914.0,0.0,4
2022-03-10 13:00:00,28536.947,26.1,3.3,852.0,21,884.1,16.1,3163.37,914.0,0.0,4
2022-03-10 14:00:00,28917.78,27.2,2.9,875.0,14,883.7,13.9,3163.37,913.0,0.0,4
2022-03-10 15:00:00,29018.795,27.7,2.5,777.0,17,883.5,13.2,3163.37,913.0,0.0,4
2022-03-10 16:00:00,29023.446,27.7,1.8,606.0,19,883.2,12.7,3163.37,914.0,0.0,4
2022-03-10 17:00:00,28935.945,27.2,4.1,409.0,16,883.1,12.7,3163.37,914.0,0.0,4
2022-03-10 18:00:00,29299.72,25.3,4.8,194.0,17,882.5,16.4,3163.37,914.0,0.0,4
2022-03-10 19:00:00,29766.501,22.9,9.2,28.0,25,882.0,14.8,3163.37,914.0,0.0,4
2022-03-10 20:00:00,28610.105,21.9,10.8,0.0,30,882.3,13.9,3163.37,914.0,0.0,4
2022-03-10 21:00:00,26419.732,20.8,8.3,0.0,12,882.4,14.1,3163.37,914.0,0.0,4
2022-03-10 22:00:00,24653.187,19.7,7.6,0.0,10,882.2,14.5,3163.37,914.0,0.0,3
2022-03-10 23:00:00,23514.152,18.9,8.4,0.0,9,881.8,14.2,3163.37,914.0,0.0,3
2022-03-11 00:00:00,23036.948,18.7,7.8,0.0,4,881.6,14.1,3163.37,914.0,0.0,3
2022-03-11 01:00:00,22665.158,18.8,10.6,0.0,1,881.9,13.4,3163.37,914.0,0.0,3
2022-03-11 02:00:00,22550.798,18.9,11.9,0.0,1,881.9,14.1,3163.37,914.0,0.0,3
2022-03-11 03:00:00,22787.974,18.5,12.1,0.0,1,881.3,14.1,3163.37,914.0,0.0,3
2022-03-11 04:00:00,23912.12,18.1,13.7,0.0,0,881.7,13.8,3163.37,914.0,0.0,3
2022-03-11 05:00:00,26312.635,17.6,11.9,0.0,0,882.1,13.8,3163.37,914.0,0.0,3
2022-03-11 06:00:00,27693.9,17.9,15.4,0.0,0,882.6,13.8,3163.37,914.0,0.0,2
2022-03-11 07:00:00,27617.329,18.6,17.1,25.0,0,883.6,14.4,3163.37,914.0,0.0,2
2022-03-11 08:00:00,28678.05,20.7,15.9,204.0,0,884.8,15.8,3163.37,914.0,0.0,2
2022-03-11 09:00:00,29007.395,22.7,18.1,433.0,0,885.5,16.8,3163.37,914.0,0.0,2
2022-03-11 10:00:00,29122.167,24.7,18.0,644.0,0,885.8,17.8,3163.37,915.0,0.0,2
2022-03-11 11:00:00,29231.413,26.4,18.5,810.0,2,885.8,18.0,3163.37,914.0,0.0,2
2022-03-11 12:00:00,29111.938,27.4,17.1,899.0,12,885.6,17.7,3163.37,913.0,0.0,2
2022-03-11 13:00:00,28846.786,27.9,14.5,872.0,17,884.8,17.6,3163.37,914.0,0.0,2
2022-03-11 14:00:00,28761.435,28.3,15.4,807.0,21,884.4,16.6,3163.37,914.0,0.0,2
2022-03-11 15:00:00,28775.143,27.6,14.4,584.0,42,883.3,15.7,3163.37,914.0,0.0,2
2022-03-11 16:00:00,28804.487,27.5,12.1,463.0,44,882.7,15.5,3163.37,913.0,0.0,2
2022-03-11 17:00:00,28649.234,27.0,12.9,359.0,39,882.7,14.9,3163.37,913.0,0.0,2
2022-03-11 18:00:00,28599.495,25.3,10.6,174.0,42,882.5,15.8,3163.37,913.0,0.0,2
2022-03-11 19:00:00,29226.23,22.9,7.2,23.0,55,882.1,16.3,3163.37,913.0,0.0,2
2022-03-11 20:00:00,28079.025,21.4,6.9,0.0,100,882.2,16.6,3163.37,913.0,0.0,2
2022-03-11 21:00:00,26345.177,20.7,7.1,0.0,100,882.5,16.8,3163.37,913.0,0.0,2
2022-03-11 22:00:00,24716.839,20.3,7.2,0.0,100,882.3,16.9,3163.37,913.0,0.0,2
2022-03-11 23:00:00,23687.142,19.7,6.5,0.0,81,881.9,16.9,3163.37,913.0,0.0,2
2022-03-12 00:00:00,22992.044,18.9,6.2,0.0,45,881.3,16.9,3163.37,913.0,0.0,2
2022-03-12 01:00:00,22488.661,18.7,7.0,0.0,4,881.5,16.9,3163.37,913.0,0.0,2
2022-03-12 02:00:00,22229.898,18.2,5.9,0.0,2,881.1,16.7,3163.37,913.0,0.0,2
2022-03-12 03:00:00,22256.123,18.2,5.2,0.0,72,880.6,16.8,3163.37,913.0,0.0,2
2022-03-12 04:00:00,22550.928,18.1,5.9,0.0,100,880.4,16.7,3163.37,913.0,0.0,2
2022-03-12 05:00:00,23124.387,17.6,5.1,0.0,90,880.4,16.7,3163.37,913.0,0.0,2
2022-03-12 06:00:00,24124.743,17.2,16.1,0.0,100,882.2,16.6,3163.37,914.0,0.0,2
2022-03-12 07:00:00,25732.948,17.6,10.0,6.0,81,882.1,16.7,3163.37,913.0,0.0,2
2022-03-12 08:00:00,27279.76,18.9,10.7,103.0,82,882.8,17.0,3163.37,913.0,0.0,2
2022-03-12 09:00:00,27647.884,21.1,12.2,324.0,51,883.1,17.7,3163.37,913.0,0.0,2
2022-03-12 10:00:00,27600.801,23.4,10.9,584.0,94,883.3,17.8,3163.37,913.0,0.0,2
2022-03-12 11:00:00,27421.321,24.9,10.4,783.0,99,883.2,17.5,3163.37,913.0,0.0,2
2022-03-12 12:00:00,27187.303,25.7,11.2,827.0,90,882.6,17.0,3163.37,913.0,0.0,2
2022-03-12 13:00:00,26849.847,26.1,10.0,788.0,100,882.0,17.0,3163.37,912.0,0.0,2
2022-03-12 14:00:00,26545.154,24.9,9.8,751.0,99,882.1,16.9,3163.37,911.0,0.0,2
2022-03-12 15:00:00,26156.014,25.3,8.8,515.0,100,881.2,16.5,3163.37,911.0,0.0,2
2022-03-12 16:00:00,26356.691,25.3,8.6,416.0,58,880.3,16.6,3163.37,911.0,0.0,2
2022-03-12 17:00:00,26452.44,25.1,9.8,367.0,84,880.3,16.0,3163.37,910.0,0.0,2
2022-03-12 18:00:00,27218.054,23.4,5.6,135.0,95,880.3,17.6,3163.37,910.0,0.0,2
2022-03-12 19:00:00,28105.785,22.8,2.3,15.0,92,880.1,17.5,3163.37,910.0,0.0,2
2022-03-12 20:00:00,26622.301,21.3,5.0,0.0,61,879.7,17.8,3163.37,910.0,0.0,2
2022-03-12 21:00:00,24895.088,20.1,5.6,0.0,20,879.6,17.9,3163.37,910.0,0.0,2
2022-03-12 22:00:00,23614.808,19.2,4.8,0.0,4,879.2,17.5,3163.37,910.0,0.0,2
2022-03-12 23:00:00,22479.308,18.6,5.6,0.0,3,878.6,17.2,3163.37,910.0,0.0,2
2022-03-13 00:00:00,21781.529,18.3,6.2,0.0,2,878.1,16.8,3163.37,911.0,0.0,2
2022-03-13 01:00:00,21528.908,18.4,7.4,0.0,2,878.0,16.7,3163.37,910.0,0.0,2
2022-03-13 02:00:00,21483.577,18.5,10.5,0.0,1,877.5,16.2,3163.37,911.0,0.0,2
2022-03-13 03:00:00,21438.582,18.1,10.4,0.0,11,877.1,16.0,3163.37,911.0,0.0,2
2022-03-13 04:00:00,21671.478,17.9,11.3,0.0,0,876.7,15.8,3163.37,912.0,0.0,2
2022-03-13 05:00:00,21983.734,17.7,11.9,0.0,2,876.5,15.6,3163.37,911.0,0.0,2
2022-03-13 06:00:00,23060.298,17.4,10.5,0.0,3,876.5,15.4,3163.37,912.0,0.0,2
2022-03-13 07:00:00,24882.904,17.8,11.7,23.0,3,877.2,15.5,3163.37,912.0,0.0,2
2022-03-13 08:00:00,26034.283,20.2,11.7,197.0,0,878.2,16.4,3163.37,912.0,0.0,2
2022-03-13 09:00:00,26591.095,22.5,12.0,429.0,0,879.2,16.7,3163.37,912.0,0.0,2
2022-03-13 10:00:00,26753.457,24.7,14.1,640.0,0,879.5,16.5,3163.37,912.0,0.0,2
2022-03-13 11:00:00,26871.669,26.5,17.2,805.0,17,879.3,15.2,3163.37,912.0,0.0,2
2022-03-13 12:00:00,26734.061,27.5,21.1,851.0,12,878.8,13.1,3163.37,912.0,0.0,2
2022-03-13 13:00:00,26531.232,27.1,19.1,842.0,19,878.3,14.3,3163.37,912.0,0.0,2
2022-03-13 14:00:00,26197.545,28.3,20.1,830.0,26,877.0,13.8,3163.37,912.0,0.0,2
2022-03-13 15:00:00,25968.835,26.6,24.4,691.0,58,876.4,13.3,3163.37,912.0,0.0,2
2022-03-13 16:00:00,26284.851,26.8,19.2,496.0,11,875.6,13.8,3163.37,912.0,0.0,2
2022-03-13 17:00:00,26715.763,26.7,19.0,397.0,28,875.4,13.3,3163.37,912.0,0.0,2
2022-03-13 18:00:00,27340.156,24.8,11.4,151.0,26,875.0,14.5,3163.37,912.0,0.0,2
2022-03-13 19:00:00,28191.728,22.5,9.4,22.0,26,874.7,14.4,3163.37,911.0,0.0,2
2022-03-13 20:00:00,26637.429,20.3,26.1,0.0,77,876.1,14.7,3163.37,912.0,0.0,2
2022-03-13 21:00:00,24682.003,18.9,8.6,0.0,40,875.8,14.9,3163.37,912.0,0.0,0
2022-03-13 22:00:00,22989.587,18.0,5.7,0.0,95,875.7,15.1,3163.37,912.0,0.0,0
2022-03-13 23:00:00,21865.56,17.8,7.2,0.0,92,875.8,15.3,3163.37,912.0,0.0,0
2022-03-14 00:00:00,21493.621,17.8,12.3,0.0,100,876.2,15.8,3163.37,912.0,0.0,0
2022-03-14 01:00:00,21124.465,17.5,14.1,0.0,100,876.7,15.7,3163.37,912.0,0.0,0
2022-03-14 02:00:00,20958.467,16.8,5.6,0.0,100,876.9,15.3,3163.37,912.0,0.0,0
2022-03-14 03:00:00,21134.11,16.7,3.1,0.0,100,876.4,15.5,3163.37,913.0,0.0,0
2022-03-14 04:00:00,22434.528,16.6,6.1,0.0,100,876.4,15.4,3163.37,912.0,0.0,0
2022-03-14 05:00:00,25040.05,16.1,5.9,0.0,100,876.4,15.3,3163.37,912.0,0.0,0
2022-03-14 06:00:00,26819.247,16.1,5.1,0.0,100,876.3,15.3,3163.37,912.0,0.0,0
2022-03-14 07:00:00,26591.432,16.2,7.0,3.0,100,876.7,15.6,3163.37,912.0,0.0,0
2022-03-14 08:00:00,27484.393,16.4,11.4,27.0,100,876.8,15.6,3163.37,912.0,0.0,0
2022-03-14 09:00:00,27774.792,16.8,8.4,65.0,100,877.5,15.8,3163.37,912.0,0.0,0
2022-03-14 10:00:00,27908.271,17.4,7.9,136.0,100,878.5,15.4,3163.37,912.0,0.0,0
2022-03-14 11:00:00,27755.472,18.5,4.0,330.0,100,878.9,15.1,3163.37,912.0,0.0,0
2022-03-14 12:00:00,27638.303,18.6,3.7,263.0,100,878.8,14.7,3163.37,912.0,0.0,0
2022-03-14 13:00:00,27635.163,19.1,6.7,290.0,100,878.8,14.1,3163.37,911.0,0.0,0
2022-03-14 14:00:00,27813.015,17.4,5.6,290.0,100,879.0,13.1,3163.37,911.0,0.0,0
2022-03-14 15:00:00,28616.018,17.5,4.0,151.0,100,878.8,13.1,3163.37,911.0,0.0,0
2022-03-14 16:00:00,29153.217,17.6,5.9,138.0,100,878.7,13.0,3163.37,911.0,0.0,0
2022-03-14 17:00:00,29672.046,17.7,7.4,100.0,10,878.8,13.0,3163.37,911.0,0.0,0
2022-03-14 18:00:00,29810.885,17.6,4.4,174.0,5,878.7,12.9,3163.37,911.0,0.0,0
2022-03-14 19:00:00,29442.138,15.0,6.7,23.0,1,877.8,12.9,3163.37,911.0,0.0,0
2022-03-14 20:00:00,27238.184,13.7,6.9,0.0,1,877.8,12.5,3163.37,911.0,0.0,0
2022-03-14 21:00:00,25294.276,13.2,7.1,0.0,1,878.4,12.3,3163.37,911.0,0.0,0
2022-03-14 22:00:00,23341.941,12.8,8.2,0.0,1,878.4,12.0,3163.37,911.0,0.0,0
2022-03-14 23:00:00,22281.446,12.5,6.9,0.0,1,878.3,11.9,3163.37,911.0,0.0,0
2022-03-15 00:00:00,21829.53,12.3,6.5,0.0,1,878.1,11.8,3163.37,911.0,0.0,0
2022-03-15 01:00:00,21821.541,11.8,7.6,0.0,1,877.7,11.4,3163.37,912.0,0.0,0
2022-03-15 02:00:00,21647.098,13.0,6.7,0.0,3,878.1,12.2,3163.37,912.0,0.0,0
2022-03-15 03:00:00,21794.063,12.8,8.2,0.0,7,878.1,12.3,3163.37,912.0,0.0,0
2022-03-15 04:00:00,23159.859,12.5,7.7,0.0,0,878.3,12.2,3163.37,913.0,0.0,0
2022-03-15 05:00:00,25553.898,12.2,9.1,0.0,1,878.4,11.9,3163.37,913.0,0.0,0
2022-03-15 06:00:00,27357.228,11.8,8.4,0.0,6,878.6,11.5,3163.37,913.0,0.0,0
2022-03-15 07:00:00,27072.099,12.2,9.6,22.0,9,879.6,11.8,3163.37,914.0,0.0,0
2022-03-15 08:00:00,27631.83,14.2,9.0,195.0,5,880.7,12.4,3163.37,914.0,0.0,0
2022-03-15 09:00:00,27780.92,16.3,7.4,429.0,8,881.4,13.1,3163.37,914.0,0.0,0
2022-03-15 10:00:00,27298.7,18.3,4.1,649.0,31,881.7,12.9,3163.37,913.0,0.0,0
2022-03-15 11:00:00,27524.409,19.8,4.0,734.0,49,881.9,12.4,3163.37,913.0,0.0,0
2022-03-15 12:00:00,27396.147,20.7,3.4,696.0,66,881.7,11.6,3163.37,913.0,0.0,0
2022-03-15 13:00:00,27255.165,21.9,3.9,848.0,55,881.4,11.4,3163.37,913.0,0.0,0
2022-03-15 14:00:00,27454.758,21.6,3.9,796.0,50,881.5,10.0,3163.37,914.0,0.0,0
2022-03-15 15:00:00,27905.294,22.1,4.7,668.0,100,881.0,9.8,3163.37,914.0,0.0,0
2022-03-15 16:00:00,28472.382,22.1,7.0,504.0,100,880.3,9.6,3163.37,913.0,0.0,0
2022-03-15 17:00:00,28766.11,21.5,8.5,315.0,13,879.8,9.5,3163.37,913.0,0.0,0
2022-03-15 18:00:00,29385.322,19.9,4.1,165.0,1,879.4,12.5,3163.37,913.0,0.0,0
2022-03-15 19:00:00,29392.169,16.4,9.0,22.0,1,878.1,10.7,3163.37,914.0,0.0,0
2022-03-15 20:00:00,27343.348,15.1,8.6,0.0,0,877.9,9.7,3163.37,914.0,0.0,0
2022-03-15 21:00:00,25148.497,15.6,10.6,0.0,0,879.2,9.2,3163.37,914.0,0.0,0
2022-03-15 22:00:00,23319.582,15.1,8.9,0.0,0,879.0,8.3,3163.37,914.0,0.0,0
2022-03-15 23:00:00,22371.056,14.3,9.9,0.0,0,878.8,8.0,3163.37,913.0,0.0,0
2022-03-16 00:00:00,21670.078,13.8,9.8,0.0,0,878.6,7.5,3163.37,914.0,0.0,0
2022-03-16 01:00:00,21235.798,13.4,10.7,0.0,0,878.4,7.4,3163.37,914.0,0.0,0
2022-03-16 02:00:00,21069.83,13.2,9.7,0.0,0,878.0,7.5,3163.37,914.0,0.0,0
2022-03-16 03:00:00,21403.61,12.9,11.6,0.0,0,877.9,7.2,3163.37,914.0,0.0,0
2022-03-16 04:00:00,22718.734,12.3,11.4,0.0,0,877.6,6.9,3163.37,914.0,0.0,0
2022-03-16 05:00:00,25403.619,11.8,11.8,0.0,0,877.3,6.9,3163.37,914.0,0.0,0
2022-03-16 06:00:00,27269.078,11.5,11.1,0.0,0,878.0,7.1,3163.37,914.0,0.0,0
2022-03-16 07:00:00,26892.57,12.0,10.8,22.0,0,878.9,7.8,3163.37,914.0,0.0,0
2022-03-16 08:00:00,27476.547,14.5,9.0,202.0,0,880.3,9.5,3163.37,914.0,0.0,0
2022-03-16 09:00:00,27549.442,17.3,7.2,438.0,0,881.5,11.3,3163.37,914.0,0.0,0
2022-03-16 10:00:00,27339.344,19.8,4.7,652.0,0,882.0,12.8,3163.37,914.0,0.0,0
2022-03-16 11:00:00,27140.717,21.6,3.4,819.0,0,882.3,11.9,3163.37,914.0,0.0,0
2022-03-16 12:00:00,27110.314,22.7,1.4,923.0,25,882.2,10.8,3163.37,913.0,0.0,0
2022-03-16 13:00:00,27061.799,23.5,2.5,888.0,57,881.8,9.8,3163.37,914.0,0.0,0
2022-03-16 14:00:00,27421.613,23.8,8.5,733.0,100,881.6,8.5,3163.37,914.0,0.0,0
2022-03-16 15:00:00,28022.025,23.6,10.1,662.0,36,880.8,7.6,3163.37,914.0,0.0,0
2022-03-16 16:00:00,28758.508,23.0,13.0,473.0,0,880.4,7.3,3163.37,913.0,0.0,0
2022-03-16 17:00:00,28898.233,22.7,10.8,404.0,6,880.2,7.0,3163.37,913.0,0.0,0
2022-03-16 18:00:00,29343.263,20.6,5.4,191.0,13,879.5,12.1,3163.37,913.0,0.0,0
2022-03-16 19:00:00,29177.115,17.4,9.4,20.0,5,878.4,9.1,3163.37,913.0,0.0,0
2022-03-16 20:00:00,27304.641,18.2,11.7,0.0,3,879.5,8.4,3163.37,913.0,0.0,0
2022-03-16 21:00:00,25239.036,17.5,10.5,0.0,1,879.7,6.3,3163.37,913.0,0.0,0
2022-03-16 22:00:00,23168.547,16.2,10.5,0.0,1,879.7,7.1,3163.37,914.0,0.0,0
2022-03-16 23:00:00,22152.205,15.1,9.8,0.0,0,879.5,7.7,3163.37,913.0,0.0,0
2022-03-17 00:00:00,21638.63,14.2,8.9,0.0,0,879.2,8.2,3163.37,914.0,0.0,0
2022-03-17 01:00:00,21393.719,13.8,9.8,0.0,0,879.1,8.8,3163.37,913.0,0.0,0
2022-03-17 02:00:00,21409.069,13.5,10.5,0.0,0,878.8,9.9,3163.37,914.0,0.0,0
2022-03-17 03:00:00,21653.985,13.5,11.3,0.0,0,878.5,10.8,3163.37,914.0,0.0,0
2022-03-17 04:00:00,22843.222,13.5,12.7,0.0,0,878.6,10.6,3163.37,914.0,0.0,0
2022-03-17 05:00:00,25257.298,13.6,14.6,0.0,23,879.7,10.3,3163.37,914.0,0.0,0
2022-03-17 06:00:00,26965.037,13.7,10.8,0.0,53,880.3,11.0,3163.37,914.0,0.0,0
2022-03-17 07:00:00,26902.046,14.7,11.3,19.0,100,881.8,12.1,3163.37,914.0,0.0,0
2022-03-17 08:00:00,27594.754,17.0,11.5,145.0,87,883.3,13.7,3163.37,914.0,0.0,0
2022-03-17 09:00:00,27676.41,19.2,13.0,365.0,4,884.2,15.1,3163.37,914.0,0.0,0
2022-03-17 10:00:00,27833.287,21.2,14.0,612.0,36,884.9,15.7,3163.37,914.0,0.0,0
2022-03-17 11:00:00,27780.823,21.8,12.8,669.0,36,885.1,15.7,3163.37,913.0,0.0,0
2022-03-17 12:00:00,27883.864,22.7,12.8,766.0,19,885.0,15.1,3163.37,914.0,0.0,0
2022-03-17 13:00:00,27727.062,23.7,12.7,805.0,18,884.6,14.2,3163.37,914.0,0.0,0
2022-03-17 14:00:00,27839.768,24.2,11.1,832.0,2,884.6,12.7,3163.37,913.0,0.0,0
2022-03-17 15:00:00,28269.846,24.6,12.2,722.0,10,884.0,12.1,3163.37,914.0,0.0,0
2022-03-17 16:00:00,28966.155,24.4,12.3,589.0,8,883.8,11.9,3163.37,914.0,0.0,0
2022-03-17 17:00:00,28884.02,23.9,11.5,401.0,10,883.7,11.9,3163.37,914.0,0.0,0
2022-03-17 18:00:00,29671.873,22.1,6.7,178.0,11,883.3,13.9,3163.37,914.0,0.0,0
2022-03-17 19:00:00,29809.012,18.9,8.0,17.0,9,882.4,13.8,3163.37,913.0,0.0,0
2022-03-17 20:00:00,27794.93,18.1,6.8,0.0,6,882.9,13.7,3163.37,914.0,0.0,0
2022-03-17 21:00:00,25761.612,17.1,7.8,0.0,5,883.2,13.8,3163.37,914.0,0.0,0
2022-03-17 22:00:00,23827.551,16.5,6.6,0.0,3,883.5,13.7,3163.37,914.0,0.0,0
2022-03-17 23:00:00,22701.032,16.0,6.9,0.0,0,883.9,14.0,3163.37,914.0,0.0,0
2022-03-18 00:00:00,21890.162,15.3,6.2,0.0,0,883.7,14.1,3163.37,914.0,0.0,0
2022-03-18 01:00:00,21714.136,15.1,6.4,0.0,0,883.8,14.1,3163.37,914.0,0.0,0
2022-03-18 02:00:00,21444.505,15.1,8.8,0.0,0,883.9,14.2,3163.37,915.0,0.0,0
2022-03-18 03:00:00,21592.077,15.0,8.8,0.0,0,883.4,14.1,3163.37,915.0,0.0,0
2022-03-18 04:00:00,22809.029,14.7,8.7,0.0,0,883.5,14.0,3163.37,914.0,0.0,0
2022-03-18 05:00:00,24489.395,14.4,6.5,0.0,0,884.0,13.7,3163.37,915.0,0.0,0
2022-03-18 06:00:00,26224.154,13.6,5.5,0.0,0,884.3,13.2,3163.37,914.0,0.0,0
2022-03-18 07:00:00,27150.892,14.5,6.7,19.0,0,885.2,13.9,3163.37,915.0,0.0,0
2022-03-18 08:00:00,28121.524,17.1,7.4,188.0,0,886.8,14.8,3163.37,914.0,0.0,0
2022-03-18 09:00:00,28075.413,19.0,7.8,414.0,0,887.6,15.3,3163.37,914.0,0.0,0
2022-03-18 10:00:00,27885.338,20.7,9.6,623.0,24,887.8,14.9,3163.37,914.0,0.0,0
2022-03-18 11:00:00,27722.564,21.9,9.8,716.0,30,887.8,14.4,3163.37,914.0,0.0,0
2022-03-18 12:00:00,27538.633,23.0,10.0,820.0,29,887.6,14.0,3163.37,914.0,0.0,0
2022-03-18 13:00:00,27264.268,23.8,10.1,801.0,35,887.1,13.5,3163.37,914.0,0.0,0
2022-03-18 14:00:00,27205.632,24.2,6.8,752.0,88,886.9,12.4,3163.37,914.0,0.0,0
2022-03-18 15:00:00,27366.991,24.5,5.5,582.0,100,886.2,11.9,3163.37,914.0,0.0,0
2022-03-18 16:00:00,27527.484,24.4,5.7,358.0,100,885.9,11.6,3163.37,914.0,0.0,0
2022-03-18 17:00:00,27235.623,22.4,8.4,81.0,100,885.3,14.0,3163.37,914.0,0.0,0
2022-03-18 18:00:00,27923.255,21.2,8.8,55.0,100,885.3,14.2,3163.37,914.0,0.0,0
2022-03-18 19:00:00,28259.705,19.6,5.1,4.0,100,885.2,14.9,3163.37,914.0,0.0,0
2022-03-18 20:00:00,26625.281,18.7,6.4,0.0,100,885.6,15.9,3163.37,914.0,0.0,0
2022-03-18 21:00:00,25029.268,18.1,5.2,0.0,100,886.0,16.5,3163.37,913.0,0.0,0
2022-03-18 22:00:00,23817.328,17.9,6.1,0.0,100,885.9,16.3,3163.37,914.0,0.0,0
2022-03-18 23:00:00,22715.063,17.6,4.7,0.0,100,885.7,16.2,3163.37,914.0,0.0,0
2022-03-19 00:00:00,21920.151,17.5,3.8,0.0,100,885.5,16.2,3163.37,914.0,0.0,0
2022-03-19 01:00:00,21433.036,17.3,7.0,0.0,100,885.4,16.0,3163.37,914.0,0.0,0
2022-03-19 02:00:00,21369.745,17.1,7.6,0.0,100,886.0,16.0,3163.37,914.0,0.0,0
2022-03-19 03:00:00,21219.68,16.9,6.6,0.0,100,885.6,16.0,3163.37,915.0,0.0,0
2022-03-19 04:00:00,21611.655,16.9,8.1,0.0,100,885.6,15.9,3163.37,915.0,0.0,0
2022-03-19 05:00:00,22270.39,16.7,9.6,0.0,100,885.5,15.7,3163.37,915.0,0.0,0
2022-03-19 06:00:00,23310.086,16.6,4.8,0.0,100,886.1,16.0,3163.37,915.0,0.0,0
2022-03-19 07:00:00,24821.47,16.7,9.8,3.0,100,886.6,16.0,3163.37,915.0,0.0,0
2022-03-19 08:00:00,26098.93,16.8,7.3,24.0,100,887.0,16.0,3163.37,914.0,0.0,0
2022-03-19 09:00:00,26666.151,17.1,7.6,65.0,100,887.3,16.1,3163.37,914.0,0.0,0
2022-03-19 10:00:00,26463.147,17.3,7.1,103.0,100,887.4,15.8,3163.37,914.0,0.0,0
2022-03-19 11:00:00,26097.885,17.4,8.0,123.0,100,887.6,15.7,3163.37,914.0,0.0,0
2022-03-19 12:00:00,25769.907,18.1,9.5,247.0,100,887.4,15.3,3163.37,914.0,0.0,0
2022-03-19 13:00:00,25567.173,18.8,10.3,317.0,100,887.2,15.1,3163.37,916.0,0.0,0
2022-03-19 14:00:00,25070.73,19.0,8.9,254.0,100,886.9,14.5,3163.37,916.0,0.0,0
2022-03-19 15:00:00,25212.008,19.7,9.2,358.0,100,886.5,14.3,3163.37,914.0,0.0,0
2022-03-19 16:00:00,25713.7,19.5,9.2,231.0,100,885.8,14.1,3163.37,914.0,0.0,0
2022-03-19 17:00:00,25672.016,19.7,5.6,192.0,100,885.8,14.1,3163.37,914.0,0.0,0
2022-03-19 18:00:00,26773.211,19.1,3.1,95.0,100,885.6,14.8,3163.37,914.0,0.0,0
2022-03-19 19:00:00,27031.2,17.5,5.0,7.0,100,885.0,15.1,3163.37,914.0,0.0,0
2022-03-19 20:00:00,25602.001,16.6,5.2,0.0,99,884.9,14.8,3163.37,913.0,0.0,0
2022-03-19 21:00:00,24289.992,16.2,6.2,0.0,100,884.9,14.6,3163.37,914.0,0.0,0
2022-03-19 22:00:00,22995.807,16.0,5.8,0.0,100,884.9,14.6,3163.37,914.0,0.0,0
2022-03-19 23:00:00,21958.222,15.8,5.4,0.0,100,884.5,14.7,3163.37,914.0,0.0,0
2022-03-20 00:00:00,21235.275,16.1,4.6,0.0,99,884.7,14.7,3163.37,913.0,0.0,0
2022-03-20 01:00:00,20735.395,16.3,4.3,0.0,75,884.9,14.7,3163.37,914.0,0.0,0
2022-03-20 02:00:00,20646.933,15.6,4.3,0.0,88,884.4,15.0,3163.37,915.0,0.0,0
2022-03-20 03:00:00,20681.178,15.8,3.3,0.0,100,884.2,15.2,3163.37,914.0,0.0,0
2022-03-20 04:00:00,20978.133,14.9,4.1,0.0,56,883.6,14.8,3163.37,915.0,0.0,0
2022-03-20 05:00:00,21257.646,14.4,4.7,0.0,100,883.3,14.4,3163.37,915.0,0.0,0
2022-03-20 06:00:00,22091.191,13.5,4.8,0.0,100,883.0,13.5,3163.37,915.0,0.0,0
2022-03-20 07:00:00,23890.475,14.1,7.9,14.0,100,883.6,14.1,3163.37,915.0,0.0,0
2022-03-20 08:00:00,25391.116,16.0,5.1,149.0,18,884.8,15.4,3163.37,914.0,0.0,0
2022-03-20 09:00:00,26045.51,19.1,4.6,392.0,26,886.2,15.4,3163.37,914.0,0.0,0
2022-03-20 10:00:00,26080.732,20.7,4.0,547.0,9,886.5,14.5,3163.37,914.0,0.0,0
2022-03-20 11:00:00,25973.771,22.1,6.6,750.0,19,886.4,13.7,3163.37,914.0,0.0,0
2022-03-20 12:00:00,25468.834,23.0,5.8,817.0,17,886.2,14.2,3163.37,914.0,0.0,0
2022-03-20 13:00:00,25119.285,23.8,4.7,863.0,15,885.6,14.4,3163.37,914.0,0.0,0
2022-03-20 14:00:00,24736.66,23.5,1.8,816.0,32,885.3,14.0,3163.37,914.0,0.0,0
2022-03-20 15:00:00,24795.852,23.7,2.8,672.0,40,884.8,14.5,3163.37,914.0,0.0,0
2022-03-20 16:00:00,25383.292,23.5,1.9,516.0,35,883.9,14.6,3163.37,914.0,0.0,0
2022-03-20 17:00:00,25604.922,22.1,4.6,338.0,67,883.5,15.1,3163.37,914.0,0.0,0
2022-03-20 18:00:00,26481.534,18.0,10.2,132.0,100,883.4,15.6,3163.37,914.0,0.0,0
2022-03-20 19:00:00,26535.217,17.7,7.2,5.0,85,884.0,15.5,3163.37,914.0,0.0,0
2022-03-20 20:00:00,24843.31,16.9,2.9,0.0,36,883.4,15.8,3163.37,914.0,0.0,0
2022-03-20 21:00:00,23506.11,16.2,6.5,0.0,42,883.9,15.6,3163.37,913.0,0.0,0
2022-03-20 22:00:00,22323.856,15.1,5.1,0.0,33,883.3,14.8,3163.37,914.0,0.0,0
2022-03-20 23:00:00,21271.508,15.0,5.0,0.0,70,883.0,14.6,3163.37,914.0,0.0,0
2022-03-21 00:00:00,20675.441,15.0,5.1,0.0,77,883.0,14.5,3163.37,914.0,0.0,0
2022-03-21 01:00:00,20374.186,15.0,5.4,0.0,49,883.2,14.6,3163.37,914.0,0.0,0
2022-03-21 02:00:00,20202.181,15.7,5.8,0.0,64,883.4,15.3,3163.37,914.0,0.0,0
2022-03-21 03:00:00,20425.886,15.5,4.9,0.0,24,882.9,15.1,3163.37,914.0,0.0,0
2022-03-21 04:00:00,20847.544,15.4,5.7,0.0,54,882.9,15.0,3163.37,914.0,0.0,0
2022-03-21 05:00:00,21303.827,15.4,4.9,0.0,30,882.9,15.0,3163.37,915.0,0.0,0
2022-03-21 06:00:00,22220.472,15.3,6.5,0.0,29,883.2,14.9,3163.37,914.0,0.0,0
2022-03-21 07:00:00,23554.821,15.4,8.2,14.0,10,883.6,14.8,3163.37,914.0,0.0,0
2022-03-21 08:00:00,25394.549,17.0,10.0,171.0,0,884.4,15.4,3163.37,914.0,0.0,0
2022-03-21 09:00:00,26596.315,18.7,9.5,400.0,7,885.1,15.6,3163.37,914.0,0.0,0
2022-03-21 10:00:00,27048.247,20.5,10.1,599.0,18,885.8,15.5,3163.37,914.0,0.0,0
2022-03-21 11:00:00,27070.494,21.6,9.5,694.0,36,885.7,15.7,3163.37,913.0,0.0,0
2022-03-21 12:00:00,27055.52,22.4,7.9,758.0,100,885.3,15.6,3163.37,913.0,0.0,0
2022-03-21 13:00:00,26703.823,22.7,4.8,493.0,100,884.5,15.0,3163.37,914.0,0.0,0
2022-03-21 14:00:00,26654.099,23.9,6.1,338.0,77,884.6,15.1,3163.37,913.0,0.0,0
2022-03-21 15:00:00,26736.321,24.1,6.5,709.0,38,883.6,15.1,3163.37,913.0,0.0,0
2022-03-21 16:00:00,27140.177,23.4,2.3,508.0,94,883.3,14.5,3163.37,913.0,0.0,0
2022-03-21 17:00:00,27226.235,20.7,15.9,228.0,72,883.5,15.1,3163.37,913.0,0.0,0
2022-03-21 18:00:00,28217.827,19.0,3.3,107.0,35,883.2,15.3,3163.37,914.0,0.0,0
2022-03-21 19:00:00,28399.191,17.0,5.2,11.0,17,882.4,15.7,3163.37,913.0,0.0,0
2022-03-21 20:00:00,26394.632,16.4,5.4,0.0,10,882.6,15.4,3163.37,914.0,0.0,0
2022-03-21 21:00:00,24550.124,15.5,7.9,0.0,23,882.5,14.6,3163.37,913.0,0.0,0
2022-03-21 22:00:00,22803.76,15.1,8.0,0.0,20,882.7,14.1,3163.37,914.0,0.0,0
2022-03-21 23:00:00,21768.411,15.0,6.4,0.0,20,882.4,14.2,3163.37,914.0,0.0,0
2022-03-22 00:00:00,21146.082,14.5,6.9,0.0,2,882.3,13.8,3163.37,914.0,0.0,0
2022-03-22 01:00:00,21037.798,14.8,6.3,0.0,9,882.3,14.0,3163.37,914.0,0.0,0
2022-03-22 02:00:00,20878.092,15.1,7.9,0.0,31,882.7,14.0,3163.37,914.0,0.0,0
2022-03-22 03:00:00,21048.939,14.9,7.4,0.0,40,882.4,13.9,3163.37,914.0,0.0,0
2022-03-22 04:00:00,22207.765,14.5,7.0,0.0,39,882.1,13.6,3163.37,915.0,0.0,0
2022-03-22 05:00:00,24320.388,14.3,7.5,0.0,19,882.0,13.5,3163.37,915.0,0.0,0
2022-03-22 06:00:00,26185.218,13.7,5.9,0.0,21,882.1,13.2,3163.37,915.0,0.0,0
2022-03-22 07:00:00,26460.532,14.3,7.0,16.0,31,882.8,13.7,3163.37,915.0,0.0,0
2022-03-22 08:00:00,27357.667,16.9,7.4,178.0,0,884.4,14.9,3163.37,915.0,0.0,0
2022-03-22 09:00:00,27571.717,19.3,8.4,403.0,15,885.6,15.8,3163.37,914.0,0.0,0
2022-03-22 10:00:00,27416.905,21.0,7.8,608.0,8,885.7,15.9,3163.37,915.0,0.0,0
2022-03-22 11:00:00,27410.554,22.2,5.7,748.0,29,885.8,15.4,3163.37,914.0,0.0,0
2022-03-22 12:00:00,27486.585,23.1,3.0,772.0,51,885.6,15.3,3163.37,914.0,0.0,0
2022-03-22 13:00:00,27380.618,23.7,2.7,779.0,39,884.8,15.1,3163.37,914.0,0.0,0
2022-03-22 14:00:00,27473.283,24.1,6.9,759.0,92,884.6,14.7,3163.37,914.0,0.0,0
2022-03-22 15:00:00,28073.885,19.7,3.1,359.0,99,883.4,14.8,3163.37,915.0,0.0,0
2022-03-22 16:00:00,28765.223,20.3,3.4,261.0,100,883.6,15.0,3163.37,915.0,0.0,0
2022-03-22 17:00:00,28780.045,20.6,5.5,188.0,99,883.4,15.6,3163.37,915.0,0.0,0
2022-03-22 18:00:00,29784.753,20.0,5.5,101.0,97,883.0,16.1,3163.37,915.0,0.0,0
2022-03-22 19:00:00,29559.483,18.8,3.9,9.0,94,882.8,16.0,3163.37,915.0,0.0,0
2022-03-22 20:00:00,27405.891,17.2,4.0,0.0,18,882.6,15.7,3163.37,915.0,0.0,0
2022-03-22 21:00:00,25637.551,15.5,6.6,0.0,9,882.5,14.9,3163.37,915.0,0.0,0
2022-03-22 22:00:00,24090.84,15.5,6.3,0.0,7,882.6,14.9,3163.37,915.0,0.0,0
2022-03-22 23:00:00,22867.76,15.1,6.3,0.0,2,882.2,14.6,3163.37,915.0,0.0,0
2022-03-23 00:00:00,22262.417,14.9,6.1,0.0,36,881.8,14.3,3163.37,915.0,0.0,0
2022-03-23 01:00:00,21946.672,14.2,6.4,0.0,29,881.3,13.7,3163.37,915.0,0.0,0
2022-03-23 02:00:00,21854.582,14.9,4.7,0.0,100,882.1,14.6,3163.37,915.0,0.0,0
2022-03-23 03:00:00,22033.565,14.1,6.0,0.0,100,881.4,14.0,3163.37,915.0,0.0,0
2022-03-23 04:00:00,23076.514,15.0,5.5,0.0,100,882.0,14.7,3163.37,915.0,0.0,0
2022-03-23 05:00:00,24884.955,15.8,4.4,0.0,100,882.2,15.2,3163.37,915.0,0.0,0
2022-03-23 06:00:00,26382.134,15.6,6.6,0.0,100,881.9,15.2,3163.37,915.0,0.0,0
2022-03-23 07:00:00,26972.022,15.5,8.9,6.0,99,882.8,15.0,3163.37,915.0,0.0,0
2022-03-23 08:00:00,27777.373,16.3,4.9,55.0,88,883.3,15.2,3163.37,915.0,0.0,0
2022-03-23 09:00:00,27897.187,17.9,12.1,250.0,100,883.9,15.1,3163.37,915.0,0.0,0
2022-03-23 10:00:00,27779.695,18.2,13.7,223.0,100,884.0,15.4,3163.37,915.0,0.0,0
2022-03-23 11:00:00,27773.988,19.7,12.0,371.0,23,884.2,15.5,3163.37,915.0,0.0,0
2022-03-23 12:00:00,27730.308,22.0,11.9,764.0,38,884.0,15.4,3163.37,915.0,0.0,0
2022-03-23 13:00:00,27629.106,23.0,13.6,810.0,33,883.3,15.7,3163.37,914.0,0.0,0
2022-03-23 14:00:00,27810.29,21.5,15.0,762.0,46,882.4,14.7,3163.37,914.0,0.0,0
2022-03-23 15:00:00,28431.546,22.8,14.4,684.0,92,882.0,15.2,3163.37,914.0,0.0,0
2022-03-23 16:00:00,28933.301,22.6,15.2,328.0,87,880.6,15.0,3163.37,914.0,0.0,0
2022-03-23 17:00:00,28693.792,18.1,15.1,169.0,90,880.7,14.9,3163.37,914.0,0.0,0
2022-03-23 18:00:00,29427.364,17.9,10.5,81.0,17,880.1,15.1,3163.37,914.0,0.0,0
2022-03-23 19:00:00,29196.674,16.4,5.8,9.0,18,879.0,15.2,3163.37,914.0,0.0,0
2022-03-23 20:00:00,27284.813,16.4,10.5,0.0,23,878.9,15.0,3163.37,914.0,0.0,0
2022-03-23 21:00:00,25378.618,16.3,10.2,0.0,8,879.0,14.1,3163.37,914.0,0.0,0
2022-03-23 22:00:00,24064.356,16.1,12.4,0.0,1,878.9,13.7,3163.37,914.0,0.0,0
2022-03-23 23:00:00,23049.604,16.0,14.8,0.0,24,878.4,13.5,3163.37,914.0,0.0,0
2022-03-24 00:00:00,22304.473,15.0,16.3,0.0,96,880.0,13.6,3163.37,914.0,0.0,0
2022-03-24 01:00:00,21789.336,14.8,13.1,0.0,34,878.9,14.0,3163.37,914.0,0.0,0
2022-03-24 02:00:00,21643.594,14.9,4.5,0.0,35,878.4,13.5,3163.37,914.0,0.0,0
2022-03-24 03:00:00,22086.604,14.8,8.1,0.0,16,878.2,13.1,3163.37,914.0,0.0,0
2022-03-24 04:00:00,22804.957,14.5,13.6,0.0,38,878.2,12.9,3163.37,914.0,0.0,0
2022-03-24 05:00:00,24535.929,14.5,7.6,0.0,42,877.6,12.6,3163.37,915.0,0.0,0
2022-03-24 06:00:00,26131.928,15.6,1.8,0.0,70,878.6,12.2,3163.37,914.0,0.0,0
2022-03-24 07:00:00,26654.845,15.2,7.9,10.0,35,878.3,12.5,3163.37,915.0,0.0,0
2022-03-24 08:00:00,27472.656,16.4,11.9,142.0,32,879.0,13.6,3163.37,915.0,0.0,0
2022-03-24 09:00:00,27520.922,18.3,9.2,328.0,54,880.0,14.0,3163.37,915.0,0.0,0
2022-03-24 10:00:00,27493.312,20.1,11.9,485.0,38,880.5,13.7,3163.37,915.0,0.0,0
2022-03-24 11:00:00,27575.878,21.9,12.9,695.0,52,880.5,13.7,3163.37,915.0,0.0,0
2022-03-24 12:00:00,27455.825,22.2,16.7,677.0,34,880.1,14.1,3163.37,914.0,0.0,0
2022-03-24 13:00:00,27316.613,22.8,15.5,717.0,23,879.8,14.9,3163.37,914.0,0.0,0
2022-03-24 14:00:00,27544.85,24.4,23.1,768.0,20,878.9,11.1,3163.37,914.0,0.0,0
2022-03-24 15:00:00,28055.278,24.1,23.2,677.0,0,878.5,11.5,3163.37,914.0,0.0,0
2022-03-24 16:00:00,28670.01,23.6,20.4,604.0,0,878.2,11.5,3163.37,914.0,0.0,0
2022-03-24 17:00:00,28748.834,22.6,16.1,392.0,0,878.0,11.6,3163.37,914.0,0.0,0
2022-03-24 18:00:00,29469.731,20.4,10.7,162.0,0,877.3,12.1,3163.37,914.0,0.0,0
2022-03-24 19:00:00,29206.986,17.8,8.7,10.0,0,876.4,11.6,3163.37,914.0,0.0,0
2022-03-24 20:00:00,27335.782,16.0,8.4,0.0,0,876.4,11.6,3163.37,914.0,0.0,0
2022-03-24 21:00:00,25419.24,15.9,7.9,0.0,0,877.0,11.6,3163.37,914.0,0.0,0
2022-03-24 22:00:00,23669.065,14.7,8.7,0.0,0,876.8,11.7,3163.37,914.0,0.0,0
2022-03-24 23:00:00,22682.395,14.0,11.0,0.0,0,876.5,11.4,3163.37,914.0,0.0,0
2022-03-25 00:00:00,22261.367,14.3,9.2,0.0,0,876.5,11.1,3163.37,914.0,0.0,0
2022-03-25 01:00:00,21679.929,12.7,8.8,0.0,0,876.1,11.1,3163.37,914.0,0.0,0
2022-03-25 02:00:00,21620.797,12.8,8.4,0.0,5,876.0,11.2,3163.37,915.0,0.0,0
2022-03-25 03:00:00,21947.857,12.0,9.5,0.0,0,875.5,10.6,3163.37,915.0,0.0,0
2022-03-25 04:00:00,22857.529,11.7,9.6,0.0,0,875.5,10.4,3163.37,915.0,0.0,0
2022-03-25 05:00:00,24258.46,12.3,6.7,0.0,0,875.8,10.6,3163.37,915.0,0.0,0
2022-03-25 06:00:00,25600.266,10.8,7.2,0.0,0,875.5,10.0,3163.37,915.0,0.0,0
2022-03-25 07:00:00,26653.494,11.9,4.7,15.0,1,876.5,11.2,3163.37,915.0,0.0,0
2022-03-25 08:00:00,27610.938,15.1,3.4,179.0,4,878.2,12.6,3163.37,915.0,0.0,0
2022-03-25 09:00:00,27855.858,18.0,3.9,409.0,10,879.5,13.1,3163.37,915.0,0.0,0
2022-03-25 10:00:00,27955.329,20.2,5.4,619.0,35,880.2,13.5,3163.37,915.0,0.0,0
2022-03-25 11:00:00,28086.626,21.7,5.7,779.0,2,880.2,13.1,3163.37,915.0,0.0,0
2022-03-25 12:00:00,27922.004,22.6,6.6,869.0,4,879.9,12.3,3163.37,914.0,0.0,0
2022-03-25 13:00:00,27644.128,23.4,7.9,910.0,22,879.6,12.0,3163.37,914.0,0.0,0
2022-03-25 14:00:00,27799.25,23.9,8.5,859.0,14,879.3,10.7,3163.37,914.0,0.0,0
2022-03-25 15:00:00,27697.465,24.0,9.6,740.0,16,878.9,10.5,3163.37,914.0,0.0,0
2022-03-25 16:00:00,28050.88,23.8,9.2,580.0,31,878.4,9.8,3163.37,914.0,0.0,0
2022-03-25 17:00:00,27869.368,23.0,8.6,316.0,12,878.1,10.4,3163.37,914.0,0.0,0
2022-03-25 18:00:00,28252.769,20.7,7.5,147.0,9,877.6,12.0,3163.37,914.0,0.0,0
2022-03-25 19:00:00,27931.696,17.2,9.4,8.0,6,876.5,10.8,3163.37,914.0,0.0,0
2022-03-25 20:00:00,26388.931,17.0,5.2,0.0,2,877.0,9.5,3163.37,914.0,0.0,0
2022-03-25 21:00:00,24904.331,16.1,4.5,0.0,30,877.0,9.1,3163.37,914.0,0.0,0
2022-03-25 22:00:00,23745.525,19.4,3.1,0.0,12,878.5,7.8,3163.37,914.0,0.0,0
2022-03-25 23:00:00,22616.159,19.6,2.8,0.0,6,878.7,7.3,3163.37,915.0,0.0,0
2022-03-26 00:00:00,21824.361,13.9,9.8,0.0,14,876.9,8.8,3163.37,915.0,0.0,0
2022-03-26 01:00:00,21574.689,15.2,6.4,0.0,1,877.6,9.4,3163.37,914.0,0.0,0
2022-03-26 02:00:00,21283.624,15.5,5.4,0.0,0,877.3,10.7,3163.37,915.0,0.0,0
2022-03-26 03:00:00,21074.797,12.7,8.1,0.0,0,876.5,10.2,3163.37,915.0,0.0,0
2022-03-26 04:00:00,21456.961,12.1,8.2,0.0,0,875.7,9.9,3163.37,915.0,0.0,0
2022-03-26 05:00:00,22247.944,11.4,7.5,0.0,0,875.4,9.7,3163.37,915.0,0.0,0
2022-03-26 06:00:00,23102.903,11.1,7.3,0.0,0,875.7,9.8,3163.37,915.0,0.0,0
2022-03-26 07:00:00,24787.882,11.6,5.4,15.0,0,876.8,10.5,3163.37,915.0,0.0,0
2022-03-26 08:00:00,26182.339,14.6,5.9,179.0,0,878.9,12.2,3163.37,915.0,0.0,0
2022-03-26 09:00:00,26600.865,17.6,3.9,411.0,0,880.5,12.8,3163.37,915.0,0.0,0
2022-03-26 10:00:00,26406.644,20.2,4.4,623.0,0,881.4,13.2,3163.37,915.0,0.0,0
2022-03-26 11:00:00,26191.255,22.2,6.2,787.0,0,881.7,12.9,3163.37,915.0,0.0,0
2022-03-26 12:00:00,26127.112,23.6,9.7,889.0,0,881.7,10.3,3163.37,915.0,0.0,0
2022-03-26 13:00:00,25763.967,24.2,11.4,921.0,0,881.4,9.8,3163.37,915.0,0.0,0
2022-03-26 14:00:00,25354.991,24.7,12.8,880.0,0,880.8,7.8,3163.37,915.0,0.0,0
2022-03-26 15:00:00,25520.979,25.0,11.2,776.0,0,880.6,7.7,3163.37,915.0,0.0,0
2022-03-26 16:00:00,26077.248,24.7,9.4,603.0,0,880.2,8.7,3163.37,915.0,0.0,0
2022-03-26 17:00:00,26175.745,23.7,8.6,384.0,0,879.9,10.6,3163.37,915.0,0.0,0
2022-03-26 18:00:00,27091.851,20.8,6.8,153.0,0,878.9,12.1,3163.37,915.0,0.0,0
2022-03-26 19:00:00,27060.734,18.0,7.9,8.0,0,878.2,10.8,3163.37,915.0,0.0,0
2022-03-26 20:00:00,25578.427,16.1,9.5,0.0,0,877.9,10.3,3163.37,915.0,0.0,0
2022-03-26 21:00:00,24101.329,15.8,7.9,0.0,0,878.5,9.4,3163.37,915.0,0.0,0
2022-03-26 22:00:00,22910.856,15.2,7.4,0.0,0,878.7,9.0,3163.37,915.0,0.0,0
2022-03-26 23:00:00,21769.371,14.0,8.5,0.0,0,878.2,8.7,3163.37,915.0,0.0,0
2022-03-27 00:00:00,20913.445,14.6,8.5,0.0,0,878.4,8.0,3163.37,916.0,0.0,0
2022-03-27 01:00:00,20576.049,14.1,7.6,0.0,0,878.8,8.0,3163.37,915.0,0.0,0
2022-03-27 02:00:00,20500.857,12.5,6.5,0.0,0,878.3,8.4,3163.37,915.0,0.0,0
2022-03-27 03:00:00,20422.315,11.6,7.8,0.0,8,877.9,8.6,3163.37,915.0,0.0,0
2022-03-27 04:00:00,20621.586,10.8,8.1,0.0,28,877.8,8.0,3163.37,915.0,0.0,0
2022-03-27 05:00:00,21232.05,11.3,7.5,0.0,0,878.3,7.4,3163.37,915.0,0.0,0
2022-03-27 06:00:00,22224.278,10.9,7.2,0.0,0,878.7,7.6,3163.37,915.0,0.0,0
2022-03-27 07:00:00,24163.411,12.2,9.2,14.0,0,879.7,7.9,3163.37,915.0,0.0,0
2022-03-27 08:00:00,25724.174,15.6,10.1,176.0,0,882.0,9.6,3163.37,915.0,0.0,0
2022-03-27 09:00:00,26325.965,18.4,9.0,406.0,0,883.8,10.4,3163.37,915.0,0.0,0
2022-03-27 10:00:00,26128.175,20.7,9.5,616.0,0,884.6,11.3,3163.37,915.0,0.0,0
2022-03-27 11:00:00,25967.11,22.8,9.3,778.0,0,885.2,13.0,3163.37,915.0,0.0,0
2022-03-27 12:00:00,25643.428,24.6,10.8,878.0,0,885.3,12.8,3163.37,915.0,0.0,0
2022-03-27 13:00:00,25369.593,25.9,12.4,909.0,0,884.9,10.2,3163.37,915.0,0.0,0
2022-03-27 14:00:00,25139.364,26.5,12.5,869.0,0,884.4,9.2,3163.37,915.0,0.0,0
2022-03-27 15:00:00,25130.796,26.8,9.4,758.0,2,884.2,9.4,3163.37,914.0,0.0,0
2022-03-27 16:00:00,25510.588,26.8,7.1,576.0,18,883.9,9.4,3163.37,914.0,0.0,0
2022-03-27 17:00:00,25721.001,26.0,4.5,356.0,26,883.6,12.1,3163.37,914.0,0.0,0
2022-03-27 18:00:00,26955.573,23.8,4.6,136.0,17,882.9,14.6,3163.37,914.0,0.0,0
2022-03-27 19:00:00,26953.226,19.3,7.6,6.0,6,881.4,13.6,3163.37,914.0,0.0,0
2022-03-27 20:00:00,25328.674,17.5,8.0,0.0,0,881.0,12.1,3163.37,914.0,0.0,0
2022-03-27 21:00:00,23865.413,17.1,7.7,0.0,2,881.4,10.4,3163.37,914.0,0.0,0
2022-03-27 22:00:00,22522.752,16.8,8.4,0.0,0,881.4,9.8,3163.37,914.0,0.0,0
2022-03-27 23:00:00,21413.097,16.3,8.1,0.0,0,881.3,9.6,3163.37,914.0,0.0,0
2022-03-28 00:00:00,20975.689,16.1,9.3,0.0,0,881.2,9.4,3163.37,914.0,0.0,0
2022-03-28 01:00:00,20687.988,15.1,9.4,0.0,0,881.4,9.6,3163.37,914.0,0.0,0
2022-03-28 02:00:00,20538.07,15.0,9.7,0.0,0,881.6,9.9,3163.37,914.0,0.0,0
2022-03-28 03:00:00,20516.998,14.9,12.1,0.0,0,881.6,9.5,3163.37,914.0,0.0,0
2022-03-28 04:00:00,21833.984,14.6,10.6,0.0,0,881.4,9.1,3163.37,914.0,0.0,0
2022-03-28 05:00:00,23395.565,14.5,11.2,0.0,0,881.6,8.8,3163.37,914.0,0.0,0
2022-03-28 06:00:00,24974.435,14.7,13.1,0.0,0,882.0,7.9,3163.37,914.0,0.0,0
2022-03-28 07:00:00,26120.15,15.3,17.0,13.0,0,882.9,7.2,3163.37,914.0,0.0,0
2022-03-28 08:00:00,27214.041,17.2,18.7,172.0,0,884.5,9.0,3163.37,914.0,0.0,0
2022-03-28 09:00:00,27558.121,19.7,15.8,398.0,0,885.8,10.2,3163.37,914.0,0.0,0
2022-03-28 10:00:00,27622.055,22.2,15.3,605.0,0,886.2,12.0,3163.37,914.0,0.0,0
2022-03-28 11:00:00,27508.422,24.4,16.6,766.0,0,886.5,13.4,3163.37,914.0,0.0,0
2022-03-28 12:00:00,27421.297,25.9,18.6,865.0,0,886.2,12.9,3163.37,914.0,0.0,0
2022-03-28 13:00:00,27390.836,26.9,19.6,896.0,0,885.6,10.1,3163.37,914.0,0.0,0
2022-03-28 14:00:00,27613.53,27.2,18.1,857.0,0,885.2,9.4,3163.37,914.0,0.0,0
2022-03-28 15:00:00,27808.138,27.2,17.0,748.0,1,884.7,9.3,3163.37,913.0,0.0,0
2022-03-28 16:00:00,28187.81,26.8,14.8,580.0,0,884.4,9.1,3163.37,913.0,0.0,0
2022-03-28 17:00:00,28389.134,25.7,10.6,372.0,0,883.8,11.1,3163.37,913.0,0.0,0
2022-03-28 18:00:00,29613.883,22.2,7.6,144.0,0,882.4,12.4,3163.37,913.0,0.0,0
2022-03-28 19:00:00,29389.649,21.1,11.9,6.0,0,882.2,9.9,3163.37,913.0,0.0,0
2022-03-28 20:00:00,27301.203,20.5,12.1,0.0,0,882.3,9.6,3163.37,913.0,0.0,0
2022-03-28 21:00:00,25286.258,18.7,10.0,0.0,1,881.8,10.0,3163.37,913.0,0.0,0
2022-03-28 22:00:00,23958.293,17.4,8.2,0.0,0,881.7,10.4,3163.37,913.0,0.0,0
2022-03-28 23:00:00,22990.107,15.8,9.1,0.0,0,881.2,10.8,3163.37,913.0,0.0,0
2022-03-29 00:00:00,22033.607,15.8,7.3,0.0,0,881.0,10.7,3163.37,913.0,0.0,0
2022-03-29 01:00:00,21693.338,16.6,11.2,0.0,0,881.3,10.6,3163.37,913.0,0.0,0
2022-03-29 02:00:00,21507.228,16.1,12.6,0.0,0,881.3,10.9,3163.37,913.0,0.0,0
2022-03-29 03:00:00,21592.686,15.7,13.1,0.0,0,880.8,10.9,3163.37,913.0,0.0,0
2022-03-29 04:00:00,22625.728,15.4,14.4,0.0,0,880.6,10.8,3163.37,913.0,0.0,0
2022-03-29 05:00:00,23951.839,15.2,13.8,0.0,0,880.6,10.7,3163.37,913.0,0.0,0
2022-03-29 06:00:00,25307.976,14.6,13.0,0.0,0,880.9,10.8,3163.37,913.0,0.0,0
2022-03-29 07:00:00,26757.06,14.6,13.8,12.0,0,881.2,11.1,3163.37,913.0,0.0,0
2022-03-29 08:00:00,27527.849,17.1,13.7,169.0,0,882.7,12.4,3163.37,913.0,0.0,0
2022-03-29 09:00:00,27923.208,19.6,15.5,395.0,0,883.9,12.6,3163.37,913.0,0.0,0
2022-03-29 10:00:00,27838.044,21.6,17.1,601.0,0,884.2,13.2,3163.37,913.0,0.0,0
2022-03-29 11:00:00,27788.465,23.6,18.1,762.0,0,884.3,13.5,3163.37,913.0,0.0,0
2022-03-29 12:00:00,27665.309,25.2,21.1,862.0,0,884.1,12.3,3163.37,914.0,0.0,0
2022-03-29 13:00:00,27569.292,26.0,21.2,897.0,0,883.4,11.6,3163.37,913.0,0.0,0
2022-03-29 14:00:00,27816.515,26.2,21.4,853.0,0,882.8,11.3,3163.37,913.0,0.0,0
2022-03-29 15:00:00,28035.461,26.5,19.4,651.0,21,882.2,10.9,3163.37,913.0,0.0,0
2022-03-29 16:00:00,28626.43,26.3,17.2,541.0,2,881.5,10.5,3163.37,913.0,0.0,0
2022-03-29 17:00:00,28759.747,25.4,14.8,343.0,9,880.7,11.1,3163.37,913.0,0.0,0
2022-03-29 18:00:00,30021.679,22.9,14.3,134.0,11,880.0,11.4,3163.37,913.0,0.0,0
2022-03-29 19:00:00,29717.195,20.5,9.8,5.0,1,879.7,11.0,3163.37,913.0,0.0,0
2022-03-29 20:00:00,27663.338,19.0,10.1,0.0,0,879.5,11.3,3163.37,913.0,0.0,0
2022-03-29 21:00:00,25900.437,18.2,9.4,0.0,2,879.6,11.3,3163.37,913.0,0.0,0
2022-03-29 22:00:00,24382.925,16.9,7.7,0.0,3,879.3,11.3,3163.37,914.0,0.0,0
2022-03-29 23:00:00,23173.282,15.9,8.0,0.0,0,878.9,11.3,3163.37,914.0,0.0,0
2022-03-30 00:00:00,22434.738,15.6,7.6,0.0,0,878.6,11.2,3163.37,914.0,0.0,0
2022-03-30 01:00:00,22013.681,15.4,8.0,0.0,0,878.2,11.0,3163.37,914.0,0.0,0
2022-03-30 02:00:00,21850.492,15.6,11.4,0.0,0,879.2,10.4,3163.37,913.0,0.0,0
2022-03-30 03:00:00,21808.283,16.5,13.9,0.0,97,879.8,10.2,3163.37,914.0,0.0,0
2022-03-30 04:00:00,22760.443,16.7,12.6,0.0,69,879.9,10.1,3163.37,914.0,0.0,0
2022-03-30 05:00:00,24457.047,16.1,9.7,0.0,100,879.9,10.2,3163.37,913.0,0.0,0
2022-03-30 06:00:00,25606.416,15.9,10.1,0.0,100,880.1,10.2,3163.37,913.0,0.0,0
2022-03-30 07:00:00,26885.83,15.7,11.9,6.0,100,880.3,10.3,3163.37,913.0,0.0,0
2022-03-30 08:00:00,27685.52,16.8,12.0,59.0,100,881.3,11.2,3163.37,913.0,0.0,0
2022-03-30 09:00:00,27903.406,18.5,13.8,179.0,100,882.6,11.2,3163.37,913.0,0.0,0
2022-03-30 10:00:00,27910.163,20.8,16.4,462.0,40,883.3,11.5,3163.37,913.0,0.0,0
2022-03-30 11:00:00,27980.815,22.9,16.9,682.0,34,883.5,12.3,3163.37,914.0,0.0,0
2022-03-30 12:00:00,27756.454,24.9,18.9,822.0,0,883.3,11.5,3163.37,913.0,0.0,0
2022-03-30 13:00:00,27776.563,25.9,20.9,852.0,4,882.8,10.8,3163.37,913.0,0.0,0
2022-03-30 14:00:00,27934.621,26.3,17.6,789.0,31,882.4,11.0,3163.37,913.0,0.0,0
2022-03-30 15:00:00,28242.379,26.4,16.4,684.0,24,882.0,10.7,3163.37,913.0,0.0,0
2022-03-30 16:00:00,28760.945,26.0,14.0,494.0,20,881.6,10.4,3163.37,913.0,0.0,0
2022-03-30 17:00:00,28728.839,25.3,8.3,281.0,62,881.2,11.6,3163.37,913.0,0.0,0
2022-03-30 18:00:00,29897.97,22.8,7.6,96.0,98,880.5,14.2,3163.37,913.0,0.0,0
2022-03-30 19:00:00,29549.884,21.9,6.1,2.0,37,880.5,12.7,3163.37,912.0,0.0,0
2022-03-30 20:00:00,27571.362,20.3,9.1,0.0,39,880.4,12.1,3163.37,912.0,0.0,0
2022-03-30 21:00:00,25673.654,19.7,10.6,0.0,100,880.5,10.0,3163.37,911.0,0.0,0
2022-03-30 22:00:00,23945.849,19.1,10.5,0.0,97,880.8,9.5,3163.37,912.0,0.0,0
2022-03-30 23:00:00,23003.024,19.2,7.4,0.0,2,881.0,10.1,3163.37,912.0,0.0,0
2022-03-31 00:00:00,22351.905,16.3,10.2,0.0,3,879.6,11.2,3163.37,912.0,0.0,0
2022-03-31 01:00:00,21865.765,17.2,8.0,0.0,0,879.8,11.0,3163.37,912.0,0.0,0
2022-03-31 02:00:00,21760.463,17.5,5.5,0.0,1,880.4,10.3,3163.37,912.0,0.0,0
2022-03-31 03:00:00,21823.437,15.3,6.6,0.0,17,879.3,10.5,3163.37,912.0,0.0,0
2022-03-31 04:00:00,22781.207,15.0,6.6,0.0,34,879.2,10.5,3163.37,912.0,0.0,0
2022-03-31 05:00:00,24150.895,14.2,6.9,0.0,17,879.3,10.6,3163.37,911.0,0.0,0
2022-03-31 06:00:00,25586.593,13.6,6.6,0.0,86,879.0,10.5,3163.37,910.0,0.0,0
2022-03-31 07:00:00,26756.16,15.3,9.0,8.0,33,880.3,10.2,3163.37,910.0,0.0,0
2022-03-31 08:00:00,27663.806,17.7,10.6,155.0,11,882.1,11.3,3163.37,910.0,0.0,0
2022-03-31 09:00:00,27862.849,20.0,13.0,372.0,4,883.7,12.0,3163.37,910.0,0.0,0
2022-03-31 10:00:00,27811.896,22.4,13.0,573.0,18,884.4,12.6,3163.37,910.0,0.0,0
2022-03-31 11:00:00,27831.132,24.4,14.2,735.0,18,884.4,12.2,3163.37,909.0,0.0,0
2022-03-31 12:00:00,27637.541,25.8,15.3,837.0,36,884.1,11.5,3163.37,909.0,0.0,0
2022-03-31 13:00:00,27489.143,26.3,15.4,761.0,20,883.6,10.5,3163.37,909.0,0.0,0
2022-03-31 14:00:00,27779.418,27.3,19.4,770.0,10,883.0,10.1,3163.37,909.0,0.0,0
2022-03-31 15:00:00,28279.003,27.4,18.2,606.0,77,882.4,9.4,3163.37,909.0,0.0,0
2022-03-31 16:00:00,28711.054,24.9,17.4,414.0,67,882.2,11.9,3163.37,909.0,0.0,0
2022-03-31 17:00:00,28554.183,23.6,10.8,267.0,69,881.5,13.3,3163.37,909.0,0.0,0
2022-03-31 18:00:00,29716.173,22.3,10.9,101.0,100,881.0,12.9,3163.37,909.0,0.0,0
2022-03-31 19:00:00,29175.513,20.5,7.9,3.0,99,880.3,12.6,3163.37,909.0,0.0,0
2022-03-31 20:00:00,27388.239,20.0,7.2,0.0,66,880.4,12.8,3163.37,909.0,0.0,0
2022-03-31 21:00:00,25629.032,19.2,8.6,0.0,13,880.5,12.4,3163.37,909.0,0.0,0
2022-03-31 22:00:00,24098.733,18.8,11.2,0.0,44,881.0,12.2,3163.37,909.0,0.0,0
2022-03-31 23:00:00,23110.822,16.6,22.8,0.0,85,882.4,13.9,3163.37,909.0,0.0,0
2022-04-01 00:00:00,22240.789,16.3,11.0,0.0,76,881.3,13.8,3163.37,910.0,0.0,0
2022-04-01 01:00:00,22043.88,15.8,14.8,0.0,48,881.3,14.0,3163.37,910.0,0.0,0
2022-04-01 02:00:00,21880.597,15.3,14.2,0.0,68,881.9,13.4,3163.37,910.0,0.0,0
2022-04-01 03:00:00,21993.023,15.2,14.8,0.0,30,880.7,13.0,3163.37,910.0,0.0,0
2022-04-01 04:00:00,22914.172,14.7,11.7,0.0,21,880.4,12.7,3163.37,910.0,0.0,0
2022-04-01 05:00:00,24133.204,14.4,10.3,0.0,52,880.2,12.5,3163.37,910.0,0.0,0
2022-04-01 06:00:00,25213.016,13.9,8.4,0.0,9,880.3,12.4,3163.37,910.0,0.0,0
2022-04-01 07:00:00,26515.624,14.2,9.6,10.0,0,880.7,12.5,3163.37,910.0,0.0,0
2022-04-01 08:00:00,27452.397,16.4,11.2,156.0,0,881.9,13.2,3163.37,910.0,0.0,0
2022-04-01 09:00:00,27728.962,18.7,11.3,377.0,0,882.7,13.8,3163.37,909.0,0.0,0
2022-04-01 10:00:00,27641.201,21.3,12.3,579.0,0,883.1,14.0,3163.37,910.0,0.0,0
2022-04-01 11:00:00,27555.97,23.2,14.5,737.0,1,883.3,13.7,3163.37,910.0,0.0,0
2022-04-01 12:00:00,27368.554,24.4,13.6,834.0,17,883.0,13.9,3163.37,910.0,0.0,0
2022-04-01 13:00:00,27276.194,25.4,12.8,802.0,35,882.3,14.1,3163.37,910.0,0.0,0
2022-04-01 14:00:00,27403.252,24.5,13.0,730.0,97,881.8,14.5,3163.37,911.0,0.0,0
2022-04-01 15:00:00,27594.03,24.6,19.1,640.0,39,881.2,13.2,3163.37,911.0,0.0,0
2022-04-01 16:00:00,27779.704,24.4,10.8,435.0,26,880.7,12.6,3163.37,911.0,0.0,0
2022-04-01 17:00:00,27806.453,24.1,10.7,309.0,46,880.2,11.5,3163.37,911.0,0.0,0
2022-04-01 18:00:00,28659.761,21.7,6.0,105.0,35,879.6,14.1,3163.37,912.0,0.0,0
2022-04-01 19:00:00,28386.774,19.4,6.6,3.0,91,879.4,13.2,3163.37,911.0,0.0,0
2022-04-01 20:00:00,26852.009,17.0,3.1,0.0,0,879.3,14.1,3163.37,911.0,0.0,0
2022-04-01 21:00:00,25475.92,16.2,9.7,0.0,46,879.3,13.9,3163.37,911.0,0.0,0
2022-04-01 22:00:00,24253.38,16.5,8.6,0.0,57,879.6,13.6,3163.37,911.0,0.0,0
2022-04-01 23:00:00,23009.264,16.6,8.0,0.0,48,879.5,13.8,3163.37,911.0,0.0,0
2022-04-02 00:00:00,22263.697,16.0,6.1,0.0,13,879.0,14.0,3163.37,912.0,0.0,0
2022-04-02 01:00:00,21903.34,15.2,6.8,0.0,13,878.6,13.9,3163.37,912.0,0.0,0
2022-04-02 02:00:00,21803.022,15.3,7.6,0.0,10,877.9,12.9,3163.37,912.0,0.0,0
2022-04-02 03:00:00,21831.765,14.6,7.3,0.0,0,877.2,12.8,3163.37,912.0,0.0,0
2022-04-02 04:00:00,22088.149,13.6,9.3,0.0,0,876.6,12.3,3163.37,912.0,0.0,0
2022-04-02 05:00:00,22552.51,13.6,5.8,0.0,1,876.8,12.6,3163.37,912.0,0.0,0
2022-04-02 06:00:00,23707.461,13.9,8.8,0.0,0,877.1,13.0,3163.37,912.0,0.0,0
2022-04-02 07:00:00,25477.771,14.7,13.1,10.0,0,877.9,13.4,3163.37,912.0,0.0,0
2022-04-02 08:00:00,26805.536,16.9,10.1,157.0,0,879.4,14.0,3163.37,912.0,0.0,0
2022-04-02 09:00:00,27245.763,19.5,13.4,378.0,4,880.8,14.5,3163.37,912.0,0.0,0
2022-04-02 10:00:00,27386.983,21.7,18.8,580.0,18,881.3,14.7,3163.37,912.0,0.0,0
2022-04-02 11:00:00,27586.93,23.6,17.8,723.0,56,881.2,14.6,3163.37,912.0,0.0,0
2022-04-02 12:00:00,27115.761,24.6,18.1,757.0,42,880.8,13.9,3163.37,912.0,0.0,0
2022-04-02 13:00:00,26785.586,25.6,13.7,769.0,99,880.0,12.4,3163.37,912.0,0.0,0
2022-04-02 14:00:00,26502.125,25.0,9.2,410.0,100,878.6,15.7,3163.37,912.0,0.0,0
2022-04-02 15:00:00,26661.166,23.0,10.7,575.0,100,878.0,15.3,3163.37,913.0,0.0,0
2022-04-02 16:00:00,26922.313,20.8,14.7,173.0,69,877.4,14.9,3163.37,913.0,0.0,0
2022-04-02 17:00:00,26983.018,17.9,2.5,208.0,47,876.9,14.9,3163.37,913.0,0.0,0
2022-04-02 18:00:00,28212.667,17.7,9.7,87.0,60,876.7,15.2,3163.37,912.0,0.0,0
2022-04-02 19:00:00,27696.953,16.6,11.1,2.0,98,876.0,14.9,3163.37,912.0,0.0,0
2022-04-02 20:00:00,25974.776,15.1,14.0,0.0,100,877.6,14.4,3163.37,912.0,0.0,0
2022-04-02 21:00:00,24564.486,15.5,7.1,0.0,100,877.4,14.9,3163.37,912.0,0.0,0
2022-04-02 22:00:00,23106.122,14.7,6.9,0.0,47,877.3,14.3,3163.37,912.0,0.0,0
2022-04-02 23:00:00,22250.996,15.0,13.2,0.0,25,877.4,14.3,3163.37,912.0,0.0,0
2022-04-03 00:00:00,21410.283,14.9,14.3,0.0,9,877.0,14.1,3163.37,912.0,0.0,0
2022-04-03 01:00:00,20868.931,14.7,14.5,0.0,16,876.7,14.0,3163.37,913.0,0.0,0
2022-04-03 02:00:00,20703.762,14.5,14.2,0.0,15,876.1,13.5,3163.37,912.0,0.0,0
2022-04-03 03:00:00,20474.86,14.1,11.8,0.0,0,875.6,13.3,3163.37,913.0,0.0,0
2022-04-03 04:00:00,20959.767,14.0,13.6,0.0,1,875.3,13.1,3163.37,913.0,0.0,0
2022-04-03 05:00:00,21268.412,14.0,14.7,0.0,2,875.3,13.0,3163.37,913.0,0.0,0
2022-04-03 06:00:00,22280.875,14.1,14.6,0.0,7,875.6,13.2,3163.37,913.0,0.0,0
2022-04-03 07:00:00,24156.215,14.4,14.1,9.0,0,876.0,13.5,3163.37,913.0,0.0,0
2022-04-03 08:00:00,26087.944,16.4,14.3,155.0,30,877.0,14.4,3163.37,913.0,0.0,0
2022-04-03 09:00:00,27006.818,18.4,23.3,318.0,7,877.7,14.6,3163.37,913.0,0.0,0
2022-04-03 10:00:00,27407.954,20.7,16.5,543.0,0,878.4,15.0,3163.37,912.0,0.0,0
2022-04-03 11:00:00,27407.327,22.8,17.6,695.0,0,878.2,15.2,3163.37,913.0,0.0,0
2022-04-03 12:00:00,27346.699,24.3,20.6,827.0,11,878.0,15.2,3163.37,912.0,0.0,0
2022-04-03 13:00:00,27116.282,24.1,23.1,817.0,62,877.4,15.0,3163.37,913.0,0.0,0
2022-04-03 14:00:00,26759.929,23.1,19.2,691.0,100,876.1,15.4,3163.37,913.0,0.0,0
2022-04-03 15:00:00,26823.022,24.9,14.8,631.0,56,875.7,15.2,3163.37,913.0,0.0,0
2022-04-03 16:00:00,27166.421,26.2,19.3,454.0,30,875.3,10.8,3163.37,913.0,0.0,0
2022-04-03 17:00:00,27629.712,24.9,17.7,305.0,13,874.9,11.4,3163.37,913.0,0.0,0
2022-04-03 18:00:00,28712.171,22.4,14.1,112.0,8,874.8,11.5,3163.37,913.0,0.0,0
2022-04-03 19:00:00,27891.389,20.1,10.6,2.0,21,874.8,11.5,3163.37,913.0,0.0,0
2022-04-03 20:00:00,26231.099,19.6,14.5,0.0,1,875.7,11.2,3163.37,913.0,0.0,0
2022-04-03 21:00:00,24567.227,18.0,11.5,0.0,0,875.7,11.3,3163.37,913.0,0.0,0
2022-04-03 22:00:00,23102.484,17.6,14.8,0.0,0,876.0,12.1,3163.37,912.0,0.0,0
2022-04-03 23:00:00,21868.611,17.0,15.2,0.0,0,876.0,13.1,3163.37,912.0,0.0,0
2022-04-04 00:00:00,21236.597,16.2,14.5,0.0,0,875.7,13.5,3163.37,912.0,0.0,0
2022-04-04 01:00:00,20724.308,15.7,13.7,0.0,0,875.6,13.6,3163.37,913.0,0.0,0
2022-04-04 02:00:00,20638.96,15.8,17.3,0.0,0,875.8,14.7,3163.37,912.0,0.0,0
2022-04-04 03:00:00,20930.553,15.8,17.5,0.0,1,875.3,14.9,3163.37,912.0,0.0,0
2022-04-04 04:00:00,21685.025,15.6,15.5,0.0,16,875.3,14.9,3163.37,912.0,0.0,0
2022-04-04 05:00:00,23124.095,15.5,14.8,0.0,13,875.0,14.9,3163.37,913.0,0.0,0
2022-04-04 06:00:00,24776.179,15.3,14.0,0.0,22,875.2,14.7,3163.37,912.0,0.0,0
2022-04-04 07:00:00,26339.858,15.4,14.9,8.0,100,875.8,14.9,3163.37,913.0,0.0,0
2022-04-04 08:00:00,27993.492,17.4,19.8,96.0,100,877.1,15.2,3163.37,912.0,0.0,0
2022-04-04 09:00:00,28654.694,18.8,19.7,179.0,100,877.7,15.2,3163.37,912.0,0.0,0
2022-04-04 10:00:00,29155.808,20.1,20.5,347.0,100,878.1,15.2,3163.37,911.0,0.0,0
2022-04-04 11:00:00,29062.286,21.3,18.4,511.0,47,878.0,15.1,3163.37,912.0,0.0,0
2022-04-04 12:00:00,28799.88,22.5,18.2,707.0,28,877.8,15.0,3163.37,911.0,0.0,0
2022-04-04 13:00:00,28874.117,23.4,19.6,750.0,29,877.2,13.1,3163.37,911.0,0.0,0
2022-04-04 14:00:00,28709.128,24.4,21.3,691.0,6,877.1,11.0,3163.37,911.0,0.0,0
2022-04-04 15:00:00,28862.1,24.5,18.1,656.0,17,876.5,9.6,3163.37,911.0,0.0,0
2022-04-04 16:00:00,29183.483,24.4,18.9,514.0,8,876.1,7.9,3163.37,911.0,0.0,0
2022-04-04 17:00:00,29417.017,23.2,12.8,324.0,8,875.6,9.3,3163.37,911.0,0.0,0
2022-04-04 18:00:00,30459.931,20.0,8.2,113.0,0,874.9,10.1,3163.37,910.0,0.0,0
2022-04-04 19:00:00,30016.905,18.4,12.9,2.0,0,875.5,9.1,3163.37,910.0,0.0,0
2022-04-04 20:00:00,27963.571,16.8,10.3,0.0,0,876.1,7.1,3163.37,909.0,0.0,0
2022-04-04 21:00:00,25918.493,15.4,10.8,0.0,0,876.6,5.8,3163.37,909.0,0.0,0
2022-04-04 22:00:00,23889.702,14.4,10.1,0.0,0,876.7,5.0,3163.37,909.0,0.0,0
2022-04-04 23:00:00,22762.028,13.2,9.1,0.0,0,876.4,5.1,3163.37,909.0,0.0,0
2022-04-05 00:00:00,21971.653,12.3,8.4,0.0,0,876.2,5.3,3163.37,909.0,0.0,0
2022-04-05 01:00:00,21523.531,11.0,9.7,0.0,0,876.1,5.8,3163.37,909.0,0.0,0
2022-04-05 02:00:00,21386.375,10.7,4.3,0.0,0,876.4,5.8,3163.37,910.0,0.0,0
2022-04-05 03:00:00,21880.293,8.9,6.1,0.0,0,875.2,6.1,3163.37,910.0,0.0,0
2022-04-05 04:00:00,23173.04,8.3,6.6,0.0,0,874.6,6.1,3163.37,911.0,0.0,0
2022-04-05 05:00:00,25955.573,8.1,7.5,0.0,0,874.4,6.1,3163.37,911.0,0.0,0
2022-04-05 06:00:00,27762.202,7.8,8.3,0.0,0,874.1,6.0,3163.37,911.0,0.0,0
2022-04-05 07:00:00,26930.282,8.8,7.5,9.0,0,875.0,6.3,3163.37,911.0,0.0,0
2022-04-05 08:00:00,27308.748,12.3,9.4,159.0,0,877.5,7.8,3163.37,910.0,0.0,0
2022-04-05 09:00:00,27277.16,15.3,6.5,385.0,0,878.8,8.5,3163.37,910.0,0.0,0
2022-04-05 10:00:00,27070.031,18.0,9.0,592.0,0,879.7,8.9,3163.37,910.0,0.0,0
2022-04-05 11:00:00,26803.75,20.1,11.8,749.0,0,880.0,8.8,3163.37,910.0,0.0,0
2022-04-05 12:00:00,26610.802,22.0,12.8,843.0,0,879.7,7.9,3163.37,910.0,0.0,0
2022-04-05 13:00:00,26523.12,22.9,11.3,868.0,10,879.3,8.2,3163.37,910.0,0.0,0
2022-04-05 14:00:00,26794.194,23.9,18.7,792.0,47,879.4,6.6,3163.37,910.0,0.0,0
2022-04-05 15:00:00,27453.38,22.7,18.7,677.0,0,879.1,7.8,3163.37,910.0,0.0,0
2022-04-05 16:00:00,28200.224,22.3,10.5,532.0,0,879.1,7.4,3163.37,910.0,0.0,0
2022-04-05 17:00:00,28820.495,22.4,7.9,323.0,1,878.9,7.5,3163.37,910.0,0.0,0
2022-04-05 18:00:00,30223.447,19.1,11.2,110.0,0,878.0,6.6,3163.37,911.0,0.0,0
2022-04-05 19:00:00,29715.757,16.7,10.9,1.0,0,877.6,6.0,3163.37,911.0,0.0,0
2022-04-05 20:00:00,27764.868,15.9,13.0,0.0,0,877.9,4.6,3163.37,911.0,0.0,0
2022-04-05 21:00:00,25608.925,14.7,12.0,0.0,0,878.4,4.3,3163.37,910.0,0.0,0
2022-04-05 22:00:00,23572.077,13.2,9.9,0.0,0,878.4,4.7,3163.37,911.0,0.0,0
2022-04-05 23:00:00,22401.585,11.6,7.9,0.0,0,878.1,5.3,3163.37,911.0,0.0,0
2022-04-06 00:00:00,21608.237,10.7,7.9,0.0,0,878.0,5.6,3163.37,911.0,0.0,0
2022-04-06 01:00:00,21240.712,9.7,7.1,0.0,0,878.0,5.8,3163.37,911.0,0.0,0
2022-04-06 02:00:00,21153.194,9.3,6.5,0.0,0,878.4,5.9,3163.37,912.0,0.0,0
2022-04-06 03:00:00,21337.752,8.3,8.3,0.0,0,877.9,5.8,3163.37,912.0,0.0,0
2022-04-06 04:00:00,22994.706,10.1,4.4,0.0,0,878.6,5.9,3163.37,912.0,0.0,0
2022-04-06 05:00:00,25501.257,9.8,2.6,0.0,0,878.8,6.2,3163.37,912.0,0.0,0
2022-04-06 06:00:00,27381.832,8.9,4.2,0.0,0,878.5,6.4,3163.37,912.0,0.0,0
2022-04-06 07:00:00,26668.012,7.6,4.7,8.0,0,878.3,6.4,3163.37,912.0,0.0,0
2022-04-06 08:00:00,26916.187,10.9,3.8,157.0,0,880.1,7.4,3163.37,912.0,0.0,0
2022-04-06 09:00:00,26871.879,13.7,4.1,383.0,0,881.6,6.9,3163.37,912.0,0.0,0
2022-04-06 10:00:00,26565.022,15.8,4.2,591.0,0,882.3,6.6,3163.37,911.0,0.0,0
2022-04-06 11:00:00,26748.723,17.4,5.5,750.0,0,882.7,6.2,3163.37,911.0,0.0,0
2022-04-06 12:00:00,26702.793,18.6,6.8,848.0,0,882.7,6.3,3163.37,911.0,0.0,0
2022-04-06 13:00:00,26692.345,19.7,7.9,875.0,0,882.4,6.6,3163.37,912.0,0.0,0
2022-04-06 14:00:00,27004.231,20.2,12.9,829.0,0,882.3,4.5,3163.37,912.0,0.0,0
2022-04-06 15:00:00,27613.949,20.2,14.7,719.0,0,882.2,4.3,3163.37,912.0,0.0,0
2022-04-06 16:00:00,28266.72,19.9,14.2,547.0,0,882.0,4.7,3163.37,912.0,0.0,0
2022-04-06 17:00:00,28716.48,19.1,12.3,331.0,0,881.6,5.0,3163.37,911.0,0.0,0
2022-04-06 18:00:00,30033.715,16.5,7.4,108.0,0,880.6,6.2,3163.37,911.0,0.0,0
2022-04-06 19:00:00,29716.241,14.4,8.0,1.0,0,880.1,6.2,3163.37,911.0,0.0,0
2022-04-06 20:00:00,27751.607,13.5,8.4,0.0,0,880.3,5.7,3163.37,911.0,0.0,0
2022-04-06 21:00:00,25712.934,12.5,8.2,0.0,0,880.4,5.3,3163.37,911.0,0.0,0
2022-04-06 22:00:00,23569.609,11.4,8.3,0.0,2,880.6,5.4,3163.37,911.0,0.0,0
2022-04-06 23:00:00,22409.863,10.7,8.3,0.0,6,880.5,4.7,3163.37,911.0,0.0,0
2022-04-07 00:00:00,21843.212,10.1,9.3,0.0,85,880.5,3.6,3163.37,911.0,0.0,0
2022-04-07 01:00:00,21336.522,9.2,8.1,0.0,76,880.5,3.1,3163.37,911.0,0.0,0
2022-04-07 02:00:00,21299.599,8.9,7.6,0.0,6,880.6,2.5,3163.37,911.0,0.0,0
2022-04-07 03:00:00,21376.619,8.0,7.6,0.0,31,879.8,2.5,3163.37,911.0,0.0,0
2022-04-07 04:00:00,22915.293,7.6,7.3,0.0,13,879.8,2.5,3163.37,912.0,0.0,0
2022-04-07 05:00:00,25595.704,6.2,9.2,0.0,0,879.5,2.8,3163.37,911.0,0.0,0
2022-04-07 06:00:00,27526.546,6.0,8.3,0.0,15,879.8,3.0,3163.37,911.0,0.0,0
2022-04-07 07:00:00,27002.783,6.1,6.2,8.0,8,880.4,3.5,3163.37,911.0,0.0,0
2022-04-07 08:00:00,27367.172,9.7,5.4,157.0,16,882.5,4.3,3163.37,911.0,0.0,0
2022-04-07 09:00:00,27095.806,12.7,4.9,387.0,54,884.2,4.6,3163.37,910.0,0.0,0
2022-04-07 10:00:00,26835.619,15.4,6.4,595.0,41,885.2,4.1,3163.37,910.0,0.0,0
2022-04-07 11:00:00,26655.115,16.8,5.2,752.0,23,885.6,3.0,3163.37,910.0,0.0,0
2022-04-07 12:00:00,26507.332,17.8,3.7,851.0,28,885.4,3.4,3163.37,910.0,0.0,0
2022-04-07 13:00:00,26380.448,18.6,4.0,880.0,0,884.8,3.5,3163.37,910.0,0.0,0
2022-04-07 14:00:00,26605.039,19.4,5.4,837.0,0,884.4,2.6,3163.37,910.0,0.0,0
2022-04-07 15:00:00,27358.226,19.9,5.7,723.0,0,884.1,2.2,3163.37,910.0,0.0,0
2022-04-07 16:00:00,28224.445,19.8,5.2,548.0,0,884.2,2.4,3163.37,910.0,0.0,0
2022-04-07 17:00:00,28764.529,19.2,4.7,331.0,9,884.0,2.7,3163.37,910.0,0.0,0
2022-04-07 18:00:00,30293.685,18.4,5.0,107.0,52,883.9,3.9,3163.37,910.0,0.0,0
2022-04-07 19:00:00,29741.922,13.1,9.7,1.0,18,882.1,5.5,3163.37,910.0,0.0,0
2022-04-07 20:00:00,27835.794,12.4,8.0,0.0,91,882.7,3.5,3163.37,910.0,0.0,0
2022-04-07 21:00:00,25672.189,11.3,8.1,0.0,100,882.5,2.4,3163.37,910.0,0.0,0
2022-04-07 22:00:00,23785.868,11.1,9.2,0.0,100,882.4,2.6,3163.37,910.0,0.0,0
2022-04-07 23:00:00,22426.456,11.0,10.8,0.0,100,882.3,2.6,3163.37,910.0,0.0,0
2022-04-08 00:00:00,21582.411,10.9,11.5,0.0,100,882.1,2.4,3163.37,910.0,0.0,0
2022-04-08 01:00:00,21441.822,10.3,13.1,0.0,99,882.0,2.1,3163.37,911.0,0.0,0
2022-04-08 02:00:00,21557.65,10.1,13.8,0.0,99,882.4,2.6,3163.37,911.0,0.0,0
2022-04-08 03:00:00,21616.834,9.4,14.1,0.0,100,882.1,2.6,3163.37,911.0,0.0,0
2022-04-08 04:00:00,23148.064,9.2,14.7,0.0,98,882.1,2.3,3163.37,911.0,0.0,0
2022-04-08 05:00:00,25925.317,8.6,14.2,0.0,100,882.5,2.1,3163.37,912.0,0.0,0
2022-04-08 06:00:00,28010.852,8.3,14.5,0.0,100,882.6,2.1,3163.37,912.0,0.0,0
2022-04-08 07:00:00,28079.123,8.5,15.3,6.0,97,883.2,2.4,3163.37,912.0,0.0,0
2022-04-08 08:00:00,28694.231,10.2,12.8,118.0,43,884.6,3.6,3163.37,912.0,0.0,0
2022-04-08 09:00:00,28767.954,12.9,12.6,364.0,43,885.9,4.5,3163.37,912.0,0.0,0
2022-04-08 10:00:00,28174.715,15.6,9.8,573.0,22,886.5,5.3,3163.37,912.0,0.0,0
2022-04-08 11:00:00,27905.295,18.1,7.3,734.0,26,886.7,6.3,3163.37,912.0,0.0,0
2022-04-08 12:00:00,27629.729,20.0,6.3,834.0,19,886.5,6.0,3163.37,912.0,0.0,0
2022-04-08 13:00:00,27282.451,21.3,4.8,858.0,0,885.9,5.2,3163.37,912.0,0.0,0
2022-04-08 14:00:00,27446.199,21.7,2.2,816.0,0,885.2,4.2,3163.37,912.0,0.0,0
2022-04-08 15:00:00,28043.926,22.4,1.1,704.0,0,885.0,3.6,3163.37,912.0,0.0,0
2022-04-08 16:00:00,29050.524,22.2,3.1,533.0,0,884.6,3.0,3163.37,912.0,0.0,0
2022-04-08 17:00:00,29563.992,21.6,4.0,319.0,0,884.2,3.2,3163.37,912.0,0.0,0
2022-04-08 18:00:00,30200.485,17.4,8.4,100.0,9,882.7,7.5,3163.37,913.0,0.0,0
2022-04-08 19:00:00,29560.249,16.0,8.4,1.0,4,882.4,6.8,3163.37,913.0,0.0,0
2022-04-08 20:00:00,27836.055,15.8,10.9,0.0,29,882.6,5.6,3163.37,913.0,0.0,0
2022-04-08 21:00:00,25920.042,15.0,12.7,0.0,89,882.7,5.6,3163.37,913.0,0.0,0
2022-04-08 22:00:00,24233.688,14.8,13.4,0.0,42,882.8,5.8,3163.37,913.0,0.0,0
2022-04-08 23:00:00,22935.4,14.9,14.0,0.0,100,882.8,5.2,3163.37,913.0,0.0,0
2022-04-09 00:00:00,21968.997,15.0,16.2,0.0,100,883.4,7.5,3163.37,913.0,0.0,0
2022-04-09 01:00:00,21536.758,14.4,17.2,0.0,100,883.6,10.7,3163.37,913.0,0.0,0
2022-04-09 02:00:00,21488.503,13.5,18.7,0.0,54,883.0,10.9,3163.37,913.0,0.0,0
2022-04-09 03:00:00,21611.082,13.0,19.4,0.0,18,882.6,11.2,3163.37,913.0,0.0,0
2022-04-09 04:00:00,22112.057,12.7,18.1,0.0,8,882.7,11.1,3163.37,913.0,0.0,0
2022-04-09 05:00:00,22749.499,12.6,16.6,0.0,98,883.1,11.0,3163.37,913.0,0.0,0
2022-04-09 06:00:00,23829.386,12.8,20.9,0.0,100,883.6,11.3,3163.37,914.0,0.0,0
2022-04-09 07:00:00,25931.28,12.8,24.8,3.0,100,883.6,11.2,3163.37,914.0,0.0,0
2022-04-09 08:00:00,27899.376,13.6,25.3,63.0,100,884.4,11.7,3163.37,913.0,0.0,0
2022-04-09 09:00:00,29109.826,14.4,18.6,201.0,100,885.4,12.1,3163.37,913.0,0.0,0
2022-04-09 10:00:00,29027.775,15.0,13.2,212.0,100,885.8,12.2,3163.37,913.0,0.0,0
2022-04-09 11:00:00,28924.784,16.5,11.5,276.0,100,885.5,12.0,3163.37,913.0,0.0,0
2022-04-09 12:00:00,28882.921,15.9,17.3,270.0,100,884.8,11.4,3163.37,913.0,0.0,0
2022-04-09 13:00:00,28385.497,16.3,13.1,352.0,100,884.4,12.6,3163.37,913.0,0.0,0
2022-04-09 14:00:00,28311.537,18.8,26.0,354.0,100,884.4,10.1,3163.37,913.0,0.0,0
2022-04-09 15:00:00,28516.499,17.5,19.9,311.0,100,883.6,10.7,3163.37,913.0,0.0,0
2022-04-09 16:00:00,29011.305,17.4,11.2,279.0,29,883.2,11.7,3163.37,913.0,0.0,0
2022-04-09 17:00:00,29543.612,17.3,9.1,267.0,100,883.6,11.0,3163.37,913.0,0.0,0
2022-04-09 18:00:00,30238.256,16.0,5.0,58.0,100,883.2,11.3,3163.37,913.0,0.0,0
2022-04-09 19:00:00,29383.256,14.5,17.1,0.0,100,883.6,11.3,3163.37,913.0,0.0,0
2022-04-09 20:00:00,27410.223,13.1,16.8,0.0,100,884.0,11.9,3163.37,914.0,0.0,0
2022-04-09 21:00:00,25606.409,13.1,15.3,0.0,100,884.4,11.9,3163.37,914.0,0.0,0
2022-04-09 22:00:00,23875.739,12.9,13.9,0.0,100,884.5,11.8,3163.37,914.0,0.0,0
2022-04-09 23:00:00,22644.631,13.0,16.1,0.0,100,884.2,11.6,3163.37,913.0,0.0,0
2022-04-10 00:00:00,21661.246,12.4,11.9,0.0,100,883.5,11.4,3163.37,912.0,0.0,0
2022-04-10 01:00:00,20969.689,12.1,12.0,0.0,100,883.4,11.3,3163.37,913.0,0.0,0
2022-04-10 02:00:00,20872.725,12.3,11.0,0.0,100,883.4,11.3,3163.37,914.0,0.0,0
2022-04-10 03:00:00,20914.28,12.3,9.8,0.0,100,882.8,11.3,3163.37,914.0,0.0,0
2022-04-10 04:00:00,21205.536,12.3,10.1,0.0,100,882.6,11.3,3163.37,913.0,0.0,0
2022-04-10 05:00:00,21384.531,12.7,9.9,0.0,100,882.6,11.5,3163.37,913.0,0.0,0
2022-04-10 06:00:00,22625.132,12.7,11.2,0.0,100,882.9,11.5,3163.37,913.0,0.0,0
2022-04-10 07:00:00,24984.439,12.6,6.5,2.0,100,883.3,11.5,3163.37,914.0,0.0,0
2022-04-10 08:00:00,27254.648,12.9,10.6,11.0,100,883.8,11.7,3163.37,913.0,0.0,0
2022-04-10 09:00:00,28904.473,13.3,18.1,65.0,100,884.0,11.8,3163.37,913.0,0.0,0
2022-04-10 10:00:00,29502.728,13.9,23.7,113.0,100,884.0,10.8,3163.37,913.0,0.0,0
2022-04-10 11:00:00,29447.656,14.1,22.1,155.0,100,883.8,10.9,3163.37,913.0,0.0,0
2022-04-10 12:00:00,29552.133,15.5,30.4,391.0,84,883.5,10.3,3163.37,913.0,0.0,0
2022-04-10 13:00:00,29280.889,16.2,28.7,514.0,88,882.9,10.8,3163.37,913.0,0.0,0
2022-04-10 14:00:00,28887.19,16.2,20.4,585.0,98,882.4,11.2,3163.37,913.0,0.0,0
2022-04-10 15:00:00,28964.188,16.6,16.6,281.0,99,882.6,12.0,3163.37,913.0,0.0,0
2022-04-10 16:00:00,29514.787,15.7,17.6,207.0,83,882.1,11.6,3163.37,913.0,0.0,0
2022-04-10 17:00:00,30048.817,15.8,21.1,261.0,100,882.3,11.0,3163.37,913.0,0.0,0
2022-04-10 18:00:00,30763.336,14.4,18.9,48.0,93,882.4,11.0,3163.37,913.0,0.0,0
2022-04-10 19:00:00,29607.248,13.7,17.3,0.0,100,882.3,10.9,3163.37,913.0,0.0,0
2022-04-10 20:00:00,27583.197,13.7,19.7,0.0,100,882.8,10.9,3163.37,913.0,0.0,0
2022-04-10 21:00:00,25286.6,13.3,19.2,0.0,99,883.0,10.8,3163.37,913.0,0.0,0
2022-04-10 22:00:00,23310.315,12.7,18.9,0.0,100,883.2,10.9,3163.37,913.0,0.0,0
2022-04-10 23:00:00,22090.252,12.8,15.6,0.0,100,883.1,11.5,3163.37,913.0,0.0,0
2022-04-11 00:00:00,21111.769,12.7,16.8,0.0,100,883.0,11.6,3163.37,914.0,0.0,0
2022-04-11 01:00:00,20931.48,12.8,16.6,0.0,100,883.1,11.6,3163.37,913.0,0.0,0
2022-04-11 02:00:00,20852.672,12.8,15.7,0.0,100,882.4,11.8,3163.37,913.0,0.0,0
2022-04-11 03:00:00,21145.052,13.0,18.4,0.0,100,882.5,12.1,3163.37,914.0,0.0,0
2022-04-11 04:00:00,22713.164,12.5,13.5,0.0,99,882.2,11.8,3163.37,914.0,0.0,0
2022-04-11 05:00:00,25499.988,12.7,14.5,0.0,100,882.5,11.6,3163.37,914.0,0.0,0
2022-04-11 06:00:00,27665.114,12.6,14.0,0.0,100,882.8,11.4,3163.37,913.0,0.0,0
2022-04-11 07:00:00,27764.353,12.7,14.1,3.0,89,883.3,11.4,3163.37,914.0,0.0,0
2022-04-11 08:00:00,28791.781,13.0,13.7,82.0,100,883.8,11.1,3163.37,913.0,0.0,0
2022-04-11 09:00:00,29410.99,14.0,10.3,144.0,81,884.6,11.6,3163.37,914.0,0.0,0
2022-04-11 10:00:00,29854.03,15.3,10.2,292.0,100,885.1,11.9,3163.37,913.0,0.0,0
2022-04-11 11:00:00,29747.882,17.0,12.7,486.0,100,885.3,11.8,3163.37,914.0,0.0,0
2022-04-11 12:00:00,29407.836,17.7,12.3,441.0,99,884.7,10.9,3163.37,913.0,0.0,0
2022-04-11 13:00:00,29161.064,17.7,10.5,312.0,18,883.8,10.4,3163.37,913.0,0.0,0
2022-04-11 14:00:00,28915.954,17.9,12.8,685.0,44,884.0,11.4,3163.37,913.0,0.0,0
2022-04-11 15:00:00,29190.08,16.0,11.6,434.0,86,883.5,11.5,3163.37,913.0,0.0,0
2022-04-11 16:00:00,29654.075,17.1,5.5,297.0,76,883.2,11.7,3163.37,914.0,0.0,0
2022-04-11 17:00:00,30319.263,17.2,5.9,200.0,42,883.2,11.9,3163.37,913.0,187.0,0
2022-04-11 18:00:00,31240.954,15.3,5.9,64.0,15,882.8,12.2,3163.37,913.0,276.0,0
2022-04-11 19:00:00,29857.282,13.0,7.3,0.0,37,882.0,11.8,3163.37,912.0,241.0,2
2022-04-11 20:00:00,27523.178,13.9,3.4,0.0,15,882.8,12.3,3163.37,913.0,0.0,2
2022-04-11 21:00:00,25429.881,11.1,5.5,0.0,28,881.9,10.7,3163.37,913.0,0.0,2
2022-04-11 22:00:00,24072.252,10.7,6.5,0.0,90,881.4,10.4,3163.37,913.0,0.0,2
2022-04-11 23:00:00,22719.152,10.8,6.6,0.0,28,881.0,10.2,3163.37,913.0,0.0,2
2022-04-12 00:00:00,22135.215,10.9,6.7,0.0,4,881.1,10.0,3163.37,913.0,0.0,2
2022-04-12 01:00:00,21857.941,10.6,7.2,0.0,2,880.9,9.7,3163.37,913.0,0.0,2
2022-04-12 02:00:00,21740.896,11.0,4.7,0.0,4,881.1,10.4,3163.37,913.0,0.0,2
2022-04-12 03:00:00,21926.843,10.0,6.9,0.0,10,880.1,9.5,3163.37,913.0,0.0,2
2022-04-12 04:00:00,23211.95,9.4,7.6,0.0,3,879.9,9.1,3163.37,913.0,0.0,2
2022-04-12 05:00:00,25923.524,9.6,6.6,0.0,6,880.0,9.2,3163.37,913.0,0.0,0
2022-04-12 06:00:00,27713.777,9.8,6.4,0.0,13,880.2,9.3,3163.37,914.0,0.0,0
2022-04-12 07:00:00,27317.636,9.4,8.1,5.0,0,880.3,9.1,3163.37,913.0,0.0,0
2022-04-12 08:00:00,27676.968,12.6,4.1,133.0,3,882.2,11.3,3163.37,913.0,0.0,0
2022-04-12 09:00:00,27354.013,15.0,3.2,344.0,26,883.5,12.3,3163.37,912.0,0.0,0
2022-04-12 10:00:00,27269.423,16.9,5.4,542.0,3,883.8,12.9,3163.37,912.0,0.0,0
2022-04-12 11:00:00,27137.38,18.4,6.3,690.0,24,883.6,12.9,3163.37,912.0,0.0,0
2022-04-12 12:00:00,27000.322,19.1,6.6,685.0,37,882.9,12.1,3163.37,913.0,0.0,0
2022-04-12 13:00:00,26806.323,19.6,6.2,640.0,43,882.2,11.6,3163.37,913.0,0.0,0
2022-04-12 14:00:00,27099.152,19.4,7.4,637.0,67,881.4,11.0,3163.37,913.0,0.0,0
2022-04-12 15:00:00,27752.315,20.2,6.9,549.0,27,881.1,10.9,3163.37,912.0,0.0,0
2022-04-12 16:00:00,28651.245,20.1,7.3,466.0,95,880.7,10.8,3163.37,912.0,0.0,0
2022-04-12 17:00:00,29377.504,19.4,7.0,253.0,80,880.1,10.8,3163.37,912.0,0.0,0
2022-04-12 18:00:00,30045.053,17.5,5.8,72.0,58,879.3,11.6,3163.37,912.0,0.0,2
2022-04-12 19:00:00,29179.595,15.2,7.2,0.0,19,878.7,11.4,3163.37,912.0,0.0,2
2022-04-12 20:00:00,26820.418,14.1,6.6,0.0,25,878.7,11.3,3163.37,912.0,0.0,2
2022-04-12 21:00:00,24724.084,13.2,6.6,0.0,17,878.7,11.2,3163.37,912.0,0.0,2
2022-04-12 22:00:00,22790.035,12.7,6.6,0.0,7,878.4,10.7,3163.37,912.0,0.0,2
2022-04-12 23:00:00,21571.521,11.4,6.0,0.0,21,877.7,10.3,3163.37,912.0,0.0,2
2022-04-13 00:00:00,21111.912,10.9,5.2,0.0,37,877.5,10.0,3163.37,912.0,0.0,2
2022-04-13 01:00:00,20791.826,10.4,8.1,0.0,25,877.0,9.5,3163.37,913.0,0.0,2
2022-04-13 02:00:00,20762.738,11.0,7.2,0.0,6,876.8,9.8,3163.37,912.0,0.0,2
2022-04-13 03:00:00,21008.869,10.2,8.8,0.0,0,875.9,9.3,3163.37,913.0,0.0,2
2022-04-13 04:00:00,22332.425,9.9,8.4,0.0,3,875.7,9.2,3163.37,912.0,0.0,2
2022-04-13 05:00:00,24805.561,9.7,9.0,0.0,9,875.8,9.2,3163.37,912.0,0.0,2
2022-04-13 06:00:00,26603.72,10.0,8.0,0.0,19,876.1,9.5,3163.37,912.0,0.0,2
2022-04-13 07:00:00,26073.305,10.1,6.9,5.0,25,876.2,9.6,3163.37,912.0,0.0,2
2022-04-13 08:00:00,26640.924,13.8,4.3,127.0,35,877.9,12.0,3163.37,912.0,0.0,2
2022-04-13 09:00:00,26748.52,16.9,2.9,345.0,37,879.8,13.1,3163.37,912.0,0.0,2
2022-04-13 10:00:00,26738.427,19.1,4.8,544.0,1,880.6,12.3,3163.37,912.0,0.0,2
2022-04-13 11:00:00,26793.509,20.5,5.8,698.0,0,880.4,11.5,3163.37,912.0,0.0,2
2022-04-13 12:00:00,26762.832,21.6,5.9,791.0,26,880.2,11.1,3163.37,912.0,0.0,2
2022-04-13 13:00:00,26758.99,22.3,6.4,775.0,48,879.6,10.5,3163.37,912.0,0.0,2
2022-04-13 14:00:00,27015.825,22.5,5.8,584.0,100,878.8,9.7,3163.37,912.0,0.0,2
2022-04-13 15:00:00,27648.84,22.1,6.8,401.0,100,878.2,9.6,3163.37,911.0,0.0,2
2022-04-13 16:00:00,28288.771,22.1,6.9,372.0,54,878.2,9.7,3163.37,911.0,0.0,2
2022-04-13 17:00:00,28746.396,21.1,4.2,194.0,20,878.0,12.3,3163.37,911.0,0.0,2
2022-04-13 18:00:00,29945.348,19.1,6.1,71.0,37,877.3,12.1,3163.37,911.0,0.0,2
2022-04-13 19:00:00,29128.087,19.0,3.9,0.0,1,877.7,11.5,3163.37,910.0,0.0,2
2022-04-13 20:00:00,27369.505,15.8,4.8,0.0,0,876.5,11.8,3163.37,911.0,0.0,2
2022-04-13 21:00:00,25548.954,13.9,7.8,0.0,0,875.8,11.2,3163.37,911.0,0.0,2
2022-04-13 22:00:00,23391.204,13.5,7.7,0.0,0,875.7,10.7,3163.37,912.0,0.0,2
2022-04-13 23:00:00,22100.294,13.1,9.1,0.0,0,875.4,10.2,3163.37,912.0,0.0,2
2022-04-14 00:00:00,21515.864,12.3,10.1,0.0,0,874.9,9.9,3163.37,913.0,0.0,2
2022-04-14 01:00:00,21247.235,11.7,8.5,0.0,0,874.9,9.9,3163.37,913.0,0.0,2
2022-04-14 02:00:00,21150.198,12.2,7.6,0.0,0,875.1,10.3,3163.37,913.0,0.0,2
2022-04-14 03:00:00,21360.943,11.2,8.2,0.0,0,874.2,9.7,3163.37,913.0,0.0,2
2022-04-14 04:00:00,22252.932,11.3,6.9,0.0,0,874.1,9.6,3163.37,913.0,0.0,2
2022-04-14 05:00:00,24789.222,11.1,7.2,0.0,0,874.0,9.5,3163.37,913.0,0.0,2
2022-04-14 06:00:00,26735.596,11.0,7.3,0.0,0,874.2,9.2,3163.37,913.0,0.0,2
2022-04-14 07:00:00,26677.512,11.2,7.3,5.0,0,874.6,9.2,3163.37,913.0,0.0,2
2022-04-14 08:00:00,27325.879,14.5,10.9,134.0,0,876.5,10.5,3163.37,913.0,0.0,2
2022-04-14 09:00:00,27451.273,17.2,10.4,351.0,0,878.4,11.8,3163.37,913.0,0.0,2
2022-04-14 10:00:00,27323.312,19.6,11.2,550.0,0,879.1,11.9,3163.37,913.0,0.0,2
2022-04-14 11:00:00,27239.226,21.7,11.9,704.0,0,879.4,11.9,3163.37,913.0,0.0,2
2022-04-14 12:00:00,26950.581,22.9,13.2,798.0,0,879.2,10.8,3163.37,913.0,0.0,2
2022-04-14 13:00:00,26880.069,23.6,12.8,823.0,0,878.7,9.9,3163.37,913.0,0.0,2
2022-04-14 14:00:00,26770.688,24.3,12.5,780.0,30,878.2,8.7,3163.37,913.0,0.0,2
2022-04-14 15:00:00,26765.295,24.4,10.9,670.0,28,877.7,9.5,3163.37,913.0,0.0,2
2022-04-14 16:00:00,27038.326,24.1,8.6,496.0,42,877.6,10.1,3163.37,913.0,0.0,2
2022-04-14 17:00:00,27499.539,22.9,4.5,283.0,0,877.0,13.7,3163.37,913.0,0.0,2
2022-04-14 18:00:00,28542.597,18.4,9.2,77.0,0,875.3,12.2,3163.37,913.0,0.0,2
2022-04-14 19:00:00,27927.047,17.3,8.2,0.0,1,875.0,11.5,3163.37,913.0,0.0,2
2022-04-14 20:00:00,26560.353,16.8,10.3,0.0,28,875.4,10.4,3163.37,913.0,0.0,2
2022-04-14 21:00:00,25002.908,16.5,12.5,0.0,18,876.2,10.7,3163.37,913.0,0.0,2
2022-04-14 22:00:00,23225.389,15.3,10.5,0.0,17,875.9,11.1,3163.37,913.0,0.0,2
2022-04-14 23:00:00,21881.783,14.2,8.3,0.0,29,875.8,10.8,3163.37,914.0,0.0,2
2022-04-15 00:00:00,20779.522,13.6,8.3,0.0,36,875.6,10.2,3163.37,914.0,0.0,2
2022-04-15 01:00:00,20308.216,13.4,9.0,0.0,78,875.4,9.8,3163.37,914.0,0.0,2
2022-04-15 02:00:00,20135.588,13.6,9.7,0.0,45,875.5,9.6,3163.37,914.0,0.0,2
2022-04-15 03:00:00,20193.976,13.2,9.7,0.0,0,875.3,9.5,3163.37,914.0,0.0,2
2022-04-15 04:00:00,20515.735,13.0,11.7,0.0,13,875.0,9.3,3163.37,914.0,0.0,2
2022-04-15 05:00:00,21153.065,12.6,10.8,0.0,0,875.6,9.1,3163.37,914.0,0.0,2
2022-04-15 06:00:00,22154.505,10.5,8.5,0.0,12,875.9,9.0,3163.37,914.0,0.0,0
2022-04-15 07:00:00,23985.674,11.3,5.2,4.0,35,876.8,9.6,3163.37,913.0,0.0,0
2022-04-15 08:00:00,24984.717,14.6,8.3,116.0,22,878.6,10.5,3163.37,913.0,0.0,0
2022-04-15 09:00:00,25378.582,17.2,7.9,325.0,33,880.3,11.4,3163.37,912.0,0.0,0
2022-04-15 10:00:00,25428.674,19.4,6.3,532.0,71,880.9,12.1,3163.37,912.0,0.0,0
2022-04-15 11:00:00,25025.563,21.0,6.2,679.0,68,881.3,12.6,3163.37,912.0,0.0,0
2022-04-15 12:00:00,24738.756,22.4,6.9,763.0,81,881.2,13.2,3163.37,912.0,0.0,0
2022-04-15 13:00:00,24307.553,20.5,15.2,700.0,76,880.6,13.4,3163.37,912.0,0.0,0
2022-04-15 14:00:00,24255.824,22.8,13.2,565.0,91,881.1,8.6,3163.37,912.0,0.0,0
2022-04-15 15:00:00,24345.337,22.8,10.0,608.0,99,880.9,7.4,3163.37,912.0,0.0,0
2022-04-15 16:00:00,24860.695,21.5,13.0,291.0,100,880.9,5.7,3163.37,912.0,0.0,0
2022-04-15 17:00:00,25440.756,19.6,6.4,70.0,100,880.6,7.5,3163.37,912.0,0.0,0
2022-04-15 18:00:00,26402.11,18.3,7.2,11.0,100,880.6,7.6,3163.37,912.0,0.0,0
2022-04-15 19:00:00,25671.447,17.6,6.1,0.0,100,880.6,7.3,3163.37,912.0,0.0,0
2022-04-15 20:00:00,24528.509,15.9,7.4,0.0,100,880.4,7.8,3163.37,912.0,0.0,0
2022-04-15 21:00:00,23243.899,16.3,15.8,0.0,93,882.0,8.4,3163.37,912.0,0.0,0
2022-04-15 22:00:00,21963.292,15.0,11.6,0.0,96,882.5,10.0,3163.37,912.0,0.0,0
2022-04-15 23:00:00,20836.928,14.7,10.0,0.0,100,882.4,10.5,3163.37,912.0,0.0,0
2022-04-16 00:00:00,20413.327,14.5,9.7,0.0,100,882.2,10.9,3163.37,912.0,0.0,0
2022-04-16 01:00:00,19799.533,13.9,8.9,0.0,100,882.0,11.2,3163.37,912.0,0.0,0
2022-04-16 02:00:00,19557.924,12.9,4.5,0.0,100,882.6,11.9,3163.37,912.0,0.0,0
2022-04-16 03:00:00,19681.961,13.2,7.0,0.0,100,882.4,12.0,3163.37,912.0,0.0,0
2022-04-16 04:00:00,20093.869,12.9,5.0,0.0,100,882.1,12.1,3163.37,912.0,0.0,0
2022-04-16 05:00:00,20265.244,13.2,7.2,0.0,100,882.4,12.3,3163.37,912.0,0.0,0
2022-04-16 06:00:00,21270.762,13.5,11.0,0.0,99,883.0,12.1,3163.37,912.0,0.0,0
2022-04-16 07:00:00,23127.108,13.6,14.0,3.0,69,883.6,12.1,3163.37,912.0,0.0,0
2022-04-16 08:00:00,25335.439,15.1,11.0,112.0,98,884.8,12.6,3163.37,912.0,0.0,0
2022-04-16 09:00:00,26452.741,16.6,12.3,251.0,11,886.1,12.6,3163.37,912.0,0.0,0
2022-04-16 10:00:00,26893.394,18.4,17.1,513.0,3,886.7,12.6,3163.37,912.0,0.0,0
2022-04-16 11:00:00,27104.442,19.7,18.8,670.0,7,886.6,12.4,3163.37,912.0,0.0,0
2022-04-16 12:00:00,27140.824,20.9,18.4,762.0,24,886.2,12.3,3163.37,912.0,0.0,0
2022-04-16 13:00:00,26846.292,21.6,19.3,742.0,57,885.5,11.8,3163.37,912.0,0.0,0
2022-04-16 14:00:00,26907.659,20.7,18.3,609.0,100,885.2,10.7,3163.37,912.0,0.0,0
2022-04-16 15:00:00,26887.928,19.8,14.5,390.0,100,885.1,11.1,3163.37,912.0,0.0,0
2022-04-16 16:00:00,27449.519,16.6,4.8,233.0,100,884.7,12.3,3163.37,912.0,0.0,0
2022-04-16 17:00:00,26696.817,16.1,9.3,116.0,99,885.1,12.2,3163.37,912.0,0.0,0
2022-04-16 18:00:00,28810.456,14.9,7.9,28.0,71,884.7,13.2,3163.37,912.0,0.0,0
2022-04-16 19:00:00,27794.503,13.7,6.8,0.0,100,885.2,12.8,3163.37,912.0,0.0,0
2022-04-16 20:00:00,26080.225,13.8,9.5,0.0,84,885.0,12.3,3163.37,912.0,0.0,0
2022-04-16 21:00:00,24368.879,13.5,12.1,0.0,38,885.3,12.3,3163.37,912.0,0.0,0
2022-04-16 22:00:00,22634.531,13.4,12.3,0.0,70,885.7,12.3,3163.37,912.0,0.0,0
2022-04-16 23:00:00,21281.605,13.4,17.4,0.0,99,885.6,11.8,3163.37,912.0,0.0,0
2022-04-17 00:00:00,20380.295,13.3,15.0,0.0,23,885.4,12.0,3163.37,914.0,0.0,0
2022-04-17 01:00:00,19747.296,12.5,14.5,0.0,5,885.2,11.7,3163.37,914.0,0.0,0
2022-04-17 02:00:00,19534.592,12.5,13.3,0.0,3,884.9,11.4,3163.37,913.0,0.0,0
2022-04-17 03:00:00,19816.231,12.2,12.0,0.0,26,884.3,11.3,3163.37,914.0,0.0,0
2022-04-17 04:00:00,20277.284,12.2,14.7,0.0,41,883.8,11.3,3163.37,914.0,0.0,0
2022-04-17 05:00:00,20602.779,12.3,14.5,0.0,100,884.0,11.5,3163.37,914.0,0.0,0
2022-04-17 06:00:00,21536.975,12.6,14.2,0.0,99,884.4,11.8,3163.37,914.0,0.0,0
2022-04-17 07:00:00,23735.322,12.7,14.2,3.0,100,884.5,11.9,3163.37,914.0,0.0,0
2022-04-17 08:00:00,26122.588,13.8,16.4,70.0,54,885.1,12.1,3163.37,914.0,0.0,0
2022-04-17 09:00:00,27341.401,15.6,16.2,299.0,100,886.1,12.8,3163.37,914.0,0.0,0
2022-04-17 10:00:00,27721.652,15.8,15.4,225.0,74,886.2,12.6,3163.37,914.0,0.0,0
2022-04-17 11:00:00,27607.591,17.0,15.5,408.0,100,886.4,12.7,3163.37,914.0,0.0,0
2022-04-17 12:00:00,27432.575,17.1,13.7,286.0,100,885.9,12.6,3163.37,914.0,0.0,0
2022-04-17 13:00:00,27139.789,19.0,13.8,584.0,100,885.0,12.9,3163.37,914.0,0.0,0
2022-04-17 14:00:00,26940.449,19.6,6.6,465.0,100,885.1,11.5,3163.37,914.0,0.0,0
2022-04-17 15:00:00,26902.314,18.4,5.8,228.0,70,884.2,11.8,3163.37,914.0,0.0,0
2022-04-17 16:00:00,27291.949,16.9,7.2,253.0,80,884.3,11.6,3163.37,914.0,0.0,2
2022-04-17 17:00:00,27985.169,16.6,1.5,135.0,33,883.9,11.5,3163.37,914.0,0.0,2
2022-04-17 18:00:00,28996.773,14.7,8.4,60.0,39,883.4,11.9,3163.37,914.0,0.0,2
2022-04-17 19:00:00,28154.547,12.5,7.6,0.0,25,882.7,11.5,3163.37,914.0,0.0,2
2022-04-17 20:00:00,26362.57,11.9,6.1,0.0,13,883.2,11.1,3163.37,913.0,0.0,2
2022-04-17 21:00:00,24617.419,10.9,7.9,0.0,16,883.2,10.3,3163.37,914.0,0.0,2
2022-04-17 22:00:00,23461.655,10.5,7.4,0.0,4,883.2,9.9,3163.37,914.0,0.0,2
2022-04-17 23:00:00,22289.428,10.3,6.8,0.0,0,883.2,9.7,3163.37,914.0,0.0,2
2022-04-18 00:00:00,21039.411,9.7,7.9,0.0,0,882.9,9.4,3163.37,914.0,0.0,2
2022-04-18 01:00:00,20533.599,9.1,8.4,0.0,0,882.5,9.0,3163.37,914.0,0.0,2
2022-04-18 02:00:00,20354.018,9.1,6.9,0.0,0,882.8,9.1,3163.37,914.0,0.0,2
2022-04-18 03:00:00,20186.578,8.3,8.5,0.0,1,882.1,8.3,3163.37,914.0,0.0,2
2022-04-18 04:00:00,20548.13,8.5,5.3,0.0,100,882.1,8.5,3163.37,914.0,0.0,2
2022-04-18 05:00:00,20826.632,9.3,2.4,0.0,100,882.6,9.3,3163.37,914.0,0.0,2
2022-04-18 06:00:00,22132.316,9.7,2.0,0.0,100,883.2,9.6,3163.37,914.0,0.0,2
2022-04-18 07:00:00,24280.564,9.7,3.6,2.0,100,884.0,9.6,3163.37,914.0,0.0,2
2022-04-18 08:00:00,26366.195,10.1,3.1,60.0,100,884.9,9.9,3163.37,914.0,0.0,2
2022-04-18 09:00:00,27702.853,11.0,3.5,142.0,100,885.6,10.5,3163.37,913.0,0.0,2
2022-04-18 10:00:00,28166.632,13.3,4.6,313.0,100,886.6,11.3,3163.37,913.0,0.0,2
2022-04-18 11:00:00,28163.086,15.3,5.5,444.0,100,887.2,11.2,3163.37,913.0,0.0,2
2022-04-18 12:00:00,27981.816,17.0,6.3,564.0,100,887.1,10.6,3163.37,913.0,0.0,2
2022-04-18 13:00:00,27654.759,17.8,7.1,544.0,59,886.5,10.0,3163.37,913.0,0.0,2
2022-04-18 14:00:00,27331.578,18.1,10.0,618.0,46,886.3,9.3,3163.37,913.0,0.0,2
2022-04-18 15:00:00,27328.81,18.5,8.4,476.0,65,886.1,9.1,3163.37,914.0,0.0,2
2022-04-18 16:00:00,27975.979,18.6,7.1,398.0,48,885.8,8.6,3163.37,914.0,0.0,2
2022-04-18 17:00:00,28689.54,18.1,5.1,249.0,8,885.6,9.3,3163.37,914.0,0.0,2
2022-04-18 18:00:00,30087.392,14.0,8.9,64.0,1,883.9,9.7,3163.37,914.0,0.0,2
2022-04-18 19:00:00,29280.756,12.5,10.0,0.0,0,883.5,9.3,3163.37,914.0,0.0,2
2022-04-18 20:00:00,27043.188,12.0,9.5,0.0,0,883.9,9.1,3163.37,914.0,0.0,2
2022-04-18 21:00:00,24748.343,11.3,8.9,0.0,17,884.1,8.9,3163.37,913.0,0.0,2
2022-04-18 22:00:00,22834.856,11.2,9.3,0.0,8,884.5,8.4,3163.37,913.0,0.0,2
2022-04-18 23:00:00,21478.908,11.3,8.0,0.0,0,884.8,8.2,3163.37,913.0,0.0,2
2022-04-19 00:00:00,20902.963,9.9,8.8,0.0,0,884.3,8.1,3163.37,914.0,0.0,2
2022-04-19 01:00:00,20659.759,10.6,6.1,0.0,0,884.5,8.3,3163.37,914.0,0.0,2
2022-04-19 02:00:00,20567.133,9.7,6.9,0.0,0,884.5,8.0,3163.37,914.0,0.0,2
2022-04-19 03:00:00,20817.067,9.6,8.9,0.0,0,884.1,7.8,3163.37,914.0,0.0,2
2022-04-19 04:00:00,22323.549,9.3,8.1,0.0,0,883.6,7.5,3163.37,914.0,0.0,2
2022-04-19 05:00:00,24765.896,8.8,7.7,0.0,0,883.9,7.1,3163.37,914.0,0.0,2
2022-04-19 06:00:00,27175.313,8.7,7.6,0.0,0,883.5,7.0,3163.37,914.0,0.0,2
2022-04-19 07:00:00,27600.029,8.7,7.5,3.0,0,883.8,7.1,3163.37,914.0,0.0,2
2022-04-19 08:00:00,28764.645,11.6,8.6,123.0,0,885.6,8.5,3163.37,914.0,0.0,4
2022-04-19 09:00:00,29324.258,14.6,5.9,334.0,0,887.7,9.9,3163.37,914.0,0.0,4
2022-04-19 10:00:00,29585.448,17.2,5.8,531.0,0,888.3,10.8,3163.37,914.0,0.0,4
2022-04-19 11:00:00,29427.685,19.0,4.1,682.0,0,888.6,10.9,3163.37,914.0,0.0,4
2022-04-19 12:00:00,29244.901,20.2,2.6,771.0,0,888.4,10.4,3163.37,913.0,0.0,4
2022-04-19 13:00:00,29216.795,21.0,1.1,793.0,0,888.0,10.2,3163.37,913.0,0.0,4
2022-04-19 14:00:00,29211.276,21.5,2.5,745.0,0,887.6,9.0,3163.37,914.0,0.0,4
2022-04-19 15:00:00,29622.639,21.8,3.0,631.0,0,887.3,9.1,3163.37,914.0,0.0,4
2022-04-19 16:00:00,30060.47,21.5,2.9,463.0,2,887.0,8.7,3163.37,914.0,0.0,4
2022-04-19 17:00:00,30577.632,20.5,2.3,257.0,7,886.7,11.5,3163.37,914.0,0.0,4
2022-04-19 18:00:00,31742.417,19.7,3.7,60.0,10,886.4,9.4,3163.37,914.0,0.0,4
2022-04-19 19:00:00,30763.296,18.4,2.1,0.0,3,886.4,9.7,3163.37,914.0,0.0,4
2022-04-19 20:00:00,28525.625,17.1,2.6,0.0,5,886.5,9.8,3163.37,914.0,0.0,4
2022-04-19 21:00:00,26395.628,16.1,3.7,0.0,0,886.5,9.7,3163.37,913.0,0.0,4
2022-04-19 22:00:00,24506.085,13.0,6.0,0.0,0,885.3,9.4,3163.37,913.0,0.0,4
2022-04-19 23:00:00,23229.411,11.6,7.2,0.0,0,885.0,9.9,3163.37,913.0,0.0,4
2022-04-20 00:00:00,22064.708,10.8,10.6,0.0,0,884.4,9.0,3163.37,914.0,0.0,4
2022-04-20 01:00:00,21784.596,11.0,9.5,0.0,0,884.3,8.7,3163.37,914.0,0.0,4
2022-04-20 02:00:00,21687.536,11.5,7.6,0.0,0,884.6,8.7,3163.37,914.0,0.0,4
2022-04-20 03:00:00,22077.702,10.6,8.7,0.0,0,883.6,8.4,3163.37,914.0,0.0,4
2022-04-20 04:00:00,23357.842,10.2,8.7,0.0,0,883.2,8.2,3163.37,914.0,0.0,4
2022-04-20 05:00:00,25671.283,10.6,9.4,0.0,0,884.1,8.3,3163.37,914.0,0.0,4
2022-04-20 06:00:00,28054.747,10.0,9.0,0.0,0,884.0,8.1,3163.37,914.0,0.0,4
2022-04-20 07:00:00,27863.317,9.7,9.5,3.0,0,884.8,8.0,3163.37,914.0,0.0,4
2022-04-20 08:00:00,28467.815,12.1,12.3,120.0,0,886.5,8.9,3163.37,914.0,0.0,4
2022-04-20 09:00:00,28385.697,14.5,12.3,329.0,0,888.1,9.3,3163.37,913.0,0.0,4
2022-04-20 10:00:00,28289.732,16.7,12.3,524.0,0,888.7,10.0,3163.37,913.0,0.0,4
2022-04-20 11:00:00,27984.624,18.6,13.0,674.0,0,888.7,10.7,3163.37,913.0,0.0,4
2022-04-20 12:00:00,27845.092,20.0,12.6,764.0,0,888.3,10.9,3163.37,913.0,0.0,4
2022-04-20 13:00:00,27784.45,20.9,11.9,786.0,0,887.5,10.7,3163.37,913.0,0.0,4
2022-04-20 14:00:00,27928.349,21.9,11.2,739.0,0,887.0,9.8,3163.37,913.0,0.0,4
2022-04-20 15:00:00,28500.862,22.1,10.1,632.0,43,886.5,9.4,3163.37,913.0,0.0,4
2022-04-20 16:00:00,29092.111,21.8,9.4,463.0,12,885.9,8.9,3163.37,913.0,0.0,4
2022-04-20 17:00:00,30109.517,20.5,5.4,258.0,2,885.4,11.1,3163.37,913.0,0.0,4
2022-04-20 18:00:00,31422.977,17.4,8.7,60.0,0,884.4,10.1,3163.37,914.0,0.0,4
2022-04-20 19:00:00,30061.749,15.3,10.1,0.0,0,884.0,9.4,3163.37,913.0,0.0,4
2022-04-20 20:00:00,27909.172,13.5,10.5,0.0,0,883.6,8.8,3163.37,913.0,0.0,4
2022-04-20 21:00:00,25769.48,12.2,11.0,0.0,0,883.5,8.6,3163.37,913.0,0.0,4
2022-04-20 22:00:00,23803.668,11.6,9.9,0.0,0,883.4,8.6,3163.37,913.0,0.0,4
2022-04-20 23:00:00,22551.55,11.7,8.7,0.0,0,883.2,8.4,3163.37,913.0,0.0,3
2022-04-21 00:00:00,22054.844,11.3,8.7,0.0,0,882.7,8.1,3163.37,913.0,0.0,3
2022-04-21 01:00:00,21725.656,11.0,9.4,0.0,0,882.4,8.2,3163.37,913.0,0.0,3
2022-04-21 02:00:00,21654.283,11.0,9.7,0.0,0,882.3,8.3,3163.37,913.0,0.0,3
2022-04-21 03:00:00,21938.015,10.6,9.5,0.0,3,882.1,7.8,3163.37,914.0,0.0,3
2022-04-21 04:00:00,23234.031,9.5,9.4,0.0,18,881.5,7.6,3163.37,914.0,0.0,3
2022-04-21 05:00:00,25920.028,9.0,8.8,0.0,57,881.5,7.5,3163.37,914.0,0.0,3
2022-04-21 06:00:00,28015.464,9.3,7.4,0.0,74,881.9,7.6,3163.37,914.0,0.0,3
2022-04-21 07:00:00,27796.785,9.5,7.5,3.0,94,882.3,7.7,3163.37,914.0,0.0,3
2022-04-21 08:00:00,28301.402,12.8,10.2,116.0,96,884.2,8.9,3163.37,913.0,0.0,3
2022-04-21 09:00:00,28187.408,15.9,6.6,322.0,100,886.2,10.4,3163.37,913.0,0.0,3
2022-04-21 10:00:00,28033.106,18.2,8.0,514.0,100,886.9,10.4,3163.37,913.0,0.0,3
2022-04-21 11:00:00,27987.954,20.0,9.0,658.0,99,886.9,9.6,3163.37,913.0,0.0,3
2022-04-21 12:00:00,27782.129,21.3,10.1,744.0,92,886.5,8.8,3163.37,913.0,0.0,3
2022-04-21 13:00:00,27579.094,22.0,10.8,765.0,81,886.1,9.2,3163.37,913.0,0.0,3
2022-04-21 14:00:00,27738.013,23.0,11.7,716.0,93,885.5,9.3,3163.37,913.0,0.0,3
2022-04-21 15:00:00,28143.483,23.2,10.8,611.0,77,885.1,8.6,3163.37,913.0,0.0,3
2022-04-21 16:00:00,28552.741,22.7,10.5,436.0,50,884.3,8.1,3163.37,913.0,0.0,3
2022-04-21 17:00:00,29629.78,21.2,5.5,246.0,26,883.8,11.3,3163.37,913.0,0.0,3
2022-04-21 18:00:00,30890.072,17.7,9.4,55.0,11,882.4,10.3,3163.37,913.0,0.0,3
2022-04-21 19:00:00,29584.718,16.1,8.2,0.0,2,881.9,9.5,3163.37,913.0,0.0,3
2022-04-21 20:00:00,27545.551,15.5,8.2,0.0,5,882.0,8.5,3163.37,913.0,0.0,3
2022-04-21 21:00:00,25352.9,14.7,8.9,0.0,8,882.0,8.6,3163.37,913.0,0.0,3
2022-04-21 22:00:00,23493.721,14.2,9.4,0.0,0,882.1,9.1,3163.37,913.0,0.0,3
2022-04-21 23:00:00,22250.116,13.4,8.5,0.0,0,881.8,9.4,3163.37,913.0,0.0,2
2022-04-22 00:00:00,21949.072,12.2,7.4,0.0,0,881.3,9.6,3163.37,913.0,0.0,2
2022-04-22 01:00:00,21627.59,11.6,9.5,0.0,6,880.9,9.2,3163.37,913.0,0.0,2
2022-04-22 02:00:00,21578.205,11.8,6.0,0.0,21,880.9,9.1,3163.37,913.0,0.0,2
2022-04-22 03:00:00,21775.232,11.6,8.8,0.0,0,880.8,9.1,3163.37,913.0,0.0,2
2022-04-22 04:00:00,23168.685,11.3,8.1,0.0,0,880.3,9.1,3163.37,913.0,0.0,2
2022-04-22 05:00:00,25671.041,10.8,7.4,0.0,0,880.0,8.9,3163.37,913.0,0.0,2
2022-04-22 06:00:00,27558.575,10.4,7.2,0.0,7,880.1,8.7,3163.37,913.0,0.0,2
2022-04-22 07:00:00,27508.25,10.5,7.4,2.0,39,880.3,8.8,3163.37,913.0,0.0,2
2022-04-22 08:00:00,28101.309,13.4,9.7,108.0,5,881.7,9.7,3163.37,913.0,0.0,2
2022-04-22 09:00:00,28019.861,16.4,7.9,315.0,0,883.4,11.0,3163.37,913.0,0.0,2
2022-04-22 10:00:00,27824.27,18.8,8.5,510.0,0,884.1,11.5,3163.37,913.0,0.0,2
2022-04-22 11:00:00,27640.878,20.8,8.4,657.0,0,884.1,11.6,3163.37,913.0,0.0,2
2022-04-22 12:00:00,27427.665,22.0,10.3,744.0,11,883.8,10.6,3163.37,913.0,0.0,2
2022-04-22 13:00:00,27104.578,22.3,12.6,698.0,17,883.1,10.5,3163.37,913.0,0.0,2
2022-04-22 14:00:00,27149.728,23.0,14.8,626.0,9,882.3,9.7,3163.37,913.0,0.0,2
2022-04-22 15:00:00,27382.602,22.9,14.7,598.0,6,881.9,9.8,3163.37,913.0,0.0,2
2022-04-22 16:00:00,28050.143,22.6,12.4,431.0,17,881.5,9.5,3163.37,913.0,0.0,2
2022-04-22 17:00:00,28415.62,21.3,5.6,214.0,10,880.8,11.4,3163.37,913.0,0.0,2
2022-04-22 18:00:00,29591.43,17.4,9.7,50.0,15,879.2,11.1,3163.37,913.0,0.0,2
2022-04-22 19:00:00,28591.592,16.8,7.1,0.0,27,879.4,10.9,3163.37,913.0,0.0,2
2022-04-22 20:00:00,26907.224,16.1,7.9,0.0,23,879.6,10.9,3163.37,913.0,0.0,2
2022-04-22 21:00:00,25388.524,15.4,7.9,0.0,36,879.7,10.8,3163.37,913.0,0.0,2
2022-04-22 22:00:00,23857.62,15.2,9.4,0.0,17,879.8,11.0,3163.37,913.0,0.0,2
2022-04-22 23:00:00,22725.432,14.6,10.6,0.0,14,879.7,11.4,3163.37,913.0,0.0,0
2022-04-23 00:00:00,21657.346,14.3,11.5,0.0,16,879.3,11.5,3163.37,913.0,0.0,0
2022-04-23 01:00:00,21233.153,14.3,13.9,0.0,2,879.1,11.5,3163.37,913.0,0.0,0
2022-04-23 02:00:00,20998.205,13.6,9.7,0.0,37,879.3,11.9,3163.37,913.0,0.0,0
2022-04-23 03:00:00,21063.494,13.8,10.7,0.0,32,879.2,12.0,3163.37,913.0,0.0,0
2022-04-23 04:00:00,21514.356,13.5,12.0,0.0,10,878.8,12.2,3163.37,913.0,0.0,0
2022-04-23 05:00:00,22408.998,12.9,10.7,0.0,38,878.6,12.1,3163.37,913.0,0.0,0
2022-04-23 06:00:00,23708.973,12.9,13.2,0.0,2,879.0,12.1,3163.37,913.0,0.0,0
2022-04-23 07:00:00,25740.55,12.9,13.4,2.0,0,879.3,12.1,3163.37,914.0,0.0,0
2022-04-23 08:00:00,27351.831,14.6,14.3,109.0,0,880.1,12.9,3163.37,913.0,0.0,0
2022-04-23 09:00:00,27823.208,16.7,14.0,312.0,9,881.2,13.5,3163.37,913.0,0.0,0
2022-04-23 10:00:00,27535.243,18.7,15.1,488.0,19,881.6,13.8,3163.37,913.0,0.0,0
2022-04-23 11:00:00,27363.228,20.0,13.3,610.0,27,881.6,14.0,3163.37,913.0,0.0,0
2022-04-23 12:00:00,26898.449,19.9,15.6,639.0,61,880.7,13.7,3163.37,913.0,0.0,0
2022-04-23 13:00:00,26612.02,21.5,12.0,544.0,100,879.6,12.7,3163.37,913.0,0.0,0
2022-04-23 14:00:00,26393.408,15.1,6.9,189.0,37,878.4,12.9,3163.37,913.0,0.0,0
2022-04-23 15:00:00,26453.309,19.9,8.0,492.0,34,878.9,13.3,3163.37,913.0,0.0,0
2022-04-23 16:00:00,27118.917,20.3,10.1,381.0,34,879.0,12.8,3163.37,913.0,0.0,0
2022-04-23 17:00:00,28019.2,17.3,12.4,186.0,45,878.6,12.9,3163.37,913.0,0.0,0
2022-04-23 18:00:00,28947.869,15.6,5.2,36.0,38,878.2,13.2,3163.37,913.0,0.0,0
2022-04-23 19:00:00,27892.029,14.1,6.9,0.0,33,877.8,12.9,3163.37,913.0,0.0,0
2022-04-23 20:00:00,26348.051,13.7,6.0,0.0,48,877.9,12.7,3163.37,913.0,0.0,0
2022-04-23 21:00:00,24607.865,12.9,7.4,0.0,84,878.1,12.2,3163.37,913.0,0.0,0
2022-04-23 22:00:00,23236.436,13.9,5.7,0.0,34,878.9,12.5,3163.37,913.0,0.0,0
2022-04-23 23:00:00,21961.702,13.0,9.2,0.0,13,878.2,12.2,3163.37,913.0,0.0,0
2022-04-24 00:00:00,21127.657,12.4,8.0,0.0,31,877.7,11.9,3163.37,913.0,0.0,0
2022-04-24 01:00:00,20764.657,12.5,11.4,0.0,2,877.1,11.9,3163.37,914.0,0.0,0
2022-04-24 02:00:00,20541.606,11.9,6.3,0.0,37,877.6,11.5,3163.37,914.0,0.0,0
2022-04-24 03:00:00,20624.876,11.3,5.1,0.0,36,876.9,10.9,3163.37,913.0,0.0,0
2022-04-24 04:00:00,20889.522,11.6,5.2,0.0,82,876.5,11.1,3163.37,913.0,0.0,0
2022-04-24 05:00:00,21284.839,12.1,4.8,0.0,40,876.8,11.2,3163.37,914.0,0.0,0
2022-04-24 06:00:00,22481.834,11.7,6.1,0.0,63,876.4,11.0,3163.37,914.0,0.0,0
2022-04-24 07:00:00,24665.044,11.9,6.4,1.0,98,876.9,11.2,3163.37,914.0,0.0,0
2022-04-24 08:00:00,26526.465,12.7,3.4,29.0,91,878.0,12.0,3163.37,914.0,0.0,0
2022-04-24 09:00:00,27230.139,14.5,7.4,170.0,94,879.1,12.8,3163.37,914.0,0.0,0
2022-04-24 10:00:00,27069.424,16.3,10.2,368.0,100,879.5,13.2,3163.37,914.0,0.0,0
2022-04-24 11:00:00,26707.82,16.2,5.9,285.0,100,879.5,13.2,3163.37,914.0,0.0,0
2022-04-24 12:00:00,26336.101,16.9,6.5,251.0,65,879.0,12.7,3163.37,914.0,0.0,0
2022-04-24 13:00:00,26123.199,19.7,16.1,575.0,64,878.5,12.7,3163.37,913.0,0.0,0
2022-04-24 14:00:00,25906.413,19.9,12.6,503.0,87,878.1,13.2,3163.37,913.0,0.0,0
2022-04-24 15:00:00,26072.973,15.6,5.4,172.0,34,877.4,13.5,3163.37,913.0,0.0,0
2022-04-24 16:00:00,26768.111,17.7,7.2,328.0,36,878.3,13.9,3163.37,913.0,0.0,0
2022-04-24 17:00:00,28153.467,17.4,13.0,180.0,34,878.2,12.2,3163.37,913.0,0.0,0
2022-04-24 18:00:00,29285.074,15.1,7.2,45.0,5,877.9,11.9,3163.37,913.0,0.0,0
2022-04-24 19:00:00,28278.997,12.9,7.6,0.0,10,877.8,11.4,3163.37,913.0,0.0,0
2022-04-24 20:00:00,26464.457,12.0,9.4,0.0,1,878.0,10.6,3163.37,913.0,0.0,0
2022-04-24 21:00:00,24217.21,12.3,9.0,0.0,0,879.0,10.4,3163.37,913.0,0.0,0
2022-04-24 22:00:00,22347.313,11.6,10.3,0.0,3,879.5,9.1,3163.37,913.0,0.0,0
2022-04-24 23:00:00,21271.983,10.8,11.2,0.0,0,879.6,7.3,3163.37,913.0,0.0,0
2022-04-25 00:00:00,20597.19,9.9,12.5,0.0,0,879.5,5.4,3163.37,913.0,0.0,0
2022-04-25 01:00:00,20487.412,8.9,11.8,0.0,0,879.4,4.3,3163.37,913.0,0.0,0
2022-04-25 02:00:00,20344.956,7.8,11.5,0.0,0,879.5,3.2,3163.37,913.0,0.0,0
2022-04-25 03:00:00,20655.148,6.4,8.0,0.0,0,878.9,3.0,3163.37,913.0,0.0,0
2022-04-25 04:00:00,22276.616,5.2,7.1,0.0,0,878.6,2.9,3163.37,913.0,0.0,0
2022-04-25 05:00:00,25162.512,4.4,6.9,0.0,0,878.7,2.7,3163.37,913.0,0.0,0
2022-04-25 06:00:00,27387.039,3.5,8.7,0.0,0,878.7,2.2,3163.37,913.0,0.0,0
2022-04-25 07:00:00,27183.669,3.2,8.0,2.0,0,879.3,2.2,3163.37,913.0,0.0,0
2022-04-25 08:00:00,27784.097,6.5,5.5,118.0,0,881.7,3.9,3163.37,913.0,0.0,0
2022-04-25 09:00:00,28166.441,9.1,4.8,334.0,0,883.5,5.2,3163.37,913.0,0.0,0
2022-04-25 10:00:00,28061.351,11.6,5.1,534.0,0,883.9,6.8,3163.37,913.0,0.0,0
2022-04-25 11:00:00,27991.775,13.5,7.6,685.0,0,884.2,7.4,3163.37,913.0,0.0,0
2022-04-25 12:00:00,28012.063,14.6,8.3,770.0,1,884.0,6.1,3163.37,913.0,0.0,0
2022-04-25 13:00:00,27706.705,15.5,6.9,789.0,0,883.5,5.3,3163.37,913.0,0.0,0
2022-04-25 14:00:00,27876.914,16.2,8.3,741.0,1,883.1,5.1,3163.37,913.0,0.0,0
2022-04-25 15:00:00,28674.141,16.4,7.9,620.0,7,882.7,4.6,3163.37,913.0,0.0,0
2022-04-25 16:00:00,29445.605,16.2,7.6,447.0,3,882.6,4.2,3163.37,913.0,0.0,0
2022-04-25 17:00:00,30585.49,15.3,4.9,243.0,0,882.3,5.4,3163.37,913.0,0.0,0
2022-04-25 18:00:00,31833.564,13.0,6.7,49.0,0,881.6,5.3,3163.37,913.0,0.0,0
2022-04-25 19:00:00,30431.166,13.2,5.4,0.0,0,882.5,4.9,3163.37,913.0,0.0,0
2022-04-25 20:00:00,28267.645,10.2,8.0,0.0,0,881.7,5.2,3163.37,914.0,0.0,0
2022-04-25 21:00:00,26152.384,8.6,8.4,0.0,0,881.7,4.4,3163.37,914.0,0.0,0
2022-04-25 22:00:00,24060.551,8.2,8.2,0.0,0,881.7,3.2,3163.37,914.0,0.0,0
2022-04-25 23:00:00,22546.167,7.6,8.3,0.0,0,881.4,3.2,3163.37,914.0,0.0,0
2022-04-26 00:00:00,21686.151,7.2,8.2,0.0,0,881.2,3.4,3163.37,914.0,0.0,0
2022-04-26 01:00:00,21472.989,7.1,9.5,0.0,0,881.1,3.3,3163.37,914.0,0.0,0
2022-04-26 02:00:00,21429.297,7.2,11.1,0.0,0,881.2,3.4,3163.37,913.0,0.0,0
2022-04-26 03:00:00,21630.332,6.5,11.3,0.0,0,880.6,3.3,3163.37,914.0,0.0,0
2022-04-26 04:00:00,23298.191,5.9,10.7,0.0,0,880.5,3.2,3163.37,914.0,0.0,0
2022-04-26 05:00:00,26476.666,5.5,10.7,0.0,0,880.8,3.0,3163.37,914.0,0.0,0
2022-04-26 06:00:00,28894.586,5.1,10.4,0.0,0,880.9,2.8,3163.37,913.0,0.0,0
2022-04-26 07:00:00,28515.104,4.9,10.0,2.0,0,881.1,2.6,3163.37,914.0,0.0,0
2022-04-26 08:00:00,28665.067,7.4,10.9,114.0,0,882.3,3.8,3163.37,914.0,0.0,0
2022-04-26 09:00:00,28259.141,10.9,6.1,328.0,0,884.4,5.7,3163.37,914.0,0.0,0
2022-04-26 10:00:00,27603.845,14.0,7.3,526.0,0,885.9,4.8,3163.37,913.0,0.0,0
2022-04-26 11:00:00,27229.545,15.2,5.2,677.0,0,885.8,3.9,3163.37,913.0,0.0,0
2022-04-26 12:00:00,26799.233,16.1,3.3,767.0,0,885.4,4.3,3163.37,913.0,0.0,0
2022-04-26 13:00:00,26510.31,16.8,2.2,787.0,0,884.9,4.9,3163.37,913.0,0.0,0
2022-04-26 14:00:00,26701.447,17.2,3.1,737.0,0,884.6,2.6,3163.37,913.0,0.0,0
2022-04-26 15:00:00,27426.503,17.6,2.7,626.0,0,884.3,3.0,3163.37,913.0,0.0,0
2022-04-26 16:00:00,28362.638,17.3,3.5,454.0,0,884.2,3.0,3163.37,913.0,0.0,0
2022-04-26 17:00:00,29537.465,16.0,3.0,245.0,0,883.8,7.6,3163.37,913.0,0.0,0
2022-04-26 18:00:00,30887.155,11.2,10.5,48.0,0,882.2,5.1,3163.37,914.0,0.0,0
2022-04-26 19:00:00,29804.308,10.1,7.9,0.0,0,882.3,3.6,3163.37,914.0,0.0,0
2022-04-26 20:00:00,28094.382,9.3,8.6,0.0,0,882.3,2.3,3163.37,914.0,0.0,0
2022-04-26 21:00:00,26274.128,8.2,9.8,0.0,0,882.3,1.7,3163.37,914.0,0.0,0
2022-04-26 22:00:00,24168.69,7.8,9.7,0.0,0,882.2,1.5,3163.37,914.0,0.0,0
2022-04-26 23:00:00,22482.918,7.7,8.2,0.0,0,882.3,2.0,3163.37,914.0,0.0,0
2022-04-27 00:00:00,21737.467,7.2,8.5,0.0,0,882.1,1.9,3163.37,914.0,0.0,0
2022-04-27 01:00:00,21416.988,6.6,8.3,0.0,0,881.9,2.0,3163.37,914.0,0.0,0
2022-04-27 02:00:00,20943.562,6.7,8.9,0.0,0,882.2,1.5,3163.37,914.0,0.0,0
2022-04-27 03:00:00,21140.57,6.2,8.9,0.0,0,881.8,1.3,3163.37,914.0,0.0,0
2022-04-27 04:00:00,21968.028,5.8,9.3,0.0,0,881.4,1.0,3163.37,915.0,0.0,0
2022-04-27 05:00:00,22732.069,5.3,9.1,0.0,0,881.3,0.9,3163.37,914.0,0.0,0
2022-04-27 06:00:00,23919.757,4.9,8.9,0.0,0,881.5,1.0,3163.37,914.0,0.0,0
2022-04-27 07:00:00,25784.963,4.7,9.4,2.0,0,881.8,0.7,3163.37,914.0,0.0,0
2022-04-27 08:00:00,27600.842,7.9,11.4,113.0,0,883.6,1.7,3163.37,914.0,0.0,0
2022-04-27 09:00:00,28407.446,11.5,6.0,329.0,0,885.9,4.1,3163.37,914.0,0.0,0
2022-04-27 10:00:00,28218.861,14.7,8.3,528.0,0,887.1,4.3,3163.37,914.0,0.0,0
2022-04-27 11:00:00,27540.505,16.4,11.5,681.0,0,887.3,1.9,3163.37,914.0,0.0,0
2022-04-27 12:00:00,26983.702,17.4,11.2,771.0,0,887.1,1.2,3163.37,914.0,0.0,0
2022-04-27 13:00:00,26680.275,18.2,9.9,792.0,0,886.3,2.0,3163.37,914.0,0.0,0
2022-04-27 14:00:00,26574.018,19.2,8.9,742.0,0,886.1,1.5,3163.37,914.0,0.0,0
2022-04-27 15:00:00,26897.012,19.4,7.6,625.0,0,885.5,1.0,3163.37,914.0,0.0,0
2022-04-27 16:00:00,28007.237,19.1,6.8,453.0,0,885.1,0.6,3163.37,914.0,0.0,0
2022-04-27 17:00:00,29352.943,17.6,4.5,243.0,0,884.5,9.1,3163.37,914.0,0.0,0
2022-04-27 18:00:00,30517.151,17.4,1.5,47.0,0,884.6,1.5,3163.37,914.0,0.0,0
2022-04-27 19:00:00,29682.979,11.5,7.8,0.0,0,882.2,2.6,3163.37,914.0,0.0,0
2022-04-27 20:00:00,27843.488,11.1,10.7,0.0,0,882.2,2.8,3163.37,914.0,0.0,0
2022-04-27 21:00:00,26382.303,11.2,12.2,0.0,0,882.5,1.5,3163.37,914.0,0.0,0
2022-04-27 22:00:00,23751.14,10.9,11.8,0.0,0,882.3,1.0,3163.37,914.0,0.0,0
2022-04-27 23:00:00,21970.412,10.6,12.5,0.0,0,882.2,0.8,3163.37,915.0,0.0,0
2022-04-28 00:00:00,21353.274,10.1,12.4,0.0,0,881.9,1.0,3163.37,914.0,0.0,0
2022-04-28 01:00:00,20944.607,9.5,12.6,0.0,0,881.6,1.3,3163.37,914.0,0.0,0
2022-04-28 02:00:00,20609.518,8.7,11.5,0.0,0,881.2,0.9,3163.37,914.0,0.0,0
2022-04-28 03:00:00,21116.212,8.4,12.1,0.0,0,880.6,1.0,3163.37,914.0,0.0,0
2022-04-28 04:00:00,22817.972,8.4,13.4,0.0,0,880.5,1.0,3163.37,914.0,0.0,0
2022-04-28 05:00:00,25817.547,8.3,13.6,0.0,0,880.5,1.2,3163.37,914.0,0.0,0
2022-04-28 06:00:00,28319.459,8.4,14.8,0.0,0,880.7,2.2,3163.37,914.0,0.0,0
2022-04-28 07:00:00,27901.568,8.5,15.2,1.0,0,881.1,3.4,3163.37,914.0,0.0,0
2022-04-28 08:00:00,28416.543,10.6,17.6,104.0,0,882.4,5.4,3163.37,914.0,0.0,0
2022-04-28 09:00:00,28244.243,13.4,15.9,308.0,0,884.3,7.3,3163.37,914.0,0.0,0
2022-04-28 10:00:00,27727.791,15.9,15.9,498.0,10,885.1,8.8,3163.37,914.0,0.0,0
2022-04-28 11:00:00,27288.074,18.3,16.2,638.0,0,885.4,9.9,3163.37,914.0,0.0,0
2022-04-28 12:00:00,27031.889,20.3,15.6,729.0,0,885.1,9.8,3163.37,914.0,0.0,0
2022-04-28 13:00:00,26718.278,21.7,15.0,747.0,26,884.4,9.6,3163.37,914.0,0.0,0
2022-04-28 14:00:00,26745.253,23.0,16.6,697.0,15,884.0,9.6,3163.37,914.0,0.0,0
2022-04-28 15:00:00,27391.511,22.8,10.9,446.0,18,883.4,8.5,3163.37,914.0,0.0,0
2022-04-28 16:00:00,28448.532,22.9,11.6,392.0,12,883.0,7.6,3163.37,914.0,0.0,0
2022-04-28 17:00:00,29739.653,20.8,10.0,220.0,35,882.4,9.6,3163.37,914.0,0.0,0
2022-04-28 18:00:00,31038.774,17.9,10.1,34.0,39,881.4,8.6,3163.37,915.0,0.0,0
2022-04-28 19:00:00,30068.957,16.2,10.4,0.0,0,881.1,8.2,3163.37,914.0,0.0,0
2022-04-28 20:00:00,28161.881,15.4,11.0,0.0,1,881.2,7.9,3163.37,914.0,0.0,0
2022-04-28 21:00:00,25904.297,14.9,12.3,0.0,9,881.5,7.8,3163.37,914.0,0.0,0
2022-04-28 22:00:00,24017.329,13.7,9.9,0.0,4,881.9,8.4,3163.37,914.0,0.0,0
2022-04-28 23:00:00,22286.822,13.4,11.7,0.0,4,881.5,8.8,3163.37,914.0,0.0,0
2022-04-29 00:00:00,21452.883,12.7,10.5,0.0,12,881.0,9.0,3163.37,914.0,0.0,0
2022-04-29 01:00:00,21169.562,12.7,13.4,0.0,2,880.9,9.1,3163.37,914.0,0.0,0
2022-04-29 02:00:00,21001.403,13.1,15.7,0.0,0,881.5,9.4,3163.37,914.0,0.0,0
2022-04-29 03:00:00,21562.884,12.6,15.2,0.0,43,880.8,9.5,3163.37,914.0,0.0,0
2022-04-29 04:00:00,23068.54,12.3,14.8,0.0,7,880.3,9.3,3163.37,914.0,0.0,0
2022-04-29 05:00:00,25809.756,12.0,17.0,0.0,1,880.0,9.1,3163.37,914.0,0.0,0
2022-04-29 06:00:00,28043.436,12.0,19.4,0.0,11,879.9,9.0,3163.37,914.0,0.0,0
2022-04-29 07:00:00,27750.023,11.8,18.1,1.0,0,880.4,8.9,3163.37,914.0,0.0,0
2022-04-29 08:00:00,28216.876,13.3,18.4,99.0,0,881.2,9.7,3163.37,914.0,0.0,0
2022-04-29 09:00:00,28028.422,15.7,17.3,299.0,0,882.2,10.2,3163.37,914.0,0.0,0
2022-04-29 10:00:00,27604.724,18.0,17.2,486.0,0,882.5,10.6,3163.37,914.0,0.0,0
2022-04-29 11:00:00,27382.867,20.0,16.5,630.0,0,882.3,11.4,3163.37,914.0,0.0,0
2022-04-29 12:00:00,26946.217,22.0,18.4,717.0,3,882.1,12.0,3163.37,914.0,0.0,0
2022-04-29 13:00:00,26611.974,24.3,29.5,730.0,77,881.7,10.0,3163.37,914.0,0.0,0
2022-04-29 14:00:00,26695.49,23.8,26.1,598.0,63,881.0,7.3,3163.37,914.0,0.0,0
2022-04-29 15:00:00,27023.483,23.6,24.1,511.0,29,880.5,6.5,3163.37,914.0,0.0,0
2022-04-29 16:00:00,27581.299,22.2,21.9,328.0,14,880.1,7.7,3163.37,914.0,0.0,0
2022-04-29 17:00:00,28388.122,20.6,15.2,206.0,15,879.7,8.8,3163.37,914.0,0.0,0
2022-04-29 18:00:00,29273.687,17.5,9.5,38.0,26,878.6,8.7,3163.37,914.0,0.0,0
2022-04-29 19:00:00,28287.449,17.6,15.2,0.0,17,879.7,6.7,3163.37,914.0,0.0,0
2022-04-29 20:00:00,26818.89,16.3,11.2,0.0,0,879.6,6.4,3163.37,913.0,0.0,0
2022-04-29 21:00:00,25485.809,14.6,10.5,0.0,0,879.9,6.8,3163.37,913.0,0.0,0
2022-04-29 22:00:00,23682.386,13.3,9.7,0.0,0,880.1,6.4,3163.37,913.0,0.0,0
2022-04-29 23:00:00,22333.94,11.6,9.1,0.0,0,879.5,4.7,3163.37,913.0,0.0,0
2022-04-30 00:00:00,21441.114,9.9,7.9,0.0,0,878.8,3.4,3163.37,913.0,0.0,0
2022-04-30 01:00:00,20857.695,8.4,10.9,0.0,0,878.4,2.8,3163.37,913.0,0.0,0
2022-04-30 02:00:00,20748.227,10.1,7.7,0.0,0,879.8,1.1,3163.37,914.0,0.0,0
2022-04-30 03:00:00,20806.031,6.3,8.4,0.0,0,878.0,1.7,3163.37,914.0,0.0,0
2022-04-30 04:00:00,21233.862,7.2,7.3,0.0,0,878.0,2.0,3163.37,914.0,0.0,0
2022-04-30 05:00:00,21964.739,7.0,7.7,0.0,0,877.9,1.8,3163.37,914.0,0.0,0
2022-04-30 06:00:00,23210.825,5.6,10.1,0.0,0,877.8,1.4,3163.37,913.0,0.0,0
2022-04-30 07:00:00,25317.754,5.0,10.9,1.0,0,878.0,0.8,3163.37,913.0,0.0,0
2022-04-30 08:00:00,26823.299,9.0,8.4,105.0,0,880.7,1.9,3163.37,913.0,0.0,0
2022-04-30 09:00:00,27053.572,11.7,4.1,316.0,0,882.5,2.8,3163.37,913.0,0.0,0
2022-04-30 10:00:00,26585.67,14.1,5.4,512.0,0,883.7,4.0,3163.37,913.0,0.0,0
2022-04-30 11:00:00,26124.91,16.0,5.9,662.0,0,884.3,4.4,3163.37,913.0,0.0,0
2022-04-30 12:00:00,25793.806,17.3,6.3,750.0,0,884.4,3.9,3163.37,913.0,0.0,0
2022-04-30 13:00:00,25507.994,18.3,7.6,769.0,0,884.2,3.7,3163.37,913.0,0.0,0
2022-04-30 14:00:00,25200.007,19.0,8.4,717.0,0,884.0,2.6,3163.37,913.0,0.0,0
2022-04-30 15:00:00,25439.915,19.2,8.8,602.0,0,883.6,2.9,3163.37,913.0,0.0,0
2022-04-30 16:00:00,26032.421,19.1,8.7,432.0,0,883.8,3.1,3163.37,913.0,0.0,0
2022-04-30 17:00:00,26962.21,17.4,4.7,226.0,0,883.3,7.2,3163.37,913.0,0.0,0
2022-04-30 18:00:00,28329.141,12.6,10.7,39.0,0,881.6,5.0,3163.37,913.0,0.0,0
2022-04-30 19:00:00,27495.842,12.0,8.3,0.0,0,882.4,3.2,3163.37,913.0,0.0,0
2022-04-30 20:00:00,26131.701,11.6,9.4,0.0,0,882.9,1.6,3163.37,913.0,0.0,0
2022-04-30 21:00:00,24663.056,10.4,8.6,0.0,0,883.0,2.2,3163.37,913.0,0.0,0
2022-04-30 22:00:00,23134.081,10.1,9.2,0.0,0,883.5,2.8,3163.37,913.0,0.0,0
2022-04-30 23:00:00,21847.476,9.9,10.5,0.0,0,883.5,3.1,3163.37,913.0,0.0,0
2022-05-01 00:00:00,20794.033,9.8,11.1,0.0,0,883.8,3.3,3163.37,912.0,0.0,0
2022-05-01 01:00:00,20474.775,9.4,11.4,0.0,0,883.8,3.5,3163.37,913.0,0.0,0
2022-05-01 02:00:00,20181.58,8.9,11.4,0.0,0,884.2,3.5,3163.37,913.0,0.0,0
2022-05-01 03:00:00,20151.163,8.0,10.3,0.0,0,883.6,3.6,3163.37,914.0,0.0,0
2022-05-01 04:00:00,20556.498,7.3,9.3,0.0,0,883.3,3.6,3163.37,914.0,0.0,0
2022-05-01 05:00:00,21091.302,6.8,9.5,0.0,0,883.6,3.6,3163.37,913.0,0.0,0
2022-05-01 06:00:00,21987.772,6.6,10.8,0.0,0,883.9,3.5,3163.37,913.0,0.0,0
2022-05-01 07:00:00,24288.287,6.6,11.0,1.0,0,884.3,3.6,3163.37,913.0,0.0,0
2022-05-01 08:00:00,26031.065,9.0,13.2,100.0,0,886.1,4.6,3163.37,913.0,0.0,0
2022-05-01 09:00:00,26556.325,12.0,10.7,304.0,0,888.8,6.1,3163.37,913.0,0.0,0
2022-05-01 10:00:00,26047.34,14.8,8.9,495.0,0,889.9,6.9,3163.37,913.0,0.0,0
2022-05-01 11:00:00,25346.906,17.4,6.9,642.0,0,890.3,7.3,3163.37,913.0,0.0,0
2022-05-01 12:00:00,24993.207,18.8,4.5,729.0,0,890.1,6.2,3163.37,913.0,0.0,0
2022-05-01 13:00:00,24567.197,19.6,2.7,747.0,0,889.5,5.8,3163.37,913.0,0.0,0
2022-05-01 14:00:00,24460.816,20.2,1.3,697.0,0,889.1,4.7,3163.37,913.0,0.0,0
2022-05-01 15:00:00,24487.771,20.7,0.8,585.0,0,888.8,5.0,3163.37,913.0,0.0,0
2022-05-01 16:00:00,25303.482,20.6,1.4,418.0,0,888.7,4.8,3163.37,913.0,0.0,0
2022-05-01 17:00:00,26799.724,18.9,3.2,217.0,0,888.0,11.5,3163.37,913.0,0.0,0
2022-05-01 18:00:00,28387.764,14.1,9.7,37.0,0,886.1,7.2,3163.37,913.0,0.0,0
2022-05-01 19:00:00,27156.055,13.4,7.7,0.0,0,886.4,6.8,3163.37,913.0,0.0,0
2022-05-01 20:00:00,25616.575,12.3,8.2,0.0,0,886.4,6.0,3163.37,913.0,0.0,0
2022-05-01 21:00:00,24010.338,11.3,8.4,0.0,0,886.1,5.7,3163.37,913.0,0.0,0
2022-05-01 22:00:00,22276.194,10.7,8.6,0.0,0,885.9,5.4,3163.37,913.0,0.0,0
2022-05-01 23:00:00,21230.965,10.4,8.6,0.0,0,885.8,5.0,3163.37,913.0,0.0,0
2022-05-02 00:00:00,20563.923,9.3,8.8,0.0,0,885.1,5.4,3163.37,913.0,0.0,0
2022-05-02 01:00:00,20084.967,8.3,9.7,0.0,0,884.7,5.7,3163.37,913.0,0.0,0
2022-05-02 02:00:00,19758.079,8.4,9.4,0.0,0,884.9,5.8,3163.37,914.0,0.0,0
2022-05-02 03:00:00,19947.76,8.0,9.1,0.0,0,884.4,5.5,3163.37,914.0,0.0,0
2022-05-02 04:00:00,20612.03,7.9,8.1,0.0,0,884.1,5.6,3163.37,914.0,0.0,0
2022-05-02 05:00:00,21026.586,7.9,7.3,0.0,0,884.3,5.5,3163.37,914.0,0.0,0
2022-05-02 06:00:00,22285.077,7.3,10.1,0.0,0,884.3,5.2,3163.37,914.0,0.0,0
2022-05-02 07:00:00,23941.44,7.8,8.4,1.0,0,885.3,5.2,3163.37,914.0,0.0,0
2022-05-02 08:00:00,25663.743,10.3,9.3,96.0,0,887.4,7.0,3163.37,914.0,0.0,0
2022-05-02 09:00:00,26615.215,13.2,7.9,297.0,0,889.1,8.0,3163.37,913.0,0.0,0
2022-05-02 10:00:00,26591.175,16.1,9.0,487.0,0,890.2,8.1,3163.37,913.0,0.0,0
2022-05-02 11:00:00,26259.555,18.2,9.0,633.0,0,890.4,8.1,3163.37,913.0,0.0,0
2022-05-02 12:00:00,25872.045,19.9,8.4,720.0,0,890.0,8.1,3163.37,913.0,0.0,0
2022-05-02 13:00:00,25611.061,20.9,7.4,741.0,0,889.2,7.6,3163.37,913.0,0.0,0
2022-05-02 14:00:00,25371.77,21.6,6.9,693.0,0,888.8,6.8,3163.37,913.0,0.0,0
2022-05-02 15:00:00,25920.926,21.8,5.6,580.0,0,888.3,6.2,3163.37,913.0,0.0,0
2022-05-02 16:00:00,26975.069,21.4,3.7,415.0,0,887.8,5.8,3163.37,913.0,0.0,0
2022-05-02 17:00:00,28488.675,20.0,1.0,215.0,0,887.1,12.1,3163.37,913.0,0.0,0
2022-05-02 18:00:00,29910.589,15.7,7.3,35.0,0,885.3,6.8,3163.37,913.0,0.0,0
2022-05-02 19:00:00,28503.444,13.4,9.2,0.0,0,884.7,6.6,3163.37,913.0,0.0,0
2022-05-02 20:00:00,26899.181,13.2,7.6,0.0,0,884.8,6.7,3163.37,913.0,0.0,0
2022-05-02 21:00:00,24674.281,12.7,8.6,0.0,0,884.5,6.6,3163.37,913.0,0.0,0
2022-05-02 22:00:00,22680.384,10.9,10.5,0.0,0,884.1,6.4,3163.37,913.0,0.0,0
2022-05-02 23:00:00,21295.293,10.9,9.4,0.0,0,884.4,6.4,3163.37,913.0,0.0,0
2022-05-03 00:00:00,20641.408,9.2,9.0,0.0,0,883.9,6.6,3163.37,913.0,0.0,0
2022-05-03 01:00:00,20367.459,8.9,8.8,0.0,0,883.4,6.5,3163.37,913.0,0.0,0
2022-05-03 02:00:00,20306.797,9.5,8.1,0.0,0,883.8,6.9,3163.37,913.0,0.0,0
2022-05-03 03:00:00,20486.207,9.2,8.7,0.0,0,883.3,6.4,3163.37,914.0,0.0,0
2022-05-03 04:00:00,22273.817,9.1,9.1,0.0,0,883.6,5.9,3163.37,914.0,0.0,0
2022-05-03 05:00:00,25608.372,8.4,8.1,0.0,0,883.6,5.4,3163.37,914.0,0.0,0
2022-05-03 06:00:00,28207.254,6.7,10.4,0.0,0,883.2,5.0,3163.37,914.0,0.0,0
2022-05-03 07:00:00,27558.48,7.3,7.9,1.0,0,884.3,5.1,3163.37,914.0,0.0,0
2022-05-03 08:00:00,27551.475,11.2,5.4,93.0,0,886.3,6.8,3163.37,913.0,0.0,0
2022-05-03 09:00:00,27281.924,14.7,3.4,290.0,0,888.3,8.5,3163.37,913.0,0.0,0
2022-05-03 10:00:00,27046.823,17.4,4.3,477.0,0,889.4,9.3,3163.37,913.0,0.0,0
2022-05-03 11:00:00,26712.115,19.5,4.6,621.0,0,889.5,10.0,3163.37,913.0,0.0,0
2022-05-03 12:00:00,26631.346,21.0,5.3,707.0,0,889.3,10.2,3163.37,913.0,0.0,0
2022-05-03 13:00:00,26480.143,22.0,5.0,727.0,0,888.6,9.5,3163.37,913.0,0.0,0
2022-05-03 14:00:00,26607.59,22.9,5.9,680.0,0,887.8,7.3,3163.37,913.0,0.0,0
2022-05-03 15:00:00,27396.063,23.1,4.7,569.0,0,887.6,6.6,3163.37,913.0,0.0,0
2022-05-03 16:00:00,28512.74,22.7,4.4,406.0,0,887.1,6.3,3163.37,913.0,0.0,0
2022-05-03 17:00:00,29927.136,20.5,4.6,208.0,0,886.5,14.1,3163.37,913.0,0.0,0
2022-05-03 18:00:00,31301.085,17.8,6.2,33.0,0,885.4,7.8,3163.37,913.0,0.0,2
2022-05-03 19:00:00,29883.855,17.7,2.0,0.0,0,885.7,6.9,3163.37,913.0,0.0,2
2022-05-03 20:00:00,28077.514,17.0,4.7,0.0,0,885.8,6.2,3163.37,913.0,0.0,2
2022-05-03 21:00:00,25989.598,15.4,6.2,0.0,0,885.0,5.9,3163.37,913.0,0.0,2
2022-05-03 22:00:00,23790.924,13.0,8.1,0.0,64,884.1,6.1,3163.37,913.0,0.0,2
2022-05-03 23:00:00,22280.515,12.6,7.4,0.0,91,884.1,6.6,3163.37,913.0,0.0,2
2022-05-04 00:00:00,21774.661,12.0,6.4,0.0,15,883.6,6.7,3163.37,914.0,0.0,2
2022-05-04 01:00:00,21519.938,9.9,9.2,0.0,24,883.1,7.0,3163.37,914.0,0.0,2
2022-05-04 02:00:00,21498.974,10.3,9.3,0.0,84,883.8,6.9,3163.37,914.0,0.0,2
2022-05-04 03:00:00,21777.718,12.6,4.8,0.0,4,884.9,6.8,3163.37,914.0,0.0,2
2022-05-04 04:00:00,23095.273,12.1,4.6,0.0,34,884.6,6.5,3163.37,914.0,0.0,2
2022-05-04 05:00:00,26440.145,12.1,5.8,0.0,1,884.9,6.4,3163.37,914.0,0.0,2
2022-05-04 06:00:00,28803.145,12.2,5.0,0.0,0,885.2,6.6,3163.37,914.0,0.0,2
2022-05-04 07:00:00,28112.778,11.6,0.8,0.0,0,885.7,6.7,3163.37,914.0,0.0,2
2022-05-04 08:00:00,28173.593,12.3,2.6,91.0,0,886.3,7.5,3163.37,914.0,0.0,2
2022-05-04 09:00:00,27880.691,16.1,2.9,289.0,0,888.6,9.2,3163.37,913.0,0.0,2
2022-05-04 10:00:00,27572.858,19.1,4.5,477.0,0,890.1,8.9,3163.37,913.0,0.0,2
2022-05-04 11:00:00,27163.724,21.0,5.1,621.0,0,890.4,8.8,3163.37,912.0,0.0,2
2022-05-04 12:00:00,26994.071,22.2,4.0,706.0,0,890.1,8.1,3163.37,913.0,0.0,2
2022-05-04 13:00:00,26848.739,23.0,1.8,726.0,0,889.5,6.5,3163.37,913.0,0.0,2
2022-05-04 14:00:00,26964.516,23.8,4.0,678.0,0,888.6,4.9,3163.37,913.0,0.0,2
2022-05-04 15:00:00,27549.862,24.1,7.1,566.0,0,888.5,4.1,3163.37,914.0,0.0,2
2022-05-04 16:00:00,28343.463,23.4,9.3,404.0,0,888.0,4.3,3163.37,913.0,0.0,2
2022-05-04 17:00:00,29898.417,21.1,6.4,205.0,0,887.3,8.0,3163.37,914.0,0.0,2
2022-05-04 18:00:00,31248.209,18.8,8.0,32.0,2,886.3,5.4,3163.37,914.0,0.0,2
2022-05-04 19:00:00,29808.389,18.4,5.4,0.0,5,886.9,4.7,3163.37,914.0,0.0,2
2022-05-04 20:00:00,27832.055,19.1,1.3,0.0,0,887.5,4.4,3163.37,913.0,0.0,2
2022-05-04 21:00:00,25694.266,18.2,4.9,0.0,0,887.4,5.1,3163.37,913.0,0.0,2
2022-05-04 22:00:00,23814.165,17.5,2.3,0.0,0,887.4,4.9,3163.37,913.0,0.0,2
2022-05-04 23:00:00,22381.932,15.3,4.0,0.0,0,886.2,4.8,3163.37,913.0,0.0,2
2022-05-05 00:00:00,21825.921,18.3,1.5,0.0,0,887.2,3.9,3163.37,913.0,0.0,2
2022-05-05 01:00:00,21412.145,17.8,7.1,0.0,0,886.7,4.0,3163.37,913.0,0.0,2
2022-05-05 02:00:00,21311.101,12.0,8.7,0.0,0,885.4,5.4,3163.37,913.0,0.0,2
2022-05-05 03:00:00,21612.773,10.9,6.2,0.0,51,884.3,5.4,3163.37,914.0,0.0,2
2022-05-05 04:00:00,23081.295,12.8,5.2,0.0,40,885.0,5.5,3163.37,914.0,0.0,2
2022-05-05 05:00:00,26119.817,12.6,4.4,0.0,11,885.0,5.5,3163.37,914.0,0.0,2
2022-05-05 06:00:00,28442.769,10.9,4.7,0.0,0,883.9,5.4,3163.37,914.0,0.0,2
2022-05-05 07:00:00,27873.58,10.7,5.0,0.0,0,884.1,5.3,3163.37,914.0,0.0,2
2022-05-05 08:00:00,27938.846,13.2,2.6,89.0,0,885.9,6.8,3163.37,914.0,0.0,2
2022-05-05 09:00:00,27727.744,16.6,1.4,286.0,0,887.9,8.8,3163.37,913.0,0.0,2
2022-05-05 10:00:00,27586.785,18.9,1.5,473.0,0,889.0,8.2,3163.37,913.0,0.0,2
2022-05-05 11:00:00,27376.116,20.7,2.6,616.0,0,889.4,8.4,3163.37,913.0,0.0,2
2022-05-05 12:00:00,27191.373,22.0,3.8,702.0,0,889.2,8.4,3163.37,913.0,0.0,2
2022-05-05 13:00:00,26996.728,22.9,3.6,721.0,0,888.4,7.1,3163.37,913.0,0.0,2
2022-05-05 14:00:00,27188.742,23.5,5.7,674.0,0,888.0,5.1,3163.37,913.0,0.0,2
2022-05-05 15:00:00,27796.341,23.4,6.3,562.0,0,887.5,5.0,3163.37,913.0,0.0,2
2022-05-05 16:00:00,28564.697,22.8,7.9,396.0,0,887.2,4.8,3163.37,913.0,0.0,2
2022-05-05 17:00:00,30177.269,20.7,9.1,198.0,1,886.2,6.5,3163.37,914.0,0.0,2
2022-05-05 18:00:00,31345.903,17.2,8.8,30.0,0,884.4,4.2,3163.37,913.0,0.0,2
2022-05-05 19:00:00,29852.091,15.9,11.4,0.0,0,884.0,4.5,3163.37,913.0,0.0,2
2022-05-05 20:00:00,27992.679,14.8,11.8,0.0,0,883.5,4.6,3163.37,913.0,0.0,2
2022-05-05 21:00:00,25856.469,16.2,8.0,0.0,0,884.0,4.0,3163.37,913.0,0.0,2
2022-05-05 22:00:00,24020.638,13.9,6.3,0.0,0,883.0,4.3,3163.37,913.0,0.0,2
2022-05-05 23:00:00,22496.556,12.2,9.2,0.0,0,882.0,4.8,3163.37,913.0,0.0,2
2022-05-06 00:00:00,21989.218,11.6,9.5,0.0,0,881.5,4.8,3163.37,913.0,0.0,2
2022-05-06 01:00:00,21699.819,10.4,10.1,0.0,0,880.9,5.5,3163.37,913.0,0.0,2
2022-05-06 02:00:00,21601.756,9.9,9.4,0.0,0,881.5,5.9,3163.37,913.0,0.0,2
2022-05-06 03:00:00,21934.012,9.7,8.0,0.0,0,880.6,5.3,3163.37,913.0,0.0,2
2022-05-06 04:00:00,23287.024,9.1,9.2,0.0,0,880.2,5.2,3163.37,914.0,0.0,2
2022-05-06 05:00:00,26199.087,9.6,7.8,0.0,0,880.6,5.2,3163.37,914.0,0.0,2
2022-05-06 06:00:00,28553.459,9.0,8.6,0.0,0,880.2,5.1,3163.37,913.0,0.0,2
2022-05-06 07:00:00,28280.406,9.1,8.9,0.0,2,881.0,5.3,3163.37,913.0,0.0,2
2022-05-06 08:00:00,28598.669,11.7,11.9,87.0,0,882.2,5.9,3163.37,913.0,0.0,2
2022-05-06 09:00:00,28477.359,15.3,9.7,284.0,0,883.9,7.1,3163.37,913.0,0.0,2
2022-05-06 10:00:00,28390.647,18.0,9.2,471.0,0,885.2,7.6,3163.37,912.0,0.0,2
2022-05-06 11:00:00,28214.381,20.2,8.9,615.0,0,885.5,8.0,3163.37,914.0,0.0,2
2022-05-06 12:00:00,28028.512,22.0,9.7,700.0,0,885.2,6.9,3163.37,910.0,0.0,2
2022-05-06 13:00:00,27815.807,22.8,10.9,720.0,0,884.4,4.3,3163.37,914.0,0.0,2
2022-05-06 14:00:00,27827.702,23.0,10.2,673.0,1,883.3,4.3,3163.37,918.0,0.0,2
2022-05-06 15:00:00,27954.561,23.0,6.9,568.0,15,882.8,4.1,3163.37,918.0,0.0,2
2022-05-06 16:00:00,28314.431,22.7,11.2,351.0,67,882.1,4.0,3163.37,918.0,0.0,2
2022-05-06 17:00:00,29112.201,20.6,12.5,185.0,25,881.4,5.6,3163.37,918.0,0.0,2
2022-05-06 18:00:00,30304.653,17.0,8.4,26.0,28,879.5,5.3,3163.37,916.0,0.0,2
2022-05-06 19:00:00,29064.035,15.0,9.2,0.0,24,879.1,5.5,3163.37,913.0,0.0,2
2022-05-06 20:00:00,27621.137,14.0,8.4,0.0,8,878.9,5.5,3163.37,913.0,0.0,2
2022-05-06 21:00:00,25890.046,14.1,9.5,0.0,0,878.8,5.0,3163.37,913.0,0.0,2
2022-05-06 22:00:00,24468.801,13.4,10.9,0.0,0,879.1,4.9,3163.37,913.0,0.0,2
2022-05-06 23:00:00,22945.355,12.9,11.7,0.0,0,878.6,5.3,3163.37,913.0,0.0,1
2022-05-07 00:00:00,22094.246,12.0,10.4,0.0,0,878.5,5.3,3163.37,913.0,0.0,1
2022-05-07 01:00:00,21563.221,11.6,10.9,0.0,0,878.5,5.1,3163.37,913.0,0.0,1
2022-05-07 02:00:00,21329.279,11.1,9.8,0.0,26,878.6,5.1,3163.37,913.0,0.0,1
2022-05-07 03:00:00,21384.481,11.4,10.5,0.0,6,878.4,4.7,3163.37,913.0,0.0,1
2022-05-07 04:00:00,21767.097,11.1,9.4,0.0,18,877.7,4.4,3163.37,913.0,0.0,1
2022-05-07 05:00:00,22496.455,11.1,9.1,0.0,24,877.5,4.3,3163.37,913.0,0.0,1
2022-05-07 06:00:00,24010.308,10.6,9.4,0.0,7,877.3,4.3,3163.37,914.0,0.0,1
2022-05-07 07:00:00,26034.09,10.2,8.6,0.0,68,877.4,4.4,3163.37,914.0,0.0,1
2022-05-07 08:00:00,27493.402,12.7,12.2,79.0,20,878.8,5.2,3163.37,914.0,0.0,1
2022-05-07 09:00:00,27591.947,15.6,12.2,278.0,0,880.3,6.3,3163.37,913.0,0.0,1
2022-05-07 10:00:00,27341.615,18.1,14.3,467.0,0,881.1,6.6,3163.37,914.0,0.0,1
2022-05-07 11:00:00,27010.328,20.2,14.8,612.0,4,881.2,6.4,3163.37,913.0,0.0,1
2022-05-07 12:00:00,26672.738,21.7,15.5,673.0,24,880.9,6.6,3163.37,913.0,0.0,1
2022-05-07 13:00:00,26308.638,22.5,16.4,615.0,39,880.4,2.3,3163.37,913.0,0.0,0
2022-05-07 14:00:00,25813.936,22.8,20.6,517.0,86,879.5,1.7,3163.37,913.0,0.0,0
2022-05-07 15:00:00,26158.244,22.8,19.9,515.0,48,879.3,2.2,3163.37,913.0,0.0,0
2022-05-07 16:00:00,27005.049,21.7,20.0,345.0,46,879.1,1.6,3163.37,914.0,0.0,0
2022-05-07 17:00:00,28469.169,20.0,10.7,159.0,43,878.3,2.8,3163.37,914.0,0.0,0
2022-05-07 18:00:00,29667.01,17.2,12.2,24.0,71,878.0,2.6,3163.37,914.0,0.0,0
2022-05-07 19:00:00,28201.285,14.6,10.9,0.0,68,878.7,5.9,3163.37,914.0,0.0,0
2022-05-07 20:00:00,26428.687,13.0,8.4,0.0,99,879.1,7.3,3163.37,914.0,0.0,0
2022-05-07 21:00:00,24830.607,12.8,4.7,0.0,100,879.5,8.2,3163.37,914.0,0.0,0
2022-05-07 22:00:00,23310.14,12.4,6.9,0.0,61,879.4,8.8,3163.37,914.0,0.0,0
2022-05-07 23:00:00,21975.971,10.9,10.9,0.0,63,879.7,9.7,3163.37,914.0,0.0,0
2022-05-08 00:00:00,21108.936,10.3,7.0,0.0,44,879.0,9.4,3163.37,914.0,0.0,0
2022-05-08 01:00:00,20565.209,10.2,12.7,0.0,55,878.9,9.3,3163.37,914.0,0.0,0
2022-05-08 02:00:00,20424.69,9.5,6.1,0.0,47,878.5,8.5,3163.37,913.0,0.0,0
2022-05-08 03:00:00,20490.556,9.3,7.4,0.0,86,878.3,8.3,3163.37,914.0,0.0,0
2022-05-08 04:00:00,20621.936,10.1,2.3,0.0,31,879.4,8.5,3163.37,914.0,0.0,0
2022-05-08 05:00:00,21153.457,9.9,1.6,0.0,30,879.3,8.6,3163.37,914.0,0.0,0
2022-05-08 06:00:00,22308.302,9.8,3.0,0.0,21,879.5,8.6,3163.37,915.0,0.0,0
2022-05-08 07:00:00,24840.478,9.5,5.6,0.0,21,879.5,8.6,3163.37,914.0,0.0,0
2022-05-08 08:00:00,27074.596,9.9,5.6,83.0,0,879.8,8.9,3163.37,914.0,0.0,0
2022-05-08 09:00:00,28334.726,11.9,1.6,278.0,0,881.4,9.7,3163.37,914.0,0.0,0
2022-05-08 10:00:00,28356.794,13.7,3.6,461.0,5,882.2,9.9,3163.37,914.0,0.0,0
2022-05-08 11:00:00,28212.318,14.8,5.2,560.0,44,882.4,9.6,3163.37,914.0,0.0,0
2022-05-08 12:00:00,28051.27,15.6,6.6,615.0,31,882.1,8.7,3163.37,914.0,0.0,0
2022-05-08 13:00:00,27720.394,16.2,7.1,578.0,28,881.7,7.6,3163.37,914.0,0.0,0
2022-05-08 14:00:00,27497.697,17.0,6.2,576.0,43,881.7,5.2,3163.37,913.0,0.0,0
2022-05-08 15:00:00,27484.828,17.3,7.9,492.0,2,881.4,4.8,3163.37,914.0,0.0,0
2022-05-08 16:00:00,28260.528,17.0,9.4,361.0,15,881.6,5.2,3163.37,913.0,0.0,0
2022-05-08 17:00:00,29395.586,15.9,10.0,180.0,2,881.5,6.0,3163.37,914.0,0.0,0
2022-05-08 18:00:00,30454.16,13.0,7.3,26.0,3,880.7,6.2,3163.37,913.0,0.0,0
2022-05-08 19:00:00,29353.179,11.3,7.6,0.0,0,880.5,6.3,3163.37,914.0,0.0,0
2022-05-08 20:00:00,27483.017,11.0,7.6,0.0,0,880.7,6.4,3163.37,914.0,0.0,0
2022-05-08 21:00:00,25385.363,10.5,8.3,0.0,1,880.7,6.1,3163.37,913.0,0.0,0
2022-05-08 22:00:00,23054.934,9.1,8.4,0.0,0,880.3,5.9,3163.37,914.0,0.0,0
2022-05-08 23:00:00,21792.166,8.4,7.0,0.0,0,880.6,6.1,3163.37,913.0,0.0,0
2022-05-09 00:00:00,20954.507,8.1,6.9,0.0,0,880.8,6.1,3163.37,913.0,0.0,0
2022-05-09 01:00:00,20537.104,7.9,8.0,0.0,0,880.4,6.1,3163.37,913.0,0.0,0
2022-05-09 02:00:00,20526.438,7.4,9.4,0.0,0,880.7,5.8,3163.37,913.0,0.0,0
2022-05-09 03:00:00,21013.08,6.8,9.4,0.0,0,880.2,5.7,3163.37,913.0,0.0,0
2022-05-09 04:00:00,22607.013,6.5,8.8,0.0,1,879.9,5.6,3163.37,913.0,0.0,0
2022-05-09 05:00:00,26130.465,5.5,6.8,0.0,2,879.8,5.0,3163.37,914.0,0.0,0
2022-05-09 06:00:00,28882.173,5.0,7.2,0.0,2,879.6,4.7,3163.37,913.0,0.0,0
2022-05-09 07:00:00,28543.513,5.1,7.1,0.0,19,880.2,4.9,3163.37,914.0,0.0,0
2022-05-09 08:00:00,28769.405,7.7,2.6,82.0,1,881.7,6.5,3163.37,914.0,0.0,0
2022-05-09 09:00:00,28304.326,10.7,3.1,277.0,7,884.0,7.7,3163.37,913.0,0.0,0
2022-05-09 10:00:00,28068.794,13.1,4.1,461.0,38,885.2,8.1,3163.37,914.0,0.0,0
2022-05-09 11:00:00,27685.506,15.4,2.3,602.0,32,885.3,8.3,3163.37,913.0,0.0,0
2022-05-09 12:00:00,27313.681,17.0,2.4,687.0,3,885.1,7.0,3163.37,913.0,0.0,0
2022-05-09 13:00:00,27060.09,17.9,3.4,707.0,18,884.6,5.6,3163.37,913.0,0.0,0
2022-05-09 14:00:00,27260.791,18.3,4.2,658.0,0,884.0,4.9,3163.37,913.0,0.0,0
2022-05-09 15:00:00,28038.553,18.6,3.5,549.0,0,883.8,4.6,3163.37,913.0,0.0,0
2022-05-09 16:00:00,29344.073,18.3,3.9,386.0,0,883.6,4.5,3163.37,913.0,0.0,0
2022-05-09 17:00:00,30456.024,16.8,3.6,191.0,0,883.1,7.0,3163.37,913.0,0.0,0
2022-05-09 18:00:00,31813.066,12.8,9.1,25.0,0,881.7,5.4,3163.37,913.0,0.0,2
2022-05-09 19:00:00,30241.796,12.0,9.9,0.0,0,881.9,4.7,3163.37,914.0,0.0,2
2022-05-09 20:00:00,28682.107,11.3,8.4,0.0,0,882.0,4.9,3163.37,914.0,0.0,2
2022-05-09 21:00:00,26375.446,9.8,8.6,0.0,0,881.5,5.3,3163.37,914.0,0.0,2
2022-05-09 22:00:00,24068.047,10.9,6.4,0.0,0,882.0,5.0,3163.37,914.0,0.0,2
2022-05-09 23:00:00,22522.431,9.0,8.3,0.0,0,881.1,5.0,3163.37,914.0,0.0,0
2022-05-10 00:00:00,21852.646,8.5,7.9,0.0,0,880.9,5.1,3163.37,914.0,0.0,0
2022-05-10 01:00:00,21529.202,7.9,7.2,0.0,0,880.3,4.9,3163.37,914.0,0.0,0
2022-05-10 02:00:00,21304.053,7.8,8.4,0.0,0,880.5,4.3,3163.37,914.0,0.0,0
2022-05-10 03:00:00,21558.533,6.2,10.2,0.0,0,879.5,3.8,3163.37,914.0,0.0,0
2022-05-10 04:00:00,23414.618,5.4,10.2,0.0,0,879.0,3.6,3163.37,914.0,0.0,0
2022-05-10 05:00:00,26821.185,5.5,8.4,0.0,0,879.1,3.5,3163.37,914.0,0.0,0
2022-05-10 06:00:00,29346.727,4.9,9.3,0.0,0,878.9,3.3,3163.37,914.0,0.0,0
2022-05-10 07:00:00,28780.856,4.7,9.3,0.0,18,879.5,3.2,3163.37,914.0,0.0,0
2022-05-10 08:00:00,28641.552,8.7,8.5,80.0,12,881.5,4.9,3163.37,914.0,0.0,0
2022-05-10 09:00:00,28306.857,13.0,6.0,275.0,7,883.8,6.1,3163.37,914.0,0.0,0
2022-05-10 10:00:00,27617.599,15.6,8.3,462.0,11,884.7,6.0,3163.37,913.0,0.0,0
2022-05-10 11:00:00,27148.498,17.4,10.1,604.0,44,884.6,5.8,3163.37,913.0,0.0,0
2022-05-10 12:00:00,26897.011,18.9,10.5,688.0,87,884.1,5.1,3163.37,913.0,0.0,0
2022-05-10 13:00:00,26761.019,19.8,10.8,705.0,96,883.4,5.3,3163.37,914.0,0.0,0
2022-05-10 14:00:00,27070.973,20.5,10.6,656.0,98,882.6,4.9,3163.37,913.0,0.0,0
2022-05-10 15:00:00,27990.905,20.8,10.4,546.0,90,882.1,4.2,3163.37,914.0,0.0,0
2022-05-10 16:00:00,29358.167,20.5,9.0,383.0,99,881.8,3.7,3163.37,914.0,0.0,0
2022-05-10 17:00:00,30810.159,18.1,6.2,185.0,86,881.1,8.9,3163.37,913.0,0.0,0
2022-05-10 18:00:00,31984.124,14.3,9.2,24.0,96,879.5,5.2,3163.37,914.0,0.0,2
2022-05-10 19:00:00,30526.061,13.8,7.9,0.0,97,879.6,4.8,3163.37,914.0,0.0,2
2022-05-10 20:00:00,28552.433,14.2,12.4,0.0,100,880.0,3.7,3163.37,914.0,0.0,2
2022-05-10 21:00:00,26605.335,13.8,13.3,0.0,100,880.0,3.2,3163.37,914.0,0.0,2
2022-05-10 22:00:00,24742.831,12.4,10.0,0.0,100,880.1,4.0,3163.37,914.0,0.0,2
2022-05-10 23:00:00,23202.268,11.0,8.0,0.0,100,879.5,4.8,3163.37,914.0,0.0,0
2022-05-11 00:00:00,21773.766,10.1,8.4,0.0,100,878.8,5.2,3163.37,914.0,0.0,0
2022-05-11 01:00:00,21486.012,10.0,7.7,0.0,100,878.7,5.3,3163.37,913.0,0.0,0
2022-05-11 02:00:00,21282.477,9.5,8.3,0.0,100,878.6,5.4,3163.37,914.0,0.0,0
2022-05-11 03:00:00,21642.669,8.7,7.7,0.0,88,878.3,5.3,3163.37,914.0,0.0,0
2022-05-11 04:00:00,23626.501,8.4,8.5,0.0,93,878.0,5.3,3163.37,913.0,0.0,0
2022-05-11 05:00:00,26868.171,7.7,7.9,0.0,27,877.7,5.2,3163.37,914.0,0.0,0
2022-05-11 06:00:00,29277.147,7.4,8.2,0.0,12,877.8,5.1,3163.37,913.0,0.0,0
2022-05-11 07:00:00,28711.959,6.9,8.1,0.0,0,878.0,4.8,3163.37,914.0,0.0,0
2022-05-11 08:00:00,28654.879,9.7,11.3,80.0,0,879.9,5.5,3163.37,913.0,0.0,0
2022-05-11 09:00:00,28228.808,12.9,8.3,274.0,0,881.8,6.7,3163.37,913.0,0.0,0
2022-05-11 10:00:00,27981.271,15.7,6.2,461.0,0,883.4,7.1,3163.37,913.0,0.0,0
2022-05-11 11:00:00,27678.808,18.2,4.1,603.0,0,883.7,6.6,3163.37,913.0,0.0,0
2022-05-11 12:00:00,27440.882,19.9,3.2,687.0,0,883.6,5.9,3163.37,913.0,0.0,0
2022-05-11 13:00:00,27266.388,21.0,2.6,706.0,0,883.2,4.5,3163.37,913.0,0.0,0
2022-05-11 14:00:00,27670.632,21.9,4.0,658.0,0,882.8,3.1,3163.37,913.0,0.0,0
2022-05-11 15:00:00,28672.219,22.2,3.4,546.0,0,882.3,3.0,3163.37,913.0,0.0,0
2022-05-11 16:00:00,29786.451,21.9,3.6,382.0,0,882.2,3.1,3163.37,913.0,0.0,0
2022-05-11 17:00:00,31218.451,19.2,6.3,187.0,0,881.1,9.7,3163.37,913.0,0.0,2
2022-05-11 18:00:00,32558.015,15.1,10.0,23.0,0,879.7,5.3,3163.37,913.0,0.0,2
2022-05-11 19:00:00,30774.065,14.0,8.4,0.0,0,879.9,4.2,3163.37,913.0,0.0,2
2022-05-11 20:00:00,28702.039,13.5,7.0,0.0,0,879.8,3.8,3163.37,913.0,0.0,2
2022-05-11 21:00:00,26284.301,12.2,9.2,0.0,0,879.6,3.6,3163.37,913.0,0.0,2
2022-05-11 22:00:00,24147.795,11.8,11.2,0.0,0,879.4,3.0,3163.37,913.0,0.0,0
2022-05-11 23:00:00,22743.527,11.5,8.4,0.0,0,879.7,2.6,3163.37,913.0,0.0,0
2022-05-12 00:00:00,21959.532,10.5,8.9,0.0,0,879.3,2.8,3163.37,913.0,0.0,0
2022-05-12 01:00:00,21670.796,10.2,9.6,0.0,0,879.5,2.8,3163.37,913.0,0.0,0
2022-05-12 02:00:00,21500.11,9.9,8.4,0.0,0,879.2,3.6,3163.37,913.0,0.0,0
2022-05-12 03:00:00,21914.835,8.8,8.3,0.0,0,878.7,4.1,3163.37,913.0,0.0,0
2022-05-12 04:00:00,23592.728,8.0,8.1,0.0,0,878.4,4.3,3163.37,913.0,0.0,0
2022-05-12 05:00:00,27061.697,8.1,8.1,0.0,0,878.6,4.4,3163.37,913.0,0.0,0
2022-05-12 06:00:00,29410.036,8.2,9.8,0.0,0,878.8,4.5,3163.37,913.0,0.0,0
2022-05-12 07:00:00,28848.934,8.0,10.5,0.0,0,879.2,4.6,3163.37,913.0,0.0,0
2022-05-12 08:00:00,28874.042,10.3,13.3,78.0,0,880.7,5.1,3163.37,913.0,0.0,0
2022-05-12 09:00:00,28462.421,13.5,10.8,272.0,0,882.6,6.5,3163.37,913.0,0.0,0
2022-05-12 10:00:00,27946.783,16.4,11.7,458.0,0,884.1,6.7,3163.37,913.0,0.0,0
2022-05-12 11:00:00,27590.701,18.9,12.0,602.0,0,884.4,7.0,3163.37,913.0,0.0,0
2022-05-12 12:00:00,27284.749,20.8,11.2,689.0,0,884.2,5.9,3163.37,913.0,0.0,0
2022-05-12 13:00:00,27196.517,22.0,10.8,712.0,0,883.4,3.4,3163.37,914.0,0.0,0
2022-05-12 14:00:00,27375.896,23.1,11.0,665.0,0,883.0,0.3,3163.37,917.0,0.0,0
2022-05-12 15:00:00,28388.469,23.2,10.5,552.0,0,882.7,1.9,3163.37,917.0,0.0,0
2022-05-12 16:00:00,29516.867,22.7,3.2,381.0,0,882.5,2.4,3163.37,917.0,0.0,0
2022-05-12 17:00:00,31074.305,20.2,7.4,185.0,0,881.6,4.8,3163.37,917.0,0.0,2
2022-05-12 18:00:00,32327.296,15.7,9.5,23.0,0,880.2,3.6,3163.37,915.0,0.0,2
2022-05-12 19:00:00,30552.611,13.7,10.0,0.0,0,879.7,3.6,3163.37,913.0,0.0,2
2022-05-12 20:00:00,28726.706,15.1,3.1,0.0,0,880.7,2.3,3163.37,913.0,0.0,2
2022-05-12 21:00:00,26501.346,15.9,5.4,0.0,0,881.2,1.3,3163.37,913.0,0.0,2
2022-05-12 22:00:00,24231.88,13.0,10.6,0.0,0,880.3,3.2,3163.37,912.0,0.0,2
2022-05-12 23:00:00,22798.984,10.6,11.1,0.0,0,879.0,3.2,3163.37,912.0,0.0,0
2022-05-13 00:00:00,21774.851,10.9,10.3,0.0,0,879.2,2.9,3163.37,912.0,0.0,0
2022-05-13 01:00:00,21399.995,10.5,9.8,0.0,0,879.3,3.8,3163.37,912.0,0.0,0
2022-05-13 02:00:00,21281.683,9.7,9.3,0.0,0,879.2,3.5,3163.37,913.0,0.0,0
2022-05-13 03:00:00,21696.318,8.4,9.7,0.0,0,878.5,4.0,3163.37,913.0,0.0,0
2022-05-13 04:00:00,23384.42,7.7,10.0,0.0,0,878.3,4.4,3163.37,913.0,0.0,0
2022-05-13 05:00:00,26631.219,7.9,7.7,0.0,0,878.3,4.6,3163.37,913.0,0.0,0
2022-05-13 06:00:00,29060.772,8.5,9.2,0.0,0,878.8,4.6,3163.37,913.0,0.0,0
2022-05-13 07:00:00,28780.437,8.6,9.5,0.0,0,879.3,4.4,3163.37,913.0,0.0,0
2022-05-13 08:00:00,28905.852,11.0,12.4,74.0,0,880.8,5.2,3163.37,913.0,0.0,0
2022-05-13 09:00:00,28757.609,14.3,10.4,264.0,0,882.8,6.5,3163.37,913.0,0.0,0
2022-05-13 10:00:00,28110.139,16.9,10.1,448.0,0,883.9,7.3,3163.37,913.0,0.0,0
2022-05-13 11:00:00,27685.569,19.3,10.9,589.0,21,884.2,7.6,3163.37,913.0,0.0,0
2022-05-13 12:00:00,27522.731,21.1,11.9,675.0,47,883.9,7.0,3163.37,912.0,0.0,0
2022-05-13 13:00:00,27241.86,22.0,12.6,698.0,94,883.3,7.6,3163.37,912.0,0.0,0
2022-05-13 14:00:00,27358.342,22.7,12.0,646.0,100,882.7,6.5,3163.37,912.0,0.0,0
2022-05-13 15:00:00,27784.249,23.1,6.7,527.0,99,882.2,6.8,3163.37,912.0,0.0,0
2022-05-13 16:00:00,28572.985,23.4,8.4,360.0,73,881.7,6.1,3163.37,912.0,0.0,0
2022-05-13 17:00:00,29713.392,20.1,7.6,177.0,53,880.8,10.9,3163.37,912.0,0.0,1
2022-05-13 18:00:00,31060.152,16.9,9.3,22.0,100,880.1,4.8,3163.37,912.0,0.0,1
2022-05-13 19:00:00,29469.561,14.9,8.6,0.0,100,880.1,4.5,3163.37,911.0,0.0,1
2022-05-13 20:00:00,27874.852,13.9,8.5,0.0,100,880.1,7.1,3163.37,912.0,0.0,1
2022-05-13 21:00:00,26140.077,13.7,8.9,0.0,100,880.4,8.1,3163.37,912.0,0.0,1
2022-05-13 22:00:00,24216.671,11.6,13.5,0.0,100,880.0,7.4,3163.37,912.0,0.0,1
2022-05-13 23:00:00,22725.423,12.0,11.7,0.0,100,880.4,5.7,3163.37,912.0,0.0,0
2022-05-14 00:00:00,21920.985,9.7,12.5,0.0,100,879.5,4.0,3163.37,912.0,0.0,0
2022-05-14 01:00:00,21305.04,9.1,9.0,0.0,100,879.5,3.4,3163.37,912.0,0.0,0
2022-05-14 02:00:00,21118.597,8.8,9.6,0.0,99,880.0,2.9,3163.37,912.0,0.0,0
2022-05-14 03:00:00,21234.522,7.6,9.8,0.0,100,879.1,2.8,3163.37,912.0,0.0,0
2022-05-14 04:00:00,21727.007,9.9,6.1,0.0,100,880.0,2.5,3163.37,912.0,0.0,0
2022-05-14 05:00:00,22493.019,9.5,2.2,0.0,28,880.0,2.7,3163.37,912.0,0.0,0
2022-05-14 06:00:00,23898.163,8.8,2.9,0.0,30,880.0,3.1,3163.37,912.0,0.0,0
2022-05-14 07:00:00,26271.841,6.6,4.7,0.0,4,879.9,3.0,3163.37,912.0,0.0,0
2022-05-14 08:00:00,27535.828,8.3,4.0,76.0,6,881.4,3.7,3163.37,912.0,0.0,0
2022-05-14 09:00:00,27990.845,12.2,3.4,273.0,5,883.5,4.6,3163.37,912.0,0.0,0
2022-05-14 10:00:00,27424.608,15.2,5.3,462.0,0,885.1,2.7,3163.37,912.0,0.0,0
2022-05-14 11:00:00,26963.098,17.2,6.9,607.0,0,885.5,2.0,3163.37,912.0,0.0,0
2022-05-14 12:00:00,26584.195,18.7,4.6,692.0,0,885.3,1.1,3163.37,912.0,0.0,0
2022-05-14 13:00:00,26242.707,19.7,4.8,711.0,0,884.8,0.4,3163.37,912.0,0.0,0
2022-05-14 14:00:00,26203.837,20.5,7.3,663.0,0,884.3,-0.9,3163.37,912.0,0.0,0
2022-05-14 15:00:00,26452.386,20.8,8.0,551.0,0,884.2,-1.1,3163.37,912.0,0.0,0
2022-05-14 16:00:00,27318.227,20.3,8.3,383.0,0,884.2,-1.6,3163.37,912.0,0.0,0
2022-05-14 17:00:00,28703.283,17.2,5.9,184.0,0,883.6,3.7,3163.37,912.0,0.0,0
2022-05-14 18:00:00,29417.288,13.4,8.4,21.0,0,882.3,1.1,3163.37,912.0,0.0,2
2022-05-14 19:00:00,28246.637,11.6,11.2,0.0,0,882.0,-0.1,3163.37,912.0,0.0,2
2022-05-14 20:00:00,26534.497,12.5,10.5,0.0,0,882.9,-0.7,3163.37,912.0,0.0,2
2022-05-14 21:00:00,24782.258,10.8,8.6,0.0,0,882.4,-1.2,3163.37,911.0,0.0,2
2022-05-14 22:00:00,23251.847,9.0,10.4,0.0,0,881.9,-0.8,3163.37,911.0,0.0,2
2022-05-14 23:00:00,21862.569,8.6,9.4,0.0,0,882.1,-0.8,3163.37,912.0,0.0,0
2022-05-15 00:00:00,20999.594,7.9,9.0,0.0,0,882.2,-0.9,3163.37,912.0,0.0,0
2022-05-15 01:00:00,20620.431,7.2,8.8,0.0,0,882.1,-0.9,3163.37,911.0,0.0,0
2022-05-15 02:00:00,20488.775,6.4,10.2,0.0,0,882.2,-0.7,3163.37,912.0,0.0,0
2022-05-15 03:00:00,20422.393,5.6,8.7,0.0,0,881.9,-0.7,3163.37,912.0,0.0,0
2022-05-15 04:00:00,20691.461,5.7,8.7,0.0,0,882.0,-0.7,3163.37,912.0,0.0,0
2022-05-15 05:00:00,21252.645,5.7,9.8,0.0,0,882.2,-0.9,3163.37,911.0,0.0,0
2022-05-15 06:00:00,22368.857,5.3,9.7,0.0,0,881.9,-0.9,3163.37,912.0,0.0,0
2022-05-15 07:00:00,24926.854,5.1,10.5,0.0,0,882.4,-0.7,3163.37,912.0,0.0,0
2022-05-15 08:00:00,27069.456,7.3,12.3,75.0,0,883.9,0.2,3163.37,912.0,0.0,0
2022-05-15 09:00:00,27963.277,10.8,4.0,271.0,0,886.8,2.3,3163.37,912.0,0.0,0
2022-05-15 10:00:00,27687.854,13.8,5.2,457.0,0,889.0,3.8,3163.37,912.0,0.0,0
2022-05-15 11:00:00,27183.347,16.6,4.7,600.0,0,889.7,4.0,3163.37,913.0,0.0,0
2022-05-15 12:00:00,26892.915,19.2,4.5,685.0,0,889.6,2.5,3163.37,913.0,0.0,0
2022-05-15 13:00:00,26544.051,20.9,4.6,703.0,0,889.2,-0.5,3163.37,913.0,0.0,0
2022-05-15 14:00:00,26220.385,21.6,2.1,653.0,0,888.8,-1.9,3163.37,913.0,0.0,0
2022-05-15 15:00:00,26510.409,22.1,1.6,540.0,0,888.7,-1.9,3163.37,913.0,0.0,0
2022-05-15 16:00:00,27738.603,21.8,1.5,375.0,0,888.3,-1.8,3163.37,913.0,0.0,0
2022-05-15 17:00:00,28821.229,19.4,3.8,180.0,0,887.7,6.4,3163.37,913.0,0.0,0
2022-05-15 18:00:00,30308.049,14.3,10.1,20.0,0,885.8,1.8,3163.37,912.0,0.0,2
2022-05-15 19:00:00,29125.203,13.8,9.1,0.0,0,886.5,1.8,3163.37,912.0,0.0,2
2022-05-15 20:00:00,27278.204,13.2,10.0,0.0,0,886.7,1.3,3163.37,912.0,0.0,2
2022-05-15 21:00:00,25103.998,12.8,11.4,0.0,0,886.6,1.2,3163.37,912.0,0.0,2
2022-05-15 22:00:00,23036.889,12.8,14.0,0.0,0,887.0,1.6,3163.37,912.0,0.0,2
2022-05-15 23:00:00,21654.824,12.2,10.7,0.0,0,887.1,2.5,3163.37,912.0,0.0,0
2022-05-16 00:00:00,20918.991,12.0,10.7,0.0,0,887.1,4.3,3163.37,912.0,0.0,0
2022-05-16 01:00:00,20473.558,12.5,13.9,0.0,0,887.7,5.4,3163.37,912.0,0.0,0
2022-05-16 02:00:00,20341.059,11.8,13.6,0.0,0,888.0,6.1,3163.37,913.0,0.0,0
2022-05-16 03:00:00,20747.215,11.2,13.0,0.0,0,887.4,6.3,3163.37,913.0,0.0,0
2022-05-16 04:00:00,22529.112,10.9,13.4,0.0,0,887.7,6.6,3163.37,913.0,0.0,0
2022-05-16 05:00:00,25935.984,10.6,12.9,0.0,0,888.0,6.9,3163.37,913.0,0.0,0
2022-05-16 06:00:00,28316.663,10.2,12.2,0.0,0,888.2,7.1,3163.37,913.0,0.0,0
2022-05-16 07:00:00,27909.277,9.7,11.9,0.0,0,888.7,7.2,3163.37,912.0,0.0,0
2022-05-16 08:00:00,28340.87,11.3,14.0,67.0,0,889.7,7.6,3163.37,912.0,0.0,0
2022-05-16 09:00:00,28245.118,13.8,12.7,251.0,0,891.2,8.1,3163.37,912.0,0.0,0
2022-05-16 10:00:00,27816.173,16.4,13.2,431.0,0,892.2,8.5,3163.37,913.0,0.0,0
2022-05-16 11:00:00,27635.616,18.6,13.8,569.0,0,892.3,8.8,3163.37,912.0,0.0,0
2022-05-16 12:00:00,27521.399,20.2,13.9,652.0,0,892.0,9.2,3163.37,912.0,0.0,0
2022-05-16 13:00:00,27226.941,21.5,13.1,671.0,0,891.4,9.1,3163.37,912.0,0.0,0
2022-05-16 14:00:00,27732.934,22.1,14.0,610.0,15,890.9,7.4,3163.37,912.0,0.0,0
2022-05-16 15:00:00,28630.163,22.2,12.8,482.0,7,890.4,6.3,3163.37,912.0,0.0,0
2022-05-16 16:00:00,29908.6,21.7,12.4,337.0,2,890.0,5.8,3163.37,912.0,0.0,0
2022-05-16 17:00:00,31188.631,19.5,6.2,166.0,2,889.2,7.6,3163.37,912.0,0.0,4
2022-05-16 18:00:00,32167.491,15.3,10.2,18.0,2,887.5,7.3,3163.37,912.0,0.0,4
2022-05-16 19:00:00,30521.778,14.6,7.9,0.0,1,888.0,7.1,3163.37,912.0,0.0,4
2022-05-16 20:00:00,28772.103,13.8,9.3,0.0,1,888.2,6.4,3163.37,912.0,0.0,4
2022-05-16 21:00:00,26393.081,13.6,9.7,0.0,0,888.2,6.0,3163.37,912.0,0.0,4
2022-05-16 22:00:00,23934.691,13.5,10.9,0.0,0,888.2,6.1,3163.37,912.0,0.0,4
2022-05-16 23:00:00,22589.753,13.0,11.2,0.0,0,888.0,6.2,3163.37,912.0,0.0,0
2022-05-17 00:00:00,21920.509,12.1,10.5,0.0,0,887.6,6.2,3163.37,912.0,0.0,0
2022-05-17 01:00:00,21599.365,11.3,10.0,0.0,0,887.0,6.1,3163.37,912.0,0.0,0
2022-05-17 02:00:00,21391.886,10.6,8.2,0.0,0,887.2,6.2,3163.37,913.0,0.0,0
2022-05-17 03:00:00,21772.897,8.6,10.0,0.0,0,885.7,6.3,3163.37,913.0,0.0,0
2022-05-17 04:00:00,23513.67,8.0,9.0,0.0,0,885.4,5.9,3163.37,913.0,0.0,0
2022-05-17 05:00:00,26881.786,8.7,9.0,0.0,0,885.9,6.2,3163.37,913.0,0.0,0
2022-05-17 06:00:00,29199.258,8.2,7.9,0.0,0,885.7,6.1,3163.37,913.0,0.0,0
2022-05-17 07:00:00,28567.317,8.0,8.0,0.0,0,886.2,5.9,3163.37,913.0,0.0,0
2022-05-17 08:00:00,28786.86,10.8,11.2,66.0,0,887.9,6.2,3163.37,912.0,0.0,0
2022-05-17 09:00:00,28279.433,14.1,8.2,250.0,0,889.7,7.0,3163.37,912.0,0.0,0
2022-05-17 10:00:00,27962.897,16.6,10.2,429.0,0,890.5,7.6,3163.37,913.0,0.0,0
2022-05-17 11:00:00,27826.479,18.4,10.1,566.0,0,890.6,8.4,3163.37,912.0,0.0,0
2022-05-17 12:00:00,27569.889,19.8,9.7,648.0,0,890.1,8.0,3163.37,912.0,0.0,0
2022-05-17 13:00:00,27613.3,20.6,9.4,666.0,0,889.3,7.1,3163.37,912.0,0.0,0
2022-05-17 14:00:00,28202.72,20.9,8.0,619.0,5,888.8,6.5,3163.37,913.0,0.0,0
2022-05-17 15:00:00,29224.77,21.0,7.8,483.0,14,888.0,6.1,3163.37,913.0,0.0,0
2022-05-17 16:00:00,30162.719,20.4,8.2,324.0,7,887.4,5.9,3163.37,912.0,0.0,0
2022-05-17 17:00:00,31488.796,18.2,6.2,153.0,7,886.4,10.9,3163.37,913.0,0.0,0
2022-05-17 18:00:00,32798.41,16.7,6.8,17.0,5,885.7,7.3,3163.37,912.0,0.0,3
2022-05-17 19:00:00,31120.764,13.8,9.9,0.0,6,884.6,7.7,3163.37,912.0,0.0,3
2022-05-17 20:00:00,29318.777,13.2,7.4,0.0,7,885.0,7.7,3163.37,912.0,0.0,3
2022-05-17 21:00:00,27172.673,12.0,7.4,0.0,6,884.5,7.6,3163.37,912.0,0.0,3
2022-05-17 22:00:00,25075.415,11.6,7.3,0.0,4,884.4,7.5,3163.37,912.0,0.0,3
2022-05-17 23:00:00,23549.518,10.9,8.0,0.0,3,883.8,7.1,3163.37,912.0,0.0,0
2022-05-18 00:00:00,22002.245,10.5,7.8,0.0,2,883.5,6.8,3163.37,912.0,0.0,0
2022-05-18 01:00:00,21683.204,10.0,7.4,0.0,0,883.3,6.7,3163.37,912.0,0.0,0
2022-05-18 02:00:00,21621.178,10.0,8.8,0.0,0,883.3,6.5,3163.37,912.0,0.0,0
2022-05-18 03:00:00,21995.424,9.1,8.8,0.0,0,882.8,6.5,3163.37,913.0,0.0,0
2022-05-18 04:00:00,23963.673,8.7,9.3,0.0,0,882.5,6.5,3163.37,912.0,0.0,0
2022-05-18 05:00:00,26965.217,8.5,9.2,0.0,0,882.1,6.5,3163.37,913.0,0.0,0
2022-05-18 06:00:00,29508.052,8.2,9.3,0.0,0,881.9,6.5,3163.37,912.0,0.0,0
2022-05-18 07:00:00,29041.321,8.1,10.2,0.0,0,882.2,6.5,3163.37,912.0,0.0,0
2022-05-18 08:00:00,28932.288,9.9,12.7,63.0,0,883.4,7.0,3163.37,912.0,0.0,0
2022-05-18 09:00:00,28725.73,12.8,10.8,244.0,0,885.0,7.7,3163.37,912.0,0.0,0
2022-05-18 10:00:00,28172.019,15.3,12.0,422.0,0,885.9,8.3,3163.37,912.0,0.0,0
2022-05-18 11:00:00,28102.119,17.5,13.6,558.0,0,885.9,8.6,3163.37,912.0,0.0,0
2022-05-18 12:00:00,27917.524,19.1,16.2,640.0,19,885.3,7.7,3163.37,912.0,0.0,0
2022-05-18 13:00:00,27892.315,19.8,16.6,589.0,9,884.4,6.5,3163.37,912.0,0.0,0
2022-05-18 14:00:00,28293.777,19.7,18.7,557.0,9,884.0,5.6,3163.37,912.0,0.0,0
2022-05-18 15:00:00,29111.65,19.6,15.3,466.0,17,883.4,5.3,3163.37,913.0,0.0,0
2022-05-18 16:00:00,30473.152,19.6,12.7,307.0,22,882.8,4.7,3163.37,913.0,0.0,0
2022-05-18 17:00:00,32168.44,18.1,9.1,154.0,11,882.0,5.7,3163.37,913.0,0.0,2
2022-05-18 18:00:00,33051.822,14.3,9.4,15.0,9,880.1,6.0,3163.37,913.0,0.0,2
2022-05-18 19:00:00,31146.888,13.6,7.5,0.0,6,880.2,6.0,3163.37,913.0,0.0,2
2022-05-18 20:00:00,28967.461,12.9,10.0,0.0,1,880.6,6.0,3163.37,912.0,0.0,2
2022-05-18 21:00:00,26467.333,11.8,9.1,0.0,0,880.7,5.9,3163.37,912.0,0.0,2
2022-05-18 22:00:00,24241.677,11.2,9.2,0.0,0,880.7,6.1,3163.37,912.0,0.0,2
2022-05-18 23:00:00,22790.002,10.8,9.8,0.0,0,880.5,6.3,3163.37,912.0,0.0,0
2022-05-19 00:00:00,22152.279,10.5,10.8,0.0,0,880.1,6.4,3163.37,912.0,0.0,0
2022-05-19 01:00:00,21654.555,10.2,11.9,0.0,0,880.0,6.4,3163.37,913.0,0.0,0
2022-05-19 02:00:00,21641.194,9.9,12.4,0.0,0,879.6,6.0,3163.37,916.0,0.0,0
2022-05-19 03:00:00,21915.681,9.4,12.1,0.0,0,878.8,5.9,3163.37,916.0,0.0,0
2022-05-19 04:00:00,23715.956,9.2,13.3,0.0,0,878.4,6.2,3163.37,916.0,0.0,0
2022-05-19 05:00:00,26938.664,9.3,16.9,0.0,0,878.3,6.6,3163.37,916.0,0.0,0
2022-05-19 06:00:00,29259.982,9.1,16.6,0.0,0,878.3,7.0,3163.37,913.0,0.0,0
2022-05-19 07:00:00,28771.854,8.9,15.9,0.0,0,879.0,7.2,3163.37,912.0,0.0,0
2022-05-19 08:00:00,28879.042,10.5,17.0,63.0,0,879.8,7.4,3163.37,912.0,0.0,0
2022-05-19 09:00:00,28438.518,13.0,16.9,248.0,63,881.2,7.8,3163.37,912.0,0.0,0
2022-05-19 10:00:00,28105.199,15.2,18.0,339.0,32,881.6,8.1,3163.37,912.0,0.0,0
2022-05-19 11:00:00,27847.394,17.4,19.8,487.0,41,881.5,8.2,3163.37,911.0,0.0,0
2022-05-19 12:00:00,27486.484,19.2,20.0,563.0,36,881.1,7.9,3163.37,911.0,0.0,0
2022-05-19 13:00:00,27612.457,20.6,18.6,596.0,48,880.4,8.2,3163.37,911.0,0.0,0
2022-05-19 14:00:00,27985.833,19.9,21.5,504.0,51,880.0,7.0,3163.37,911.0,0.0,0
2022-05-19 15:00:00,29126.765,20.7,23.5,411.0,77,879.6,4.2,3163.37,912.0,0.0,0
2022-05-19 16:00:00,30253.552,20.4,20.5,288.0,99,879.1,4.0,3163.37,912.0,0.0,0
2022-05-19 17:00:00,31776.931,19.0,16.2,133.0,98,878.7,4.6,3163.37,912.0,0.0,2
2022-05-19 18:00:00,33014.543,16.7,12.6,14.0,81,877.8,4.7,3163.37,912.0,0.0,2
2022-05-19 19:00:00,31257.802,15.3,12.4,0.0,67,877.7,4.8,3163.37,912.0,0.0,2
2022-05-19 20:00:00,29348.717,14.6,13.5,0.0,39,877.4,5.1,3163.37,911.0,0.0,2
2022-05-19 21:00:00,26827.542,14.2,14.2,0.0,51,877.4,5.2,3163.37,910.0,0.0,2
2022-05-19 22:00:00,24323.714,13.9,13.2,0.0,40,877.2,5.1,3163.37,912.0,0.0,2
2022-05-19 23:00:00,22804.882,13.5,14.1,0.0,19,876.9,5.0,3163.37,912.0,0.0,0
2022-05-20 00:00:00,22029.241,12.6,13.0,0.0,33,876.2,5.1,3163.37,912.0,0.0,0
2022-05-20 01:00:00,21751.269,12.1,13.7,0.0,54,875.9,5.2,3163.37,912.0,0.0,0
2022-05-20 02:00:00,21739.2,10.9,2.5,0.0,57,876.7,7.2,3163.37,913.0,0.0,0
2022-05-20 03:00:00,22043.056,10.8,5.0,0.0,79,876.0,7.9,3163.37,912.0,0.0,0
2022-05-20 04:00:00,23841.95,11.3,3.6,0.0,100,876.1,7.8,3163.37,912.0,0.0,0
2022-05-20 05:00:00,27037.992,10.9,3.1,0.0,100,876.1,8.9,3163.37,912.0,0.0,0
2022-05-20 06:00:00,29397.345,10.9,3.6,0.0,100,876.2,9.3,3163.37,912.0,0.0,0
2022-05-20 07:00:00,29136.674,10.7,6.7,0.0,100,876.2,8.9,3163.37,912.0,0.0,0
2022-05-20 08:00:00,29486.734,10.7,12.5,7.0,99,876.3,8.3,3163.37,912.0,0.0,0
2022-05-20 09:00:00,29128.973,11.4,14.2,96.0,100,876.4,9.0,3163.37,912.0,0.0,0
2022-05-20 10:00:00,28747.356,13.0,15.5,248.0,100,877.4,9.1,3163.37,912.0,0.0,0
2022-05-20 11:00:00,28427.498,14.2,16.9,381.0,100,877.9,7.7,3163.37,912.0,0.0,0
2022-05-20 12:00:00,28439.179,13.0,13.4,126.0,100,876.7,8.7,3163.37,912.0,0.0,0
2022-05-20 13:00:00,28232.646,12.4,15.2,145.0,100,875.9,9.8,3163.37,912.0,0.0,0
2022-05-20 14:00:00,28579.167,12.0,15.5,151.0,100,875.1,10.3,3163.37,912.0,0.0,0
2022-05-20 15:00:00,29248.345,11.9,13.9,93.0,100,875.1,10.1,3163.37,912.0,0.0,0
2022-05-20 16:00:00,30150.52,11.7,11.1,39.0,100,875.1,10.3,3163.37,912.0,0.0,0
2022-05-20 17:00:00,31348.347,11.5,8.8,30.0,100,875.0,10.2,3163.37,912.0,0.0,0
2022-05-20 18:00:00,31881.919,11.1,8.9,8.0,100,874.5,10.0,3163.37,912.0,0.0,2
2022-05-20 19:00:00,30278.325,10.8,9.8,0.0,100,874.8,9.4,3163.37,912.0,0.0,2
2022-05-20 20:00:00,28818.888,10.8,8.2,0.0,100,875.5,9.8,3163.37,912.0,0.0,2
2022-05-20 21:00:00,26653.159,10.8,6.4,0.0,100,876.4,9.9,3163.37,912.0,0.0,2
2022-05-20 22:00:00,24578.499,10.6,16.8,0.0,100,876.1,9.4,3163.37,912.0,0.0,0
2022-05-20 23:00:00,23198.676,10.2,19.1,0.0,100,875.4,8.9,3163.37,912.0,0.0,0
2022-05-21 00:00:00,22213.067,10.2,22.9,0.0,96,875.1,8.5,3163.37,911.0,0.0,0
2022-05-21 01:00:00,21655.048,10.0,24.5,0.0,100,874.9,8.4,3163.37,912.0,0.0,0
2022-05-21 02:00:00,21303.888,9.4,21.1,0.0,100,873.9,8.0,3163.37,912.0,0.0,0
2022-05-21 03:00:00,21396.403,9.1,16.2,0.0,53,874.0,7.8,3163.37,912.0,0.0,0
2022-05-21 04:00:00,21886.073,8.9,13.7,0.0,97,874.1,7.6,3163.37,912.0,0.0,0
2022-05-21 05:00:00,22560.655,9.1,12.9,0.0,100,875.2,8.0,3163.37,912.0,0.0,0
2022-05-21 06:00:00,24014.784,6.7,9.8,0.0,100,876.0,5.5,3163.37,912.0,0.0,0
2022-05-21 07:00:00,26496.687,6.4,6.0,0.0,89,876.5,5.5,3163.37,912.0,0.0,0
2022-05-21 08:00:00,28368.468,7.0,3.9,34.0,100,877.5,6.0,3163.37,912.0,0.0,0
2022-05-21 09:00:00,29823.315,7.8,4.3,68.0,100,878.8,6.2,3163.37,912.0,0.0,2
2022-05-21 10:00:00,29853.023,9.3,1.6,194.0,99,879.7,6.8,3163.37,912.0,0.0,2
2022-05-21 11:00:00,29610.714,11.0,1.6,343.0,100,880.0,7.4,3163.37,912.0,0.0,2
2022-05-21 12:00:00,29462.935,12.0,8.0,247.0,100,879.3,7.0,3163.37,912.0,0.0,2
2022-05-21 13:00:00,29203.423,12.3,16.8,224.0,100,878.8,7.9,3163.37,911.0,0.0,2
2022-05-21 14:00:00,29034.455,12.7,11.2,164.0,100,878.6,8.0,3163.37,911.0,0.0,4
2022-05-21 15:00:00,29356.678,12.8,8.4,123.0,100,878.7,8.2,3163.37,911.0,0.0,4
2022-05-21 16:00:00,30234.563,12.4,4.3,56.0,100,879.2,8.8,3163.37,911.0,0.0,4
2022-05-21 17:00:00,31394.778,11.6,5.1,34.0,100,880.3,9.5,3163.37,911.0,0.0,4
2022-05-21 18:00:00,31979.574,11.0,3.1,5.0,100,881.0,9.9,3163.37,911.0,0.0,4
2022-05-21 19:00:00,30412.954,11.0,7.0,0.0,100,881.4,9.7,3163.37,911.0,0.0,4
2022-05-21 20:00:00,28310.921,11.3,3.6,0.0,100,881.6,9.7,3163.37,911.0,0.0,4
2022-05-21 21:00:00,26388.224,10.8,7.3,0.0,100,882.0,9.7,3163.37,911.0,0.0,4
2022-05-21 22:00:00,24430.802,10.8,7.4,0.0,100,882.3,9.7,3163.37,911.0,0.0,4
2022-05-21 23:00:00,22764.046,10.7,7.9,0.0,100,882.4,9.5,3163.37,911.0,0.0,0
2022-05-22 00:00:00,21596.165,10.4,6.1,0.0,100,881.9,9.2,3163.37,911.0,0.0,0
2022-05-22 01:00:00,21023.584,9.6,5.9,0.0,100,881.3,8.9,3163.37,911.0,0.0,0
2022-05-22 02:00:00,20699.414,8.0,5.4,0.0,7,880.6,7.0,3163.37,911.0,0.0,0
2022-05-22 03:00:00,20687.024,7.1,5.9,0.0,40,880.8,6.7,3163.37,912.0,0.0,0
2022-05-22 04:00:00,20990.486,7.3,8.3,0.0,21,881.0,6.8,3163.37,912.0,0.0,0
2022-05-22 05:00:00,21547.275,7.1,8.4,0.0,92,881.1,6.4,3163.37,912.0,0.0,0
2022-05-22 06:00:00,22898.118,7.0,7.9,0.0,84,881.1,6.2,3163.37,912.0,0.0,0
2022-05-22 07:00:00,25782.559,6.6,7.5,0.0,55,881.6,6.0,3163.37,912.0,0.0,0
2022-05-22 08:00:00,27654.244,8.1,9.4,51.0,27,882.5,6.9,3163.37,912.0,0.0,0
2022-05-22 09:00:00,28919.043,10.4,7.2,216.0,19,884.1,8.7,3163.37,912.0,0.0,2
2022-05-22 10:00:00,29125.709,12.8,5.6,411.0,8,885.3,9.3,3163.37,912.0,0.0,2
2022-05-22 11:00:00,29042.81,14.6,3.5,541.0,100,885.2,8.1,3163.37,912.0,0.0,2
2022-05-22 12:00:00,28931.135,15.5,3.6,523.0,99,885.0,7.7,3163.37,911.0,0.0,2
2022-05-22 13:00:00,28750.912,15.8,0.8,383.0,100,884.4,7.4,3163.37,911.0,0.0,2
2022-05-22 14:00:00,28563.626,16.9,5.7,464.0,100,884.0,6.8,3163.37,911.0,0.0,2
2022-05-22 15:00:00,28585.219,16.6,4.0,275.0,90,883.6,7.4,3163.37,911.0,0.0,2
2022-05-22 16:00:00,29236.397,16.4,4.5,214.0,40,883.5,7.5,3163.37,911.0,0.0,2
2022-05-22 17:00:00,30248.456,14.7,4.6,141.0,39,883.2,10.0,3163.37,911.0,0.0,3
2022-05-22 18:00:00,31100.602,11.9,7.6,12.0,83,882.5,8.8,3163.37,912.0,0.0,3
2022-05-22 19:00:00,29791.605,12.3,6.4,0.0,73,883.1,8.5,3163.37,912.0,0.0,3
2022-05-22 20:00:00,27815.598,11.5,10.2,0.0,0,883.1,8.1,3163.37,912.0,0.0,3
2022-05-22 21:00:00,25639.782,10.3,8.7,0.0,0,882.7,8.2,3163.37,912.0,0.0,3
2022-05-22 22:00:00,23628.265,8.4,10.7,0.0,0,882.2,7.1,3163.37,912.0,0.0,0
2022-05-22 23:00:00,22270.548,8.1,9.7,0.0,0,882.0,6.7,3163.37,912.0,0.0,0
2022-05-23 00:00:00,21308.977,7.7,10.6,0.0,0,881.3,6.4,3163.37,912.0,0.0,0
2022-05-23 01:00:00,20818.622,7.1,11.1,0.0,0,881.3,5.9,3163.37,912.0,0.0,0
2022-05-23 02:00:00,20811.661,7.4,10.8,0.0,0,881.6,5.9,3163.37,912.0,0.0,0
2022-05-23 03:00:00,21016.105,6.6,10.5,0.0,0,880.9,5.3,3163.37,911.0,0.0,0
2022-05-23 04:00:00,22844.877,7.3,8.0,0.0,0,881.2,5.7,3163.37,912.0,0.0,0
2022-05-23 05:00:00,26456.155,8.7,6.2,0.0,0,882.1,6.6,3163.37,912.0,0.0,0
2022-05-23 06:00:00,29267.16,8.3,1.1,0.0,4,881.7,6.7,3163.37,912.0,0.0,0
2022-05-23 07:00:00,29097.011,7.1,5.1,0.0,0,881.6,6.3,3163.37,912.0,0.0,0
2022-05-23 08:00:00,29609.236,7.8,5.4,55.0,0,882.3,7.0,3163.37,912.0,0.0,0
2022-05-23 09:00:00,29745.021,10.6,3.9,230.0,13,883.6,8.3,3163.37,912.0,0.0,0
2022-05-23 10:00:00,29062.756,13.2,4.6,409.0,35,884.9,9.1,3163.37,912.0,0.0,0
2022-05-23 11:00:00,28720.225,15.2,5.1,549.0,57,885.2,9.2,3163.37,912.0,0.0,0
2022-05-23 12:00:00,28346.016,16.5,7.0,632.0,13,884.6,8.7,3163.37,912.0,0.0,0
2022-05-23 13:00:00,28149.826,17.3,8.6,652.0,9,884.1,8.4,3163.37,912.0,0.0,0
2022-05-23 14:00:00,28410.187,17.9,7.3,606.0,0,883.7,7.7,3163.37,912.0,0.0,0
2022-05-23 15:00:00,29331.71,18.1,7.5,501.0,0,883.4,7.1,3163.37,912.0,0.0,0
2022-05-23 16:00:00,30296.646,17.6,7.0,344.0,0,883.0,6.8,3163.37,912.0,0.0,0
2022-05-23 17:00:00,32070.398,15.1,6.3,157.0,26,882.2,9.9,3163.37,912.0,0.0,0
2022-05-23 18:00:00,32950.957,11.6,10.0,14.0,70,880.9,7.8,3163.37,912.0,0.0,2
2022-05-23 19:00:00,31083.758,10.4,11.6,0.0,99,880.8,7.3,3163.37,912.0,0.0,2
2022-05-23 20:00:00,29224.805,11.1,9.0,0.0,99,881.4,6.7,3163.37,912.0,0.0,2
2022-05-23 21:00:00,26711.681,11.5,8.6,0.0,98,881.4,6.3,3163.37,912.0,0.0,2
2022-05-23 22:00:00,24346.544,10.0,9.8,0.0,97,880.9,6.1,3163.37,912.0,0.0,2
2022-05-23 23:00:00,22872.506,9.0,10.0,0.0,89,880.8,5.9,3163.37,912.0,0.0,0
2022-05-24 00:00:00,21902.651,9.2,8.7,0.0,61,880.7,5.9,3163.37,912.0,0.0,0
2022-05-24 01:00:00,21614.967,9.7,8.0,0.0,17,881.0,6.1,3163.37,912.0,0.0,0
2022-05-24 02:00:00,21581.864,10.4,5.1,0.0,25,881.1,6.3,3163.37,911.0,0.0,0
2022-05-24 03:00:00,21764.81,9.8,4.6,0.0,46,880.9,6.3,3163.37,911.0,0.0,0
2022-05-24 04:00:00,23555.877,6.1,8.0,0.0,5,879.8,4.9,3163.37,912.0,0.0,0
2022-05-24 05:00:00,26806.444,5.6,7.6,0.0,0,879.5,4.8,3163.37,912.0,0.0,0
2022-05-24 06:00:00,29638.595,5.7,6.9,0.0,0,879.7,4.7,3163.37,912.0,0.0,0
2022-05-24 07:00:00,29093.514,5.3,8.0,0.0,0,880.2,4.4,3163.37,912.0,0.0,0
2022-05-24 08:00:00,29015.136,8.2,6.2,56.0,0,881.8,6.5,3163.37,912.0,0.0,0
2022-05-24 09:00:00,28619.209,11.4,6.1,231.0,0,883.5,8.2,3163.37,912.0,0.0,0
2022-05-24 10:00:00,28153.105,14.0,6.3,414.0,1,884.9,8.7,3163.37,912.0,0.0,0
2022-05-24 11:00:00,27651.197,15.9,6.8,554.0,0,885.1,8.7,3163.37,912.0,0.0,0
2022-05-24 12:00:00,27327.16,17.3,7.8,637.0,0,884.9,8.2,3163.37,912.0,0.0,0
2022-05-24 13:00:00,27144.566,18.3,8.4,657.0,0,884.4,7.7,3163.37,912.0,0.0,0
2022-05-24 14:00:00,27171.682,19.1,9.0,611.0,0,883.9,5.6,3163.37,912.0,0.0,0
2022-05-24 15:00:00,27879.673,19.3,9.3,506.0,0,883.8,5.7,3163.37,911.0,0.0,0
2022-05-24 16:00:00,29338.364,18.8,9.0,347.0,0,883.4,5.7,3163.37,911.0,0.0,0
2022-05-24 17:00:00,30739.143,15.5,8.4,159.0,0,882.0,9.9,3163.37,911.0,0.0,0
2022-05-24 18:00:00,32334.804,12.6,10.1,14.0,0,880.6,6.6,3163.37,911.0,0.0,2
2022-05-24 19:00:00,30794.107,11.3,10.2,0.0,0,880.5,6.3,3163.37,911.0,0.0,2
2022-05-24 20:00:00,28676.038,10.6,10.5,0.0,0,880.7,5.6,3163.37,911.0,0.0,2
2022-05-24 21:00:00,26409.93,9.5,11.3,0.0,0,880.5,5.1,3163.37,911.0,0.0,2
2022-05-24 22:00:00,24358.116,9.1,9.7,0.0,0,881.0,5.3,3163.37,911.0,0.0,2
2022-05-24 23:00:00,22711.224,8.7,7.9,0.0,0,880.8,5.5,3163.37,911.0,0.0,0
2022-05-25 00:00:00,21855.135,8.0,8.2,0.0,0,880.6,5.7,3163.37,911.0,0.0,0
2022-05-25 01:00:00,21441.689,7.2,10.0,0.0,0,880.2,5.5,3163.37,911.0,0.0,0
2022-05-25 02:00:00,21272.929,7.5,9.0,0.0,0,880.2,5.8,3163.37,911.0,0.0,0
2022-05-25 03:00:00,21627.535,6.3,9.4,0.0,0,879.7,5.1,3163.37,911.0,0.0,0
2022-05-25 04:00:00,23418.578,6.2,7.6,0.0,0,880.1,5.0,3163.37,911.0,0.0,0
2022-05-25 05:00:00,26856.431,6.2,7.4,0.0,0,880.0,4.9,3163.37,911.0,0.0,0
2022-05-25 06:00:00,29491.27,6.0,8.0,0.0,0,880.1,4.6,3163.37,911.0,0.0,0
2022-05-25 07:00:00,29198.676,5.5,7.6,0.0,0,880.6,4.2,3163.37,911.0,0.0,0
2022-05-25 08:00:00,29234.508,7.7,10.5,56.0,0,881.8,5.3,3163.37,911.0,0.0,0
2022-05-25 09:00:00,28676.187,10.9,9.1,237.0,0,883.6,6.7,3163.37,911.0,0.0,0
2022-05-25 10:00:00,27859.849,13.7,9.0,417.0,0,885.1,7.1,3163.37,911.0,0.0,0
2022-05-25 11:00:00,27314.983,16.2,8.3,556.0,0,885.6,7.5,3163.37,911.0,0.0,0
2022-05-25 12:00:00,26970.165,18.2,7.4,638.0,0,885.6,7.3,3163.37,911.0,0.0,0
2022-05-25 13:00:00,26561.903,19.8,7.1,657.0,0,885.3,7.1,3163.37,911.0,0.0,0
2022-05-25 14:00:00,26800.123,21.4,5.4,610.0,0,884.9,6.1,3163.37,911.0,0.0,0
2022-05-25 15:00:00,27777.1,21.6,5.2,504.0,0,884.6,6.1,3163.37,911.0,0.0,0
2022-05-25 16:00:00,29182.751,20.9,5.6,344.0,0,884.4,6.7,3163.37,911.0,0.0,0
2022-05-25 17:00:00,31137.016,17.1,8.6,156.0,0,883.1,10.8,3163.37,911.0,0.0,0
2022-05-25 18:00:00,32383.017,17.3,7.8,14.0,0,883.5,5.5,3163.37,911.0,0.0,2
2022-05-25 19:00:00,30746.659,16.0,9.1,0.0,0,883.3,4.7,3163.37,911.0,0.0,2
2022-05-25 20:00:00,28635.348,13.3,10.3,0.0,0,882.5,4.7,3163.37,911.0,0.0,2
2022-05-25 21:00:00,26291.255,11.7,9.1,0.0,0,882.2,5.1,3163.37,911.0,0.0,2
2022-05-25 22:00:00,24180.348,10.2,8.3,0.0,0,882.0,6.3,3163.37,911.0,0.0,2
2022-05-25 23:00:00,22550.058,8.9,11.8,0.0,0,881.4,6.5,3163.37,912.0,0.0,0
2022-05-26 00:00:00,21681.68,8.7,11.9,0.0,0,881.1,6.2,3163.37,912.0,0.0,0
2022-05-26 01:00:00,21305.894,8.2,11.7,0.0,0,881.1,5.9,3163.37,912.0,0.0,0
2022-05-26 02:00:00,21147.586,8.5,10.8,0.0,0,881.5,5.5,3163.37,912.0,0.0,0
2022-05-26 03:00:00,21420.999,6.7,11.7,0.0,0,880.5,4.7,3163.37,911.0,0.0,0
2022-05-26 04:00:00,23241.355,6.4,10.6,0.0,0,880.3,4.8,3163.37,911.0,0.0,0
2022-05-26 05:00:00,26123.316,6.1,10.2,0.0,0,880.5,4.8,3163.37,911.0,0.0,0
2022-05-26 06:00:00,28684.633,5.5,9.5,0.0,0,880.7,4.5,3163.37,911.0,0.0,0
2022-05-26 07:00:00,28686.828,5.2,9.0,0.0,0,881.2,4.2,3163.37,911.0,0.0,0
2022-05-26 08:00:00,28863.506,8.5,3.4,53.0,0,883.5,6.3,3163.37,911.0,0.0,0
2022-05-26 09:00:00,28509.546,11.7,4.3,231.0,0,885.5,7.7,3163.37,911.0,0.0,0
2022-05-26 10:00:00,28046.675,14.5,5.2,409.0,0,886.8,8.0,3163.37,912.0,0.0,0
2022-05-26 11:00:00,27456.72,16.7,5.8,548.0,0,887.4,7.9,3163.37,912.0,0.0,0
2022-05-26 12:00:00,27218.674,18.3,5.5,631.0,0,887.2,7.9,3163.37,911.0,0.0,0
2022-05-26 13:00:00,27019.439,19.4,4.8,650.0,0,886.9,7.8,3163.37,912.0,0.0,0
2022-05-26 14:00:00,27247.017,20.6,5.8,604.0,0,886.4,6.0,3163.37,911.0,0.0,0
2022-05-26 15:00:00,27621.155,20.9,6.3,501.0,0,886.2,5.0,3163.37,911.0,0.0,0
2022-05-26 16:00:00,29089.152,20.4,6.3,344.0,0,885.8,4.4,3163.37,911.0,0.0,0
2022-05-26 17:00:00,30846.761,17.1,7.4,157.0,0,884.8,8.7,3163.37,912.0,0.0,0
2022-05-26 18:00:00,31886.95,12.7,10.8,14.0,0,883.3,5.3,3163.37,912.0,0.0,2
2022-05-26 19:00:00,30459.436,13.5,8.6,0.0,0,884.1,3.8,3163.37,911.0,0.0,2
2022-05-26 20:00:00,28813.6,11.9,8.5,0.0,0,883.9,3.4,3163.37,911.0,0.0,2
2022-05-26 21:00:00,26600.968,10.3,9.2,0.0,0,883.7,3.9,3163.37,911.0,0.0,2
2022-05-26 22:00:00,24400.601,9.6,9.9,0.0,0,883.6,3.7,3163.37,912.0,0.0,2
2022-05-26 23:00:00,22887.29,9.2,8.8,0.0,0,883.4,3.5,3163.37,912.0,0.0,0
2022-05-27 00:00:00,22020.455,8.6,8.2,0.0,0,882.8,3.3,3163.37,912.0,0.0,0
2022-05-27 01:00:00,21609.283,8.2,8.0,0.0,0,882.4,2.9,3163.37,911.0,0.0,0
2022-05-27 02:00:00,21542.856,7.5,7.6,0.0,0,882.5,2.5,3163.37,912.0,0.0,0
2022-05-27 03:00:00,21956.172,5.9,8.3,0.0,0,881.4,2.2,3163.37,912.0,0.0,0
2022-05-27 04:00:00,23721.025,5.5,5.9,0.0,0,881.0,2.2,3163.37,912.0,0.0,0
2022-05-27 05:00:00,26755.613,4.5,7.0,0.0,0,880.8,2.2,3163.37,912.0,0.0,0
2022-05-27 06:00:00,28946.029,3.8,8.6,0.0,0,880.4,2.1,3163.37,912.0,0.0,0
2022-05-27 07:00:00,28873.217,3.8,9.4,0.0,0,880.7,2.0,3163.37,912.0,0.0,0
2022-05-27 08:00:00,29006.486,7.3,8.4,53.0,0,882.9,3.1,3163.37,912.0,0.0,0
2022-05-27 09:00:00,28772.807,11.6,7.1,231.0,0,885.4,4.9,3163.37,912.0,0.0,0
2022-05-27 10:00:00,28177.244,14.7,6.5,410.0,0,886.9,5.9,3163.37,912.0,0.0,0
2022-05-27 11:00:00,27764.467,17.0,8.3,549.0,0,887.5,6.0,3163.37,912.0,0.0,0
2022-05-27 12:00:00,27043.198,18.8,9.1,632.0,0,887.0,6.1,3163.37,912.0,0.0,0
2022-05-27 13:00:00,26876.103,20.2,10.1,652.0,0,886.5,6.2,3163.37,912.0,0.0,0
2022-05-27 14:00:00,26829.456,21.0,10.0,606.0,0,885.8,5.2,3163.37,912.0,0.0,0
2022-05-27 15:00:00,27261.758,21.3,8.9,501.0,0,885.2,5.1,3163.37,912.0,0.0,0
2022-05-27 16:00:00,28120.274,20.8,7.4,344.0,0,884.7,5.7,3163.37,912.0,0.0,0
2022-05-27 17:00:00,29762.772,16.9,8.7,156.0,0,882.8,9.7,3163.37,911.0,0.0,2
2022-05-27 18:00:00,30802.635,14.1,8.5,13.0,0,881.6,6.4,3163.37,911.0,0.0,2
2022-05-27 19:00:00,29635.549,12.5,9.2,0.0,0,881.2,5.1,3163.37,911.0,0.0,2
2022-05-27 20:00:00,28195.054,12.0,8.9,0.0,0,881.5,4.1,3163.37,911.0,0.0,2
2022-05-27 21:00:00,26445.262,11.6,9.1,0.0,0,881.5,3.4,3163.37,911.0,0.0,2
2022-05-27 22:00:00,24471.134,10.5,8.3,0.0,0,881.4,3.6,3163.37,911.0,0.0,2
2022-05-27 23:00:00,22899.105,9.8,8.4,0.0,0,881.1,3.8,3163.37,911.0,0.0,0
2022-05-28 00:00:00,22034.246,9.2,8.0,0.0,0,880.7,4.0,3163.37,911.0,0.0,0
2022-05-28 01:00:00,21437.943,8.8,8.1,0.0,0,880.3,3.9,3163.37,911.0,0.0,0
2022-05-28 02:00:00,21146.571,9.0,9.3,0.0,0,880.2,3.7,3163.37,912.0,0.0,0
2022-05-28 03:00:00,21184.557,8.7,10.9,0.0,0,879.5,3.7,3163.37,911.0,0.0,0
2022-05-28 04:00:00,21499.66,8.8,12.3,0.0,0,879.2,3.7,3163.37,911.0,0.0,0
2022-05-28 05:00:00,22441.804,8.9,13.7,0.0,0,879.3,3.8,3163.37,911.0,0.0,0
2022-05-28 06:00:00,23683.794,8.9,15.8,0.0,0,879.7,3.7,3163.37,911.0,0.0,0
2022-05-28 07:00:00,26029.565,9.0,16.9,0.0,0,880.2,3.6,3163.37,911.0,0.0,0
2022-05-28 08:00:00,27418.493,10.2,17.3,51.0,0,880.9,4.2,3163.37,911.0,0.0,0
2022-05-28 09:00:00,27702.981,12.8,17.0,226.0,0,882.7,6.0,3163.37,911.0,0.0,0
2022-05-28 10:00:00,27208.378,15.6,17.7,403.0,0,883.3,7.1,3163.37,911.0,0.0,0
2022-05-28 11:00:00,26604.55,18.1,19.5,540.0,0,883.7,8.1,3163.37,911.0,0.0,0
2022-05-28 12:00:00,26051.86,20.4,20.1,621.0,0,883.3,8.1,3163.37,911.0,0.0,0
2022-05-28 13:00:00,25646.847,22.1,22.2,640.0,0,882.6,8.2,3163.37,911.0,0.0,0
2022-05-28 14:00:00,25590.02,23.4,27.3,593.0,0,882.0,4.2,3163.37,911.0,0.0,0
2022-05-28 15:00:00,25934.617,23.1,26.8,475.0,0,881.4,4.6,3163.37,911.0,0.0,0
2022-05-28 16:00:00,26930.051,22.0,22.0,334.0,0,880.8,5.6,3163.37,911.0,0.0,0
2022-05-28 17:00:00,28413.463,19.9,18.5,150.0,0,880.0,5.6,3163.37,911.0,0.0,0
2022-05-28 18:00:00,29469.236,17.4,16.7,12.0,0,879.3,5.5,3163.37,910.0,0.0,1
2022-05-28 19:00:00,28251.464,16.1,17.6,0.0,0,879.2,5.6,3163.37,910.0,0.0,1
2022-05-28 20:00:00,26434.786,15.3,17.7,0.0,0,879.2,5.3,3163.37,910.0,0.0,1
2022-05-28 21:00:00,24850.792,14.5,17.8,0.0,0,879.0,4.8,3163.37,910.0,0.0,1
2022-05-28 22:00:00,23427.075,14.1,18.1,0.0,0,878.9,4.7,3163.37,911.0,0.0,1
2022-05-28 23:00:00,22106.486,13.6,18.7,0.0,3,878.5,5.0,3163.37,911.0,0.0,0
2022-05-29 00:00:00,21190.194,13.0,16.9,0.0,3,878.4,5.2,3163.37,911.0,0.0,0
2022-05-29 01:00:00,20729.915,12.3,16.2,0.0,0,878.0,5.2,3163.37,911.0,0.0,0
2022-05-29 02:00:00,20344.364,10.7,8.5,0.0,0,877.5,5.1,3163.37,910.0,0.0,0
2022-05-29 03:00:00,20267.656,11.1,7.8,0.0,31,878.2,5.1,3163.37,911.0,0.0,0
2022-05-29 04:00:00,20525.45,10.5,7.1,0.0,71,877.3,5.0,3163.37,911.0,0.0,0
2022-05-29 05:00:00,21064.958,9.8,6.6,0.0,49,877.3,5.1,3163.37,911.0,0.0,0
2022-05-29 06:00:00,22265.778,9.5,8.0,0.0,42,877.6,5.0,3163.37,911.0,0.0,0
2022-05-29 07:00:00,24695.962,9.4,9.4,0.0,23,877.9,4.8,3163.37,911.0,0.0,0
2022-05-29 08:00:00,26771.68,10.1,7.9,47.0,16,879.4,5.5,3163.37,911.0,0.0,0
2022-05-29 09:00:00,27429.699,11.8,8.4,217.0,24,881.0,4.5,3163.37,911.0,0.0,0
2022-05-29 10:00:00,27062.291,13.3,11.8,381.0,27,882.1,3.0,3163.37,911.0,0.0,0
2022-05-29 11:00:00,26816.965,14.3,11.8,512.0,38,882.4,2.4,3163.37,911.0,0.0,0
2022-05-29 12:00:00,26527.187,15.2,14.7,560.0,0,882.4,2.0,3163.37,911.0,0.0,0
2022-05-29 13:00:00,26083.829,15.8,17.0,645.0,0,881.9,0.8,3163.37,911.0,0.0,0
2022-05-29 14:00:00,25846.313,15.4,20.1,607.0,0,882.1,0.7,3163.37,911.0,0.0,0
2022-05-29 15:00:00,26156.609,15.2,21.4,502.0,0,882.0,2.2,3163.37,911.0,0.0,0
2022-05-29 16:00:00,27180.342,14.1,23.2,341.0,0,882.2,2.9,3163.37,911.0,0.0,0
2022-05-29 17:00:00,28874.769,12.5,20.9,153.0,0,882.5,2.1,3163.37,911.0,0.0,0
2022-05-29 18:00:00,30026.704,10.4,17.6,13.0,0,882.9,2.1,3163.37,911.0,0.0,0
2022-05-29 19:00:00,28932.058,9.1,13.5,0.0,0,883.1,2.2,3163.37,911.0,0.0,0
2022-05-29 20:00:00,27089.911,8.4,10.9,0.0,0,883.6,1.7,3163.37,910.0,0.0,0
2022-05-29 21:00:00,25029.521,5.9,8.9,0.0,0,882.4,2.0,3163.37,910.0,0.0,0
2022-05-29 22:00:00,23018.412,5.3,9.4,0.0,0,882.7,2.1,3163.37,910.0,0.0,0
2022-05-29 23:00:00,21556.305,5.3,8.3,0.0,0,883.3,1.9,3163.37,910.0,0.0,0
2022-05-30 00:00:00,20871.427,5.2,7.4,0.0,0,883.6,1.7,3163.37,910.0,0.0,0
2022-05-30 01:00:00,20611.863,4.7,7.3,0.0,0,883.6,1.8,3163.37,910.0,0.0,0
2022-05-30 02:00:00,20457.515,5.0,8.6,0.0,0,884.6,2.2,3163.37,910.0,0.0,0
2022-05-30 03:00:00,20936.201,4.6,10.6,0.0,0,884.9,2.8,3163.37,910.0,0.0,0
2022-05-30 04:00:00,22642.42,4.3,11.3,0.0,0,884.9,2.9,3163.37,910.0,0.0,0
2022-05-30 05:00:00,25988.957,3.9,12.6,0.0,0,885.3,2.7,3163.37,910.0,0.0,0
2022-05-30 06:00:00,28789.228,3.3,11.1,0.0,0,885.3,2.0,3163.37,911.0,0.0,0
2022-05-30 07:00:00,28702.846,2.5,9.2,0.0,0,885.4,1.2,3163.37,911.0,0.0,0
2022-05-30 08:00:00,29323.417,3.8,12.7,50.0,0,886.5,1.2,3163.37,911.0,0.0,0
2022-05-30 09:00:00,29420.554,6.3,13.0,229.0,0,887.9,1.4,3163.37,910.0,0.0,0
2022-05-30 10:00:00,29126.3,8.6,11.7,411.0,0,888.1,0.4,3163.37,911.0,0.0,0
2022-05-30 11:00:00,28459.697,10.4,9.5,554.0,0,887.9,-1.5,3163.37,910.0,0.0,0
2022-05-30 12:00:00,28227.066,11.6,6.5,639.0,0,887.1,-2.6,3163.37,911.0,0.0,0
2022-05-30 13:00:00,27816.301,12.5,3.1,659.0,0,886.7,-2.8,3163.37,911.0,0.0,0
2022-05-30 14:00:00,27928.574,12.5,4.2,611.0,0,886.0,-2.7,3163.37,911.0,0.0,0
2022-05-30 15:00:00,29016.278,12.8,5.8,503.0,0,885.5,-2.2,3163.37,911.0,0.0,0
2022-05-30 16:00:00,30324.946,12.4,6.9,344.0,0,885.2,-2.0,3163.37,911.0,0.0,0
2022-05-30 17:00:00,31818.485,10.5,4.8,155.0,0,884.6,1.9,3163.37,911.0,0.0,2
2022-05-30 18:00:00,33177.933,7.1,10.0,12.0,0,883.6,1.4,3163.37,911.0,0.0,2
2022-05-30 19:00:00,30926.763,7.6,7.9,0.0,0,884.6,1.7,3163.37,911.0,0.0,2
2022-05-30 20:00:00,29044.639,8.9,0.0,0.0,0,885.3,1.8,3163.37,911.0,0.0,2
2022-05-30 21:00:00,26527.22,6.1,6.9,0.0,0,884.5,1.9,3163.37,911.0,0.0,2
2022-05-30 22:00:00,24960.727,4.7,9.9,0.0,8,884.1,1.3,3163.37,911.0,0.0,0
2022-05-30 23:00:00,23285.843,3.8,12.1,0.0,6,883.6,0.1,3163.37,911.0,0.0,0
2022-05-31 00:00:00,22350.318,4.1,8.4,0.0,0,883.9,-0.9,3163.37,911.0,0.0,0
2022-05-31 01:00:00,21845.831,3.2,8.2,0.0,0,883.8,-1.3,3163.37,910.0,0.0,0
2022-05-31 02:00:00,21779.511,2.7,7.6,0.0,0,884.6,-1.8,3163.37,910.0,0.0,0
2022-05-31 03:00:00,22229.482,1.8,8.1,0.0,0,884.8,-1.9,3163.37,910.0,0.0,0
2022-05-31 04:00:00,24075.019,1.0,8.1,0.0,0,884.7,-2.2,3163.37,911.0,0.0,0
2022-05-31 05:00:00,27375.771,0.5,8.6,0.0,0,884.9,-2.4,3163.37,911.0,0.0,0
2022-05-31 06:00:00,29874.277,-0.6,10.4,0.0,0,884.6,-3.2,3163.37,910.0,0.0,0
2022-05-31 07:00:00,29897.442,-1.1,10.7,0.0,0,885.2,-3.6,3163.37,910.0,0.0,0
2022-05-31 08:00:00,30047.417,2.0,7.0,50.0,0,887.0,-2.3,3163.37,910.0,0.0,0
2022-05-31 09:00:00,30134.276,5.2,6.7,233.0,0,889.0,-2.1,3163.37,910.0,0.0,0
2022-05-31 10:00:00,29803.253,8.0,8.2,417.0,0,890.6,-2.6,3163.37,910.0,0.0,0
2022-05-31 11:00:00,29349.358,10.1,9.3,558.0,0,890.7,-3.7,3163.37,910.0,0.0,0
2022-05-31 12:00:00,28691.843,11.8,9.5,641.0,0,890.3,-3.7,3163.37,909.0,0.0,0
2022-05-31 13:00:00,28463.554,12.8,9.7,660.0,0,889.7,-2.8,3163.37,910.0,0.0,0
2022-05-31 14:00:00,28797.722,13.3,7.8,612.0,0,889.6,-4.0,3163.37,910.0,0.0,0
2022-05-31 15:00:00,29711.246,13.7,11.0,503.0,0,888.9,-4.0,3163.37,910.0,0.0,0
2022-05-31 16:00:00,31033.03,13.5,13.1,342.0,0,888.8,-4.2,3163.37,910.0,0.0,0
2022-05-31 17:00:00,32891.282,11.6,8.0,153.0,2,888.5,-3.1,3163.37,910.0,16.0,0
2022-05-31 18:00:00,33531.783,7.8,7.9,12.0,0,887.1,-3.3,3163.37,910.0,53.0,0
2022-05-31 19:00:00,32110.088,6.4,8.1,0.0,0,887.1,-3.7,3163.37,910.0,24.0,0
2022-05-31 20:00:00,30211.019,6.0,8.7,0.0,0,887.3,-4.5,3163.37,910.0,0.0,0
2022-05-31 21:00:00,27817.356,5.6,9.0,0.0,0,887.4,-5.8,3163.37,910.0,0.0,0
2022-05-31 22:00:00,25151.723,5.0,8.6,0.0,0,887.8,-5.8,3163.37,910.0,0.0,0
2022-05-31 23:00:00,23317.687,4.2,8.0,0.0,0,887.2,-5.1,3163.37,910.0,0.0,0
2022-06-01 00:00:00,22217.261,3.8,8.2,0.0,0,886.9,-4.8,3163.37,910.0,0.0,0
2022-06-01 01:00:00,21856.622,3.2,8.9,0.0,0,886.6,-4.7,3163.37,910.0,0.0,0
2022-06-01 02:00:00,21702.686,3.5,8.1,0.0,0,886.9,-4.8,3163.37,910.0,0.0,0
2022-06-01 03:00:00,22025.56,2.6,8.1,0.0,0,886.1,-4.7,3163.37,910.0,0.0,0
2022-06-01 04:00:00,23820.624,1.9,7.9,0.0,0,885.5,-4.4,3163.37,911.0,0.0,0
2022-06-01 05:00:00,27339.66,1.4,8.7,0.0,0,885.4,-4.2,3163.37,911.0,0.0,0
2022-06-01 06:00:00,29580.294,1.1,9.4,0.0,0,885.3,-4.3,3163.37,911.0,0.0,0
2022-06-01 07:00:00,29380.886,0.8,9.4,0.0,0,885.6,-4.3,3163.37,911.0,0.0,0
2022-06-01 08:00:00,29692.174,3.6,2.3,46.0,0,887.8,-1.8,3163.37,911.0,0.0,0
2022-06-01 09:00:00,29961.009,6.8,4.0,221.0,0,889.8,-1.4,3163.37,911.0,0.0,0
2022-06-01 10:00:00,29324.02,9.5,2.7,400.0,0,891.2,-2.3,3163.37,910.0,0.0,0
2022-06-01 11:00:00,28530.743,11.7,2.8,539.0,0,891.3,-2.4,3163.37,909.0,0.0,0
2022-06-01 12:00:00,28177.412,13.4,3.3,623.0,0,890.9,-2.4,3163.37,910.0,0.0,0
2022-06-01 13:00:00,27809.211,14.6,4.7,645.0,0,890.5,-2.5,3163.37,910.0,0.0,0
2022-06-01 14:00:00,27984.419,15.2,6.1,601.0,0,890.2,-3.3,3163.37,910.0,0.0,0
2022-06-01 15:00:00,28950.195,15.6,5.9,497.0,0,889.8,-3.2,3163.37,910.0,0.0,0
2022-06-01 16:00:00,30423.014,15.3,5.2,339.0,0,889.4,-3.5,3163.37,910.0,0.0,0
2022-06-01 17:00:00,31671.867,12.5,5.8,152.0,0,888.1,2.2,3163.37,910.0,0.0,0
2022-06-01 18:00:00,32607.316,11.3,7.2,12.0,0,887.5,-0.9,3163.37,910.0,0.0,0
2022-06-01 19:00:00,32180.108,10.2,7.9,0.0,0,887.5,-1.3,3163.37,910.0,0.0,0
2022-06-01 20:00:00,30216.043,10.5,7.1,0.0,0,888.2,-2.8,3163.37,910.0,0.0,0
2022-06-01 21:00:00,27762.846,8.4,8.3,0.0,0,887.3,-3.8,3163.37,910.0,0.0,0
2022-06-01 22:00:00,25038.437,4.9,10.7,0.0,0,886.0,-3.9,3163.37,910.0,0.0,0
2022-06-01 23:00:00,23155.784,4.1,10.3,0.0,0,885.6,-4.0,3163.37,910.0,0.0,0
2022-06-02 00:00:00,22004.334,4.1,9.2,0.0,0,885.5,-4.1,3163.37,911.0,0.0,0
2022-06-02 01:00:00,21579.699,4.7,7.1,0.0,0,885.7,-4.3,3163.37,911.0,0.0,0
2022-06-02 02:00:00,21433.771,4.7,6.4,0.0,0,885.5,-4.4,3163.37,911.0,0.0,0
2022-06-02 03:00:00,22124.907,3.1,8.6,0.0,0,884.5,-5.0,3163.37,911.0,0.0,0
2022-06-02 04:00:00,23937.121,1.5,10.5,0.0,0,884.0,-5.2,3163.37,911.0,0.0,0
2022-06-02 05:00:00,27179.244,0.3,9.7,0.0,0,883.4,-4.7,3163.37,911.0,0.0,0
2022-06-02 06:00:00,29354.316,-0.3,7.8,0.0,0,883.4,-4.3,3163.37,911.0,0.0,0
2022-06-02 07:00:00,29338.143,-0.2,5.9,0.0,0,884.0,-4.3,3163.37,911.0,0.0,0
2022-06-02 08:00:00,29294.379,2.2,3.1,48.0,7,885.6,-3.0,3163.37,911.0,0.0,0
2022-06-02 09:00:00,29436.097,6.8,3.9,228.0,67,888.3,-0.7,3163.37,911.0,0.0,0
2022-06-02 10:00:00,28554.957,10.7,2.7,409.0,38,890.4,-1.3,3163.37,911.0,0.0,0
2022-06-02 11:00:00,27825.484,13.1,3.3,550.0,64,891.2,-2.3,3163.37,911.0,0.0,0
2022-06-02 12:00:00,27174.551,14.8,4.5,636.0,15,891.2,-2.7,3163.37,911.0,0.0,0
2022-06-02 13:00:00,26976.043,15.9,5.0,657.0,40,890.7,-3.4,3163.37,911.0,0.0,0
2022-06-02 14:00:00,27155.807,16.4,6.0,610.0,38,890.2,-4.9,3163.37,911.0,0.0,0
2022-06-02 15:00:00,28079.39,16.7,4.9,505.0,0,889.7,-5.1,3163.37,911.0,0.0,0
2022-06-02 16:00:00,29713.878,16.2,3.3,345.0,0,889.1,-4.8,3163.37,911.0,0.0,0
2022-06-02 17:00:00,31301.966,15.4,4.0,155.0,0,888.7,-3.1,3163.37,911.0,0.0,0
2022-06-02 18:00:00,32546.076,13.9,4.7,12.0,0,888.1,-3.1,3163.37,911.0,0.0,0
2022-06-02 19:00:00,32029.983,11.5,6.7,0.0,0,887.4,-2.8,3163.37,911.0,0.0,0
2022-06-02 20:00:00,30262.261,6.1,7.9,0.0,0,884.9,-2.3,3163.37,911.0,0.0,0
2022-06-02 21:00:00,27752.333,5.0,7.6,0.0,0,884.2,-2.5,3163.37,911.0,0.0,0
2022-06-02 22:00:00,25103.843,4.1,8.8,0.0,0,883.8,-2.7,3163.37,911.0,0.0,0
2022-06-02 23:00:00,23324.439,4.5,9.2,0.0,0,884.3,-3.5,3163.37,911.0,0.0,0
2022-06-03 00:00:00,22328.943,3.8,10.9,0.0,0,884.1,-3.7,3163.37,911.0,0.0,0
2022-06-03 01:00:00,21876.395,2.9,12.3,0.0,0,883.9,-3.5,3163.37,911.0,0.0,0
2022-06-03 02:00:00,21838.896,3.1,10.9,0.0,0,884.2,-3.1,3163.37,911.0,0.0,0
2022-06-03 03:00:00,22253.566,1.9,11.3,0.0,0,883.7,-3.1,3163.37,911.0,0.0,0
2022-06-03 04:00:00,24077.654,1.1,12.4,0.0,0,883.4,-3.2,3163.37,911.0,0.0,0
2022-06-03 05:00:00,27097.189,1.0,11.0,0.0,0,883.7,-3.2,3163.37,911.0,0.0,0
2022-06-03 06:00:00,29303.249,0.6,10.8,0.0,0,883.9,-3.1,3163.37,911.0,0.0,0
2022-06-03 07:00:00,29545.57,0.7,10.1,0.0,0,884.4,-2.9,3163.37,911.0,0.0,0
2022-06-03 08:00:00,29454.578,4.1,9.6,45.0,0,886.3,-2.1,3163.37,912.0,0.0,0
2022-06-03 09:00:00,29765.049,8.2,11.0,221.0,0,888.6,-0.6,3163.37,911.0,0.0,0
2022-06-03 10:00:00,29017.209,11.2,10.0,400.0,0,890.0,0.4,3163.37,911.0,0.0,0
2022-06-03 11:00:00,28470.699,13.8,10.7,540.0,0,890.6,0.9,3163.37,911.0,0.0,0
2022-06-03 12:00:00,27771.775,16.0,10.1,624.0,0,890.5,1.5,3163.37,911.0,0.0,0
2022-06-03 13:00:00,27031.223,17.5,9.7,644.0,0,889.9,1.2,3163.37,911.0,0.0,0
2022-06-03 14:00:00,27091.933,18.7,10.0,598.0,0,889.3,0.6,3163.37,911.0,0.0,0
2022-06-03 15:00:00,27427.072,18.8,9.7,492.0,0,888.8,-0.1,3163.37,911.0,0.0,0
2022-06-03 16:00:00,28418.425,18.2,8.1,335.0,0,888.5,-0.1,3163.37,911.0,0.0,0
2022-06-03 17:00:00,29490.412,16.7,6.1,150.0,0,888.0,1.9,3163.37,911.0,0.0,0
2022-06-03 18:00:00,30661.748,12.4,8.2,12.0,0,886.2,0.7,3163.37,910.0,0.0,0
2022-06-03 19:00:00,30435.341,9.7,9.7,0.0,0,885.3,0.4,3163.37,911.0,0.0,0
2022-06-03 20:00:00,28958.553,9.4,8.4,0.0,0,885.3,0.3,3163.37,910.0,0.0,0
2022-06-03 21:00:00,27010.653,8.7,9.0,0.0,0,885.3,-0.3,3163.37,910.0,0.0,0
2022-06-03 22:00:00,24992.717,8.0,9.1,0.0,0,885.0,-0.1,3163.37,909.0,0.0,0
2022-06-03 23:00:00,23211.408,6.4,9.5,0.0,0,884.7,0.4,3163.37,909.0,0.0,0
2022-06-04 00:00:00,22050.973,5.1,11.1,0.0,0,884.3,0.8,3163.37,909.0,0.0,0
2022-06-04 01:00:00,21322.543,4.6,9.1,0.0,0,884.0,0.9,3163.37,911.0,0.0,0
2022-06-04 02:00:00,21142.592,4.5,8.6,0.0,0,884.1,1.0,3163.37,911.0,0.0,0
2022-06-04 03:00:00,21172.836,3.5,8.9,0.0,0,883.4,0.6,3163.37,911.0,0.0,0
2022-06-04 04:00:00,21743.027,3.7,8.2,0.0,0,883.5,0.7,3163.37,911.0,0.0,0
2022-06-04 05:00:00,22534.14,3.5,8.4,0.0,0,883.4,0.6,3163.37,911.0,0.0,0
2022-06-04 06:00:00,24126.532,3.3,8.7,0.0,0,883.4,0.5,3163.37,911.0,0.0,0
2022-06-04 07:00:00,26603.769,3.5,9.1,0.0,0,884.1,0.4,3163.37,911.0,0.0,0
2022-06-04 08:00:00,28352.723,5.5,11.8,43.0,0,885.2,0.7,3163.37,911.0,0.0,0
2022-06-04 09:00:00,28506.566,9.0,10.8,215.0,0,887.1,2.2,3163.37,911.0,0.0,0
2022-06-04 10:00:00,27685.993,12.3,8.0,393.0,0,888.9,3.1,3163.37,911.0,0.0,0
2022-06-04 11:00:00,27073.22,14.9,7.2,531.0,0,890.1,3.1,3163.37,911.0,0.0,0
2022-06-04 12:00:00,26437.203,16.8,7.1,614.0,0,890.2,2.7,3163.37,911.0,0.0,0
2022-06-04 13:00:00,26229.466,17.7,8.1,634.0,0,889.9,1.2,3163.37,910.0,0.0,0
2022-06-04 14:00:00,26016.039,18.2,7.1,590.0,0,889.0,-0.3,3163.37,910.0,0.0,0
2022-06-04 15:00:00,26322.394,18.3,4.3,487.0,0,888.7,-1.2,3163.37,911.0,0.0,0
2022-06-04 16:00:00,27420.81,17.8,1.8,332.0,0,888.3,-1.2,3163.37,911.0,0.0,0
2022-06-04 17:00:00,29372.837,15.2,5.7,147.0,0,887.3,3.1,3163.37,911.0,0.0,0
2022-06-04 18:00:00,30579.718,15.1,5.6,11.0,0,887.5,-0.5,3163.37,910.0,0.0,0
2022-06-04 19:00:00,29555.207,15.0,5.4,0.0,0,888.1,-1.3,3163.37,911.0,0.0,0
2022-06-04 20:00:00,27976.935,10.8,7.4,0.0,0,886.6,-0.8,3163.37,911.0,0.0,0
2022-06-04 21:00:00,26210.35,8.8,10.5,0.0,3,885.8,-1.0,3163.37,911.0,0.0,0
2022-06-04 22:00:00,24142.598,9.3,9.7,0.0,17,886.2,-1.3,3163.37,911.0,0.0,0
2022-06-04 23:00:00,22539.689,8.4,9.4,0.0,0,886.0,-1.1,3163.37,911.0,0.0,0
2022-06-05 00:00:00,21506.038,7.0,8.4,0.0,0,885.6,-0.6,3163.37,911.0,0.0,0
2022-06-05 01:00:00,20948.207,5.7,9.2,0.0,36,885.0,-0.4,3163.37,910.0,0.0,0
2022-06-05 02:00:00,20636.907,6.3,9.7,0.0,0,885.6,-0.4,3163.37,910.0,0.0,0
2022-06-05 03:00:00,20577.846,5.6,10.0,0.0,4,885.3,-0.7,3163.37,911.0,0.0,0
2022-06-05 04:00:00,20904.385,6.7,9.5,0.0,3,885.8,-0.7,3163.37,911.0,0.0,0
2022-06-05 05:00:00,21359.86,5.5,8.9,0.0,24,885.4,-0.4,3163.37,912.0,0.0,0
2022-06-05 06:00:00,22701.701,3.8,13.6,0.0,16,885.0,-0.1,3163.37,912.0,0.0,0
2022-06-05 07:00:00,25594.794,3.0,12.7,0.0,1,885.2,-0.2,3163.37,913.0,0.0,0
2022-06-05 08:00:00,27811.115,5.8,6.3,43.0,31,886.9,0.8,3163.37,913.0,0.0,0
2022-06-05 09:00:00,28490.784,9.9,6.9,215.0,3,889.7,1.7,3163.37,912.0,0.0,0
2022-06-05 10:00:00,28201.856,13.3,4.3,393.0,0,891.6,2.3,3163.37,911.0,0.0,0
2022-06-05 11:00:00,27604.897,16.2,3.6,531.0,0,892.1,2.4,3163.37,911.0,0.0,0
2022-06-05 12:00:00,27396.545,17.9,3.1,616.0,0,891.9,1.1,3163.37,910.0,0.0,0
2022-06-05 13:00:00,26806.993,18.8,4.0,635.0,0,891.3,-0.2,3163.37,912.0,0.0,0
2022-06-05 14:00:00,26423.623,19.0,3.7,587.0,0,890.7,0.7,3163.37,912.0,0.0,0
2022-06-05 15:00:00,26821.128,19.3,4.0,484.0,0,890.0,0.2,3163.37,912.0,0.0,0
2022-06-05 16:00:00,28006.239,19.1,3.7,329.0,0,889.7,-0.5,3163.37,913.0,0.0,0
2022-06-05 17:00:00,29593.856,18.2,3.9,145.0,0,889.7,1.4,3163.37,913.0,0.0,0
2022-06-05 18:00:00,30871.137,16.2,4.8,11.0,0,889.3,2.6,3163.37,912.0,0.0,0
2022-06-05 19:00:00,29907.456,10.1,9.2,0.0,0,887.4,2.4,3163.37,912.0,0.0,0
2022-06-05 20:00:00,27909.891,9.4,8.5,0.0,0,887.7,1.1,3163.37,912.0,0.0,0
2022-06-05 21:00:00,25735.417,8.8,8.5,0.0,0,888.0,0.2,3163.37,912.0,0.0,0
2022-06-05 22:00:00,23445.273,7.1,9.5,0.0,0,887.5,-0.3,3163.37,912.0,0.0,0
2022-06-05 23:00:00,21933.389,6.4,10.2,0.0,0,886.9,-0.4,3163.37,912.0,0.0,0
2022-06-06 00:00:00,21107.792,6.1,11.1,0.0,0,886.8,-0.5,3163.37,912.0,0.0,0
2022-06-06 01:00:00,20721.476,5.7,12.5,0.0,0,886.6,-0.5,3163.37,912.0,0.0,0
2022-06-06 02:00:00,20593.991,8.3,12.0,0.0,0,889.4,-1.3,3163.37,912.0,0.0,0
2022-06-06 03:00:00,20988.383,7.7,14.3,0.0,0,889.5,-0.3,3163.37,912.0,0.0,0
2022-06-06 04:00:00,22744.675,7.5,15.0,0.0,0,889.1,0.8,3163.37,911.0,0.0,0
2022-06-06 05:00:00,25973.284,7.4,17.1,0.0,0,889.2,1.2,3163.37,911.0,0.0,0
2022-06-06 06:00:00,28341.766,6.9,16.7,0.0,0,889.4,0.7,3163.37,912.0,0.0,0
2022-06-06 07:00:00,28461.105,6.4,15.1,0.0,0,890.2,0.5,3163.37,913.0,0.0,0
2022-06-06 08:00:00,28827.44,7.4,16.1,41.0,0,891.4,1.2,3163.37,913.0,0.0,0
2022-06-06 09:00:00,29326.561,10.0,15.4,208.0,0,892.8,2.2,3163.37,912.0,0.0,0
2022-06-06 10:00:00,28941.208,12.4,16.9,382.0,0,893.8,2.1,3163.37,912.0,0.0,0
2022-06-06 11:00:00,28265.894,14.4,17.3,519.0,0,894.1,2.6,3163.37,912.0,0.0,0
2022-06-06 12:00:00,27605.725,16.0,15.6,601.0,0,893.8,3.3,3163.37,912.0,0.0,0
2022-06-06 13:00:00,27445.401,17.2,13.9,622.0,0,893.2,3.8,3163.37,912.0,0.0,0
2022-06-06 14:00:00,27561.562,18.1,12.6,578.0,0,892.5,3.3,3163.37,912.0,0.0,0
2022-06-06 15:00:00,28387.625,18.2,9.5,476.0,0,892.0,2.9,3163.37,911.0,0.0,0
2022-06-06 16:00:00,29579.362,17.8,7.0,323.0,0,891.8,2.9,3163.37,912.0,0.0,0
2022-06-06 17:00:00,30876.457,15.9,5.7,143.0,0,891.2,5.5,3163.37,912.0,0.0,0
2022-06-06 18:00:00,32027.648,13.1,6.6,11.0,0,889.8,4.0,3163.37,912.0,0.0,0
2022-06-06 19:00:00,31589.302,10.5,8.2,0.0,0,888.9,3.7,3163.37,912.0,0.0,0
2022-06-06 20:00:00,29731.263,9.5,9.3,0.0,0,888.6,3.5,3163.37,912.0,0.0,0
2022-06-06 21:00:00,27166.754,8.9,9.0,0.0,0,888.3,3.1,3163.37,912.0,0.0,0
2022-06-06 22:00:00,24552.095,8.3,9.5,0.0,0,887.9,2.9,3163.37,912.0,0.0,0
2022-06-06 23:00:00,22818.308,7.5,9.7,0.0,0,887.6,2.9,3163.37,912.0,0.0,0
2022-06-07 00:00:00,21809.174,7.2,7.8,0.0,0,887.6,2.9,3163.37,912.0,0.0,0
2022-06-07 01:00:00,21403.049,6.0,11.0,0.0,0,886.9,2.8,3163.37,912.0,0.0,0
2022-06-07 02:00:00,21251.86,5.3,7.6,0.0,0,887.5,2.6,3163.37,912.0,0.0,0
2022-06-07 03:00:00,21427.778,6.0,7.2,0.0,0,887.8,2.5,3163.37,912.0,0.0,0
2022-06-07 04:00:00,23384.838,3.3,9.2,0.0,0,886.6,1.6,3163.37,912.0,0.0,0
2022-06-07 05:00:00,26627.176,3.0,10.4,0.0,0,886.5,1.4,3163.37,912.0,0.0,0
2022-06-07 06:00:00,28900.974,2.8,10.6,0.0,0,886.6,1.3,3163.37,912.0,0.0,0
2022-06-07 07:00:00,29084.43,2.8,10.8,0.0,5,886.9,1.2,3163.37,912.0,0.0,0
2022-06-07 08:00:00,29144.472,5.8,7.0,40.0,0,888.6,2.8,3163.37,912.0,0.0,0
2022-06-07 09:00:00,29055.515,9.3,7.1,207.0,0,890.6,4.0,3163.37,912.0,0.0,0
2022-06-07 10:00:00,28356.192,12.3,5.8,383.0,0,892.3,4.8,3163.37,911.0,0.0,0
2022-06-07 11:00:00,27758.647,14.5,6.2,521.0,0,892.8,4.8,3163.37,911.0,0.0,0
2022-06-07 12:00:00,27398.573,16.1,5.9,604.0,0,892.4,4.7,3163.37,912.0,0.0,0
2022-06-07 13:00:00,26967.274,17.1,5.7,626.0,0,891.7,4.1,3163.37,912.0,0.0,0
2022-06-07 14:00:00,27099.186,18.2,4.5,583.0,0,891.4,2.2,3163.37,912.0,0.0,0
2022-06-07 15:00:00,28064.16,18.4,4.8,479.0,0,890.8,1.6,3163.37,911.0,0.0,0
2022-06-07 16:00:00,29500.875,18.0,5.5,326.0,0,890.5,1.3,3163.37,912.0,0.0,0
2022-06-07 17:00:00,30869.249,14.4,8.4,144.0,0,889.0,6.1,3163.37,912.0,0.0,0
2022-06-07 18:00:00,32075.013,12.6,8.6,11.0,0,888.4,2.8,3163.37,912.0,0.0,0
2022-06-07 19:00:00,31632.453,14.2,5.4,0.0,0,889.3,1.9,3163.37,912.0,0.0,0
2022-06-07 20:00:00,29581.556,13.6,0.0,0.0,0,889.0,1.6,3163.37,912.0,0.0,0
2022-06-07 21:00:00,26835.647,8.0,7.7,0.0,0,886.6,2.1,3163.37,912.0,0.0,0
2022-06-07 22:00:00,24403.997,7.5,8.9,0.0,0,886.3,2.2,3163.37,912.0,0.0,0
2022-06-07 23:00:00,22566.236,7.5,7.7,0.0,0,886.2,2.4,3163.37,912.0,0.0,0
2022-06-08 00:00:00,21568.322,6.0,10.4,0.0,0,885.2,2.3,3163.37,912.0,0.0,0
2022-06-08 01:00:00,21156.827,5.6,10.0,0.0,0,885.0,1.7,3163.37,911.0,0.0,0
2022-06-08 02:00:00,20977.545,6.0,9.0,0.0,0,885.2,1.5,3163.37,911.0,0.0,0
2022-06-08 03:00:00,21309.877,5.3,10.6,0.0,0,884.9,1.0,3163.37,912.0,0.0,0
2022-06-08 04:00:00,23151.474,4.4,9.3,0.0,0,884.7,0.9,3163.37,912.0,0.0,0
2022-06-08 05:00:00,26446.406,3.6,10.1,0.0,0,884.7,0.6,3163.37,912.0,0.0,0
2022-06-08 06:00:00,28640.372,2.9,9.7,0.0,0,884.7,0.4,3163.37,912.0,0.0,0
2022-06-08 07:00:00,28807.122,2.6,10.5,0.0,0,884.7,0.3,3163.37,912.0,0.0,0
2022-06-08 08:00:00,29122.518,5.6,7.1,39.0,0,886.2,1.5,3163.37,912.0,0.0,0
2022-06-08 09:00:00,29132.162,10.3,8.1,208.0,0,888.6,2.7,3163.37,912.0,0.0,0
2022-06-08 10:00:00,28595.442,13.7,6.5,385.0,0,890.4,3.5,3163.37,912.0,0.0,0
2022-06-08 11:00:00,28007.932,15.7,8.3,524.0,0,890.8,3.2,3163.37,912.0,0.0,0
2022-06-08 12:00:00,27553.321,17.1,7.8,608.0,0,890.5,3.0,3163.37,911.0,0.0,0
2022-06-08 13:00:00,27277.884,18.2,6.6,629.0,0,890.2,2.6,3163.37,911.0,0.0,0
2022-06-08 14:00:00,27418.987,19.1,6.2,585.0,0,889.9,2.2,3163.37,911.0,0.0,0
2022-06-08 15:00:00,28290.599,19.3,5.7,481.0,0,889.3,2.2,3163.37,911.0,0.0,0
2022-06-08 16:00:00,29741.257,18.8,4.8,328.0,0,889.0,2.3,3163.37,911.0,0.0,0
2022-06-08 17:00:00,30965.557,18.1,4.7,145.0,0,888.5,3.1,3163.37,911.0,0.0,0
2022-06-08 18:00:00,32041.125,12.8,8.1,11.0,0,886.4,3.3,3163.37,911.0,0.0,0
2022-06-08 19:00:00,31679.346,10.8,9.4,0.0,0,885.5,2.8,3163.37,911.0,0.0,0
2022-06-08 20:00:00,29682.429,10.4,8.2,0.0,0,885.4,2.4,3163.37,911.0,0.0,0
2022-06-08 21:00:00,26987.534,10.0,8.9,0.0,0,885.2,1.7,3163.37,911.0,0.0,0
2022-06-08 22:00:00,24367.436,9.4,9.2,0.0,0,884.9,1.3,3163.37,911.0,0.0,0
2022-06-08 23:00:00,22693.962,7.7,11.3,0.0,0,884.3,1.3,3163.37,911.0,0.0,0
2022-06-09 00:00:00,21817.352,6.6,9.2,0.0,0,884.3,1.8,3163.37,911.0,0.0,0
2022-06-09 01:00:00,21512.264,6.4,10.1,0.0,0,884.3,2.0,3163.37,911.0,0.0,0
2022-06-09 02:00:00,21331.953,6.1,9.8,0.0,0,884.3,1.8,3163.37,910.0,0.0,0
2022-06-09 03:00:00,21703.214,4.8,11.5,0.0,0,884.0,1.6,3163.37,911.0,0.0,0
2022-06-09 04:00:00,23426.311,4.8,9.5,0.0,0,884.1,1.5,3163.37,910.0,0.0,0
2022-06-09 05:00:00,26775.186,5.4,5.4,0.0,0,884.3,1.4,3163.37,910.0,0.0,0
2022-06-09 06:00:00,28909.149,8.2,4.0,0.0,0,886.0,1.6,3163.37,911.0,0.0,0
2022-06-09 07:00:00,29162.299,8.1,3.8,0.0,0,886.5,1.8,3163.37,911.0,0.0,0
2022-06-09 08:00:00,29255.904,8.2,4.4,37.0,0,887.0,2.0,3163.37,911.0,0.0,0
2022-06-09 09:00:00,29421.865,10.6,4.2,202.0,0,888.4,3.9,3163.37,911.0,0.0,0
2022-06-09 10:00:00,28721.374,13.9,2.5,377.0,0,889.9,4.3,3163.37,911.0,0.0,0
2022-06-09 11:00:00,28122.164,16.3,6.5,517.0,0,890.7,3.9,3163.37,911.0,0.0,0
2022-06-09 12:00:00,27618.191,17.9,7.0,603.0,0,890.0,2.6,3163.37,911.0,0.0,0
2022-06-09 13:00:00,27490.12,18.9,6.9,628.0,0,889.5,0.5,3163.37,910.0,0.0,0
2022-06-09 14:00:00,27676.657,19.5,10.2,587.0,0,888.8,0.9,3163.37,910.0,0.0,0
2022-06-09 15:00:00,28700.678,19.6,9.1,480.0,0,888.3,0.6,3163.37,910.0,0.0,0
2022-06-09 16:00:00,30008.559,19.1,7.2,328.0,0,887.8,0.2,3163.37,910.0,0.0,0
2022-06-09 17:00:00,30978.74,15.5,7.9,145.0,0,886.4,4.7,3163.37,910.0,0.0,0
2022-06-09 18:00:00,32082.885,13.7,8.7,11.0,0,885.9,0.9,3163.37,910.0,0.0,0
2022-06-09 19:00:00,31311.363,12.1,9.7,0.0,0,885.7,0.2,3163.37,910.0,0.0,0
2022-06-09 20:00:00,29566.454,11.9,8.7,0.0,0,886.1,-0.1,3163.37,910.0,0.0,0
2022-06-09 21:00:00,27164.175,8.5,11.3,0.0,0,884.8,0.7,3163.37,910.0,0.0,0
2022-06-09 22:00:00,24867.836,8.0,11.1,0.0,0,884.7,1.0,3163.37,910.0,0.0,0
2022-06-09 23:00:00,22979.783,6.9,8.7,0.0,0,884.1,1.0,3163.37,910.0,0.0,0
2022-06-10 00:00:00,21978.143,6.4,8.7,0.0,0,884.0,0.9,3163.37,910.0,0.0,0
2022-06-10 01:00:00,21609.469,6.3,10.0,0.0,0,884.0,0.8,3163.37,911.0,0.0,0
2022-06-10 02:00:00,21387.995,5.9,10.1,0.0,0,883.7,0.7,3163.37,910.0,0.0,0
2022-06-10 03:00:00,21656.227,4.7,8.5,0.0,0,882.7,0.9,3163.37,910.0,0.0,0
2022-06-10 04:00:00,23522.622,3.7,7.6,0.0,0,882.4,0.9,3163.37,910.0,0.0,0
2022-06-10 05:00:00,26285.251,3.0,7.4,0.0,0,882.5,0.7,3163.37,910.0,0.0,0
2022-06-10 06:00:00,28512.34,2.5,7.4,0.0,0,882.1,0.3,3163.37,911.0,0.0,0
2022-06-10 07:00:00,28937.462,2.1,8.0,0.0,0,882.5,-0.1,3163.37,911.0,0.0,0
2022-06-10 08:00:00,29807.365,4.9,8.6,38.0,0,884.6,0.8,3163.37,911.0,0.0,0
2022-06-10 09:00:00,30268.737,9.1,10.0,206.0,0,887.4,1.6,3163.37,911.0,0.0,0
2022-06-10 10:00:00,29827.928,12.3,10.3,383.0,0,889.0,2.6,3163.37,911.0,0.0,0
2022-06-10 11:00:00,29218.816,14.8,9.6,523.0,0,889.5,3.3,3163.37,911.0,0.0,0
2022-06-10 12:00:00,28722.22,16.8,9.5,607.0,0,889.3,3.6,3163.37,911.0,0.0,0
2022-06-10 13:00:00,28040.727,17.9,9.4,627.0,0,888.8,3.6,3163.37,911.0,0.0,0
2022-06-10 14:00:00,27982.231,18.7,8.8,582.0,0,888.6,2.0,3163.37,911.0,0.0,0
2022-06-10 15:00:00,28360.245,18.9,8.4,479.0,0,888.1,1.3,3163.37,911.0,0.0,0
2022-06-10 16:00:00,29426.968,18.4,7.3,326.0,0,887.8,1.1,3163.37,910.0,0.0,0
2022-06-10 17:00:00,30306.777,15.8,6.6,144.0,0,886.9,4.8,3163.37,910.0,0.0,0
2022-06-10 18:00:00,30968.741,16.1,5.2,11.0,0,887.1,2.3,3163.37,910.0,0.0,0
2022-06-10 19:00:00,30615.411,15.1,1.1,0.0,0,887.3,2.1,3163.37,910.0,0.0,0
2022-06-10 20:00:00,28797.499,14.4,3.2,0.0,0,887.2,1.7,3163.37,910.0,0.0,0
2022-06-10 21:00:00,26863.253,8.8,7.1,0.0,0,884.7,1.3,3163.37,910.0,0.0,0
2022-06-10 22:00:00,24954.168,8.0,8.0,0.0,0,884.3,0.9,3163.37,910.0,0.0,0
2022-06-10 23:00:00,23253.165,8.2,9.9,0.0,0,884.3,0.2,3163.37,911.0,0.0,0
2022-06-11 00:00:00,22105.161,8.6,10.8,0.0,0,884.5,-0.3,3163.37,911.0,0.0,0
2022-06-11 01:00:00,21523.546,8.1,10.3,0.0,0,884.1,-0.4,3163.37,911.0,0.0,0
2022-06-11 02:00:00,21138.084,8.0,12.3,0.0,0,885.0,-0.5,3163.37,911.0,0.0,0
2022-06-11 03:00:00,21207.173,6.9,11.6,0.0,0,884.9,-0.5,3163.37,911.0,0.0,0
2022-06-11 04:00:00,21724.909,5.5,9.6,0.0,0,884.6,0.0,3163.37,911.0,0.0,0
2022-06-11 05:00:00,22479.709,5.1,9.1,0.0,0,884.7,0.5,3163.37,911.0,0.0,0
2022-06-11 06:00:00,23766.337,5.0,9.1,0.0,0,884.8,0.8,3163.37,911.0,0.0,0
2022-06-11 07:00:00,26662.35,4.7,9.1,0.0,0,885.2,1.2,3163.37,911.0,0.0,0
2022-06-11 08:00:00,28469.958,6.2,12.1,37.0,0,886.4,1.7,3163.37,911.0,0.0,0
2022-06-11 09:00:00,28886.08,9.2,11.7,205.0,0,888.2,2.8,3163.37,911.0,0.0,0
2022-06-11 10:00:00,28497.941,11.7,12.6,384.0,0,889.3,3.2,3163.37,911.0,0.0,0
2022-06-11 11:00:00,27838.19,14.2,14.1,524.0,0,889.6,3.9,3163.37,911.0,0.0,0
2022-06-11 12:00:00,27115.728,16.1,15.5,607.0,0,889.4,4.6,3163.37,911.0,0.0,0
2022-06-11 13:00:00,26661.849,17.5,16.6,628.0,0,888.8,3.4,3163.37,911.0,0.0,0
2022-06-11 14:00:00,26149.469,18.3,18.8,586.0,0,888.0,-0.6,3163.37,911.0,0.0,0
2022-06-11 15:00:00,26430.712,18.2,17.8,484.0,0,887.4,-0.8,3163.37,911.0,0.0,0
2022-06-11 16:00:00,27572.998,17.5,16.3,329.0,0,886.9,0.7,3163.37,910.0,0.0,0
2022-06-11 17:00:00,28968.891,15.3,11.6,145.0,0,885.9,2.0,3163.37,910.0,0.0,0
2022-06-11 18:00:00,30171.587,12.9,13.7,11.0,0,884.9,1.2,3163.37,910.0,0.0,0
2022-06-11 19:00:00,29393.442,12.0,13.9,0.0,0,884.9,-0.1,3163.37,910.0,0.0,0
2022-06-11 20:00:00,27704.687,11.2,13.7,0.0,0,884.7,-0.4,3163.37,911.0,0.0,0
2022-06-11 21:00:00,25906.009,10.2,12.0,0.0,0,884.5,-0.2,3163.37,911.0,0.0,0
2022-06-11 22:00:00,24072.145,9.0,10.4,0.0,0,884.1,0.1,3163.37,911.0,0.0,0
2022-06-11 23:00:00,22464.585,7.7,9.4,0.0,0,883.8,0.4,3163.37,911.0,0.0,0
2022-06-12 00:00:00,21360.123,7.0,9.4,0.0,16,883.6,0.7,3163.37,910.0,0.0,0
2022-06-12 01:00:00,20741.51,6.1,8.3,0.0,51,883.3,1.1,3163.37,911.0,0.0,0
2022-06-12 02:00:00,20480.983,6.3,9.3,0.0,81,883.6,1.6,3163.37,911.0,0.0,0
2022-06-12 03:00:00,20492.545,5.8,11.4,0.0,62,883.1,2.1,3163.37,911.0,0.0,0
2022-06-12 04:00:00,20726.733,6.0,13.6,0.0,97,883.4,2.5,3163.37,911.0,0.0,0
2022-06-12 05:00:00,21174.521,6.2,13.2,0.0,42,883.6,2.8,3163.37,911.0,0.0,0
2022-06-12 06:00:00,22433.15,5.2,12.6,0.0,0,883.6,2.7,3163.37,911.0,0.0,0
2022-06-12 07:00:00,25257.276,5.1,14.5,0.0,0,884.0,2.5,3163.37,911.0,0.0,0
2022-06-12 08:00:00,27431.809,6.3,17.9,36.0,3,884.2,2.4,3163.37,911.0,0.0,0
2022-06-12 09:00:00,28126.139,9.0,16.3,202.0,24,885.6,3.3,3163.37,911.0,0.0,0
2022-06-12 10:00:00,27729.859,11.8,17.5,379.0,0,886.5,4.2,3163.37,911.0,0.0,0
2022-06-12 11:00:00,27343.335,14.2,18.8,518.0,0,886.8,5.0,3163.37,911.0,0.0,0
2022-06-12 12:00:00,27009.448,16.1,21.7,602.0,0,886.2,4.6,3163.37,912.0,0.0,0
2022-06-12 13:00:00,26586.803,17.6,20.2,626.0,12,885.6,3.1,3163.37,911.0,0.0,0
2022-06-12 14:00:00,26188.523,17.9,19.1,581.0,19,885.0,3.5,3163.37,911.0,0.0,0
2022-06-12 15:00:00,26360.266,18.0,18.4,473.0,0,884.4,4.4,3163.37,911.0,0.0,0
2022-06-12 16:00:00,27599.46,18.3,16.2,323.0,0,883.9,3.2,3163.37,911.0,0.0,0
2022-06-12 17:00:00,29553.11,16.2,10.1,143.0,12,882.9,3.8,3163.37,911.0,0.0,0
2022-06-12 18:00:00,30774.663,12.1,8.0,11.0,49,881.7,3.9,3163.37,911.0,0.0,0
2022-06-12 19:00:00,29830.901,11.4,9.7,0.0,47,881.9,3.7,3163.37,911.0,0.0,0
2022-06-12 20:00:00,27845.873,10.7,12.0,0.0,60,881.9,3.5,3163.37,911.0,0.0,0
2022-06-12 21:00:00,25518.762,10.0,12.2,0.0,68,881.6,3.2,3163.37,911.0,0.0,0
2022-06-12 22:00:00,23189.262,9.5,13.2,0.0,100,881.6,2.9,3163.37,911.0,0.0,0
2022-06-12 23:00:00,21674.389,9.2,13.4,0.0,94,881.6,2.5,3163.37,911.0,0.0,0
2022-06-13 00:00:00,21045.105,8.6,14.2,0.0,12,881.4,2.3,3163.37,911.0,0.0,0
2022-06-13 01:00:00,20574.611,8.3,15.1,0.0,67,880.9,2.0,3163.37,911.0,0.0,0
2022-06-13 02:00:00,20465.769,8.5,14.5,0.0,5,880.7,2.1,3163.37,911.0,0.0,0
2022-06-13 03:00:00,20862.195,7.8,14.5,0.0,21,880.2,2.0,3163.37,911.0,0.0,0
2022-06-13 04:00:00,22579.786,7.3,13.4,0.0,27,879.9,2.1,3163.37,911.0,0.0,0
2022-06-13 05:00:00,25564.608,6.8,13.7,0.0,33,879.7,2.2,3163.37,911.0,0.0,0
2022-06-13 06:00:00,27734.407,6.7,14.3,0.0,36,879.7,2.1,3163.37,911.0,0.0,0
2022-06-13 07:00:00,28311.701,6.6,15.1,0.0,29,879.9,2.5,3163.37,911.0,0.0,0
2022-06-13 08:00:00,28872.356,7.6,17.7,35.0,47,880.6,3.4,3163.37,911.0,0.0,0
2022-06-13 09:00:00,29297.295,10.2,17.9,197.0,21,881.6,4.4,3163.37,911.0,0.0,0
2022-06-13 10:00:00,29056.768,13.1,19.6,370.0,21,882.4,4.9,3163.37,911.0,0.0,0
2022-06-13 11:00:00,28695.279,15.4,22.0,507.0,72,882.2,5.2,3163.37,911.0,0.0,0
2022-06-13 12:00:00,28341.036,18.0,23.5,589.0,100,881.9,4.4,3163.37,911.0,0.0,0
2022-06-13 13:00:00,27979.213,18.9,24.4,600.0,99,881.3,5.1,3163.37,911.0,0.0,0
2022-06-13 14:00:00,28460.198,20.2,24.8,552.0,81,880.3,2.9,3163.37,911.0,0.0,0
2022-06-13 15:00:00,29214.999,20.1,25.1,464.0,90,879.9,3.0,3163.37,911.0,0.0,0
2022-06-13 16:00:00,30371.182,19.4,21.9,303.0,100,879.5,2.9,3163.37,911.0,0.0,0
2022-06-13 17:00:00,31401.667,17.5,16.5,136.0,72,878.9,3.5,3163.37,911.0,27.0,0
2022-06-13 18:00:00,32429.769,15.1,15.4,10.0,50,878.1,3.4,3163.37,911.0,93.0,0
2022-06-13 19:00:00,31921.559,14.1,16.0,0.0,88,878.5,3.4,3163.37,911.0,93.0,0
2022-06-13 20:00:00,29850.38,13.2,16.9,0.0,100,878.1,3.3,3163.37,910.0,9.0,0
2022-06-13 21:00:00,27101.077,12.5,17.3,0.0,100,877.9,3.2,3163.37,910.0,0.0,0
2022-06-13 22:00:00,24469.397,12.4,19.1,0.0,100,877.8,2.7,3163.37,910.0,0.0,0
2022-06-13 23:00:00,22814.952,12.0,19.9,0.0,100,877.6,2.5,3163.37,911.0,0.0,0
2022-06-14 00:00:00,22021.577,11.8,20.6,0.0,99,876.9,2.0,3163.37,911.0,0.0,0
2022-06-14 01:00:00,21555.135,11.7,21.5,0.0,99,876.4,1.5,3163.37,911.0,0.0,0
2022-06-14 02:00:00,21385.659,12.1,22.0,0.0,95,876.1,0.7,3163.37,911.0,0.0,0
2022-06-14 03:00:00,21941.17,11.9,22.7,0.0,100,875.5,-0.1,3163.37,911.0,0.0,0
2022-06-14 04:00:00,23504.395,11.6,23.8,0.0,100,875.0,-0.3,3163.37,911.0,0.0,0
2022-06-14 05:00:00,26397.834,11.4,21.6,0.0,100,874.9,0.1,3163.37,911.0,0.0,0
2022-06-14 06:00:00,28414.193,11.7,21.3,0.0,100,874.9,0.6,3163.37,911.0,0.0,0
2022-06-14 07:00:00,28760.879,11.6,17.2,0.0,100,875.4,1.1,3163.37,911.0,0.0,0
2022-06-14 08:00:00,29304.409,12.0,20.4,6.0,100,875.4,1.4,3163.37,911.0,0.0,0
2022-06-14 09:00:00,30113.621,12.8,23.0,50.0,100,875.5,1.5,3163.37,911.0,0.0,0
2022-06-14 10:00:00,29947.696,13.0,20.8,38.0,99,876.1,1.8,3163.37,911.0,0.0,0
2022-06-14 11:00:00,29695.372,15.9,20.7,364.0,37,877.1,2.3,3163.37,911.0,0.0,0
2022-06-14 12:00:00,29248.061,16.9,16.9,536.0,4,876.7,2.2,3163.37,911.0,0.0,0
2022-06-14 13:00:00,29269.162,17.3,19.1,608.0,13,876.6,2.2,3163.37,911.0,0.0,0
2022-06-14 14:00:00,29629.475,17.5,25.0,519.0,24,876.2,1.0,3163.37,911.0,0.0,0
2022-06-14 15:00:00,30531.798,15.5,29.9,332.0,63,875.9,1.6,3163.37,911.0,0.0,0
2022-06-14 16:00:00,31629.28,14.1,27.4,185.0,18,876.1,1.1,3163.37,911.0,0.0,0
2022-06-14 17:00:00,32262.558,12.1,25.0,135.0,1,876.1,1.4,3163.37,911.0,0.0,0
2022-06-14 18:00:00,32658.102,10.0,19.8,11.0,1,876.6,2.3,3163.37,911.0,0.0,0
2022-06-14 19:00:00,31974.424,9.0,15.3,0.0,0,877.0,2.0,3163.37,911.0,0.0,0
2022-06-14 20:00:00,30083.14,8.2,13.5,0.0,0,877.3,1.8,3163.37,910.0,0.0,0
2022-06-14 21:00:00,27278.393,7.1,10.4,0.0,0,877.1,1.9,3163.37,910.0,0.0,0
2022-06-14 22:00:00,24841.397,6.8,14.0,0.0,11,877.8,1.4,3163.37,911.0,0.0,0
2022-06-14 23:00:00,23101.469,6.2,13.1,0.0,0,878.2,0.4,3163.37,911.0,0.0,0
2022-06-15 00:00:00,22104.366,5.8,12.6,0.0,0,878.3,-0.3,3163.37,911.0,0.0,0
2022-06-15 01:00:00,21624.403,5.2,12.3,0.0,0,878.5,-0.3,3163.37,911.0,0.0,0
2022-06-15 02:00:00,21420.421,4.0,10.2,0.0,0,878.6,-0.4,3163.37,911.0,0.0,0
2022-06-15 03:00:00,21894.523,3.1,8.1,0.0,0,878.3,-0.3,3163.37,911.0,0.0,0
2022-06-15 04:00:00,23612.462,2.5,7.4,0.0,0,878.0,-0.1,3163.37,911.0,0.0,0
2022-06-15 05:00:00,26506.274,1.9,7.1,0.0,0,878.0,-0.1,3163.37,911.0,0.0,0
2022-06-15 06:00:00,28468.036,1.1,7.6,0.0,0,877.8,-0.5,3163.37,911.0,0.0,0
2022-06-15 07:00:00,29548.354,0.8,7.4,0.0,0,878.5,-0.6,3163.37,911.0,0.0,0
2022-06-15 08:00:00,30273.979,2.7,9.2,34.0,2,880.1,0.3,3163.37,911.0,0.0,0
2022-06-15 09:00:00,31037.231,5.2,9.8,194.0,17,881.8,0.8,3163.37,911.0,0.0,0
2022-06-15 10:00:00,30659.976,6.8,16.8,336.0,39,882.5,1.4,3163.37,911.0,0.0,0
2022-06-15 11:00:00,30245.457,7.8,17.4,433.0,63,883.1,0.7,3163.37,911.0,0.0,0
2022-06-15 12:00:00,29966.538,8.5,18.6,484.0,52,883.0,0.4,3163.37,911.0,0.0,0
2022-06-15 13:00:00,29666.375,9.0,18.7,523.0,82,882.7,-0.3,3163.37,911.0,0.0,0
2022-06-15 14:00:00,29886.726,8.8,19.6,473.0,68,882.7,-0.2,3163.37,911.0,0.0,0
2022-06-15 15:00:00,30404.025,8.7,18.0,349.0,72,882.6,-0.6,3163.37,911.0,0.0,0
2022-06-15 16:00:00,31473.126,8.7,15.6,207.0,98,882.2,-1.8,3163.37,911.0,0.0,0
2022-06-15 17:00:00,32056.556,8.4,13.8,73.0,65,882.0,-2.7,3163.37,911.0,0.0,0
2022-06-15 18:00:00,32718.301,6.5,5.7,9.0,2,881.5,-1.8,3163.37,911.0,0.0,0
2022-06-15 19:00:00,32109.967,4.1,8.7,0.0,0,880.8,-1.0,3163.37,911.0,0.0,0
2022-06-15 20:00:00,30376.778,5.7,6.8,0.0,0,881.8,-1.3,3163.37,911.0,0.0,0
2022-06-15 21:00:00,28085.556,5.7,6.5,0.0,0,882.1,-1.3,3163.37,911.0,0.0,0
2022-06-15 22:00:00,25728.341,3.2,9.0,0.0,3,881.5,-1.3,3163.37,911.0,0.0,0
2022-06-15 23:00:00,23753.236,3.5,8.4,0.0,34,882.0,-1.6,3163.37,911.0,0.0,0
2022-06-16 00:00:00,22750.135,1.5,9.6,0.0,1,881.6,-2.0,3163.37,911.0,0.0,0
2022-06-16 01:00:00,22208.596,0.2,9.5,0.0,7,881.4,-2.6,3163.37,911.0,0.0,0
2022-06-16 02:00:00,21878.814,0.5,8.4,0.0,0,882.0,-3.4,3163.37,912.0,0.0,0
2022-06-16 03:00:00,21983.492,0.1,10.5,0.0,0,881.2,-4.0,3163.37,912.0,0.0,0
2022-06-16 04:00:00,22588.76,0.1,10.8,0.0,6,881.3,-4.1,3163.37,912.0,0.0,0
2022-06-16 05:00:00,23577.975,-0.2,10.7,0.0,0,880.9,-4.3,3163.37,911.0,0.0,0
2022-06-16 06:00:00,24151.168,-0.5,9.8,0.0,0,880.6,-4.3,3163.37,912.0,0.0,0
2022-06-16 07:00:00,26530.651,-0.9,8.3,0.0,85,881.1,-4.2,3163.37,912.0,0.0,0
2022-06-16 08:00:00,28684.54,0.5,10.2,34.0,52,882.1,-3.9,3163.37,911.0,0.0,0
2022-06-16 09:00:00,29902.99,3.7,7.1,201.0,5,884.2,-3.2,3163.37,911.0,0.0,0
2022-06-16 10:00:00,29963.782,6.7,7.1,379.0,58,885.6,-3.0,3163.37,911.0,0.0,0
2022-06-16 11:00:00,29512.56,8.4,8.6,518.0,0,885.6,-4.1,3163.37,911.0,0.0,0
2022-06-16 12:00:00,28743.465,9.4,8.7,603.0,49,885.0,-4.2,3163.37,911.0,0.0,0
2022-06-16 13:00:00,28283.69,10.3,9.1,625.0,78,884.3,-4.3,3163.37,911.0,0.0,0
2022-06-16 14:00:00,28108.484,10.5,9.1,581.0,53,883.7,-4.8,3163.37,911.0,0.0,0
2022-06-16 15:00:00,28665.379,11.0,8.1,477.0,37,882.8,-4.6,3163.37,912.0,0.0,0
2022-06-16 16:00:00,29978.646,10.7,9.2,328.0,28,882.1,-4.7,3163.37,911.0,0.0,0
2022-06-16 17:00:00,31592.718,9.1,6.0,146.0,0,881.3,-3.3,3163.37,912.0,0.0,0
2022-06-16 18:00:00,32232.825,5.7,8.4,11.0,0,879.8,-3.0,3163.37,911.0,0.0,0
2022-06-16 19:00:00,31283.458,5.2,7.8,0.0,0,879.8,-3.1,3163.37,911.0,0.0,0
2022-06-16 20:00:00,29669.035,5.1,9.4,0.0,0,880.0,-3.7,3163.37,911.0,0.0,0
2022-06-16 21:00:00,27432.332,5.0,10.7,0.0,0,879.9,-4.3,3163.37,911.0,0.0,0
2022-06-16 22:00:00,25047.73,4.6,11.0,0.0,0,879.7,-4.2,3163.37,911.0,0.0,0
2022-06-16 23:00:00,23056.687,4.2,11.4,0.0,0,879.6,-4.1,3163.37,911.0,0.0,0
2022-06-17 00:00:00,22081.166,3.6,10.6,0.0,0,879.5,-4.3,3163.37,911.0,0.0,0
2022-06-17 01:00:00,21589.914,3.2,11.0,0.0,0,879.2,-4.6,3163.37,912.0,0.0,0
2022-06-17 02:00:00,21584.684,3.2,13.0,0.0,0,879.4,-5.4,3163.37,912.0,0.0,0
2022-06-17 03:00:00,21740.464,2.6,14.3,0.0,0,879.0,-5.6,3163.37,912.0,0.0,0
2022-06-17 04:00:00,22970.522,2.3,14.8,0.0,0,879.0,-5.5,3163.37,912.0,0.0,0
2022-06-17 05:00:00,24164.359,1.9,14.3,0.0,0,879.1,-5.1,3163.37,912.0,0.0,0
2022-06-17 06:00:00,25612.882,1.8,13.8,0.0,0,878.9,-5.0,3163.37,912.0,0.0,0
2022-06-17 07:00:00,28313.83,1.9,13.3,0.0,0,879.2,-5.1,3163.37,912.0,0.0,0
2022-06-17 08:00:00,30427.059,3.2,15.2,33.0,0,879.7,-4.9,3163.37,912.0,0.0,0
2022-06-17 09:00:00,31661.392,6.2,14.3,196.0,1,881.4,-3.6,3163.37,912.0,0.0,0
2022-06-17 10:00:00,31292.54,8.9,15.2,372.0,12,882.8,-3.5,3163.37,912.0,0.0,0
2022-06-17 11:00:00,30407.196,11.6,16.0,511.0,0,882.9,-2.8,3163.37,912.0,0.0,0
2022-06-17 12:00:00,29723.159,14.1,15.2,597.0,0,882.8,-1.9,3163.37,912.0,0.0,0
2022-06-17 13:00:00,29263.883,15.6,14.0,622.0,0,882.2,-1.6,3163.37,912.0,0.0,0
2022-06-17 14:00:00,28950.361,17.2,13.0,581.0,0,881.7,-1.6,3163.37,912.0,0.0,0
2022-06-17 15:00:00,29262.602,17.7,13.4,480.0,0,881.1,-1.4,3163.37,912.0,0.0,0
2022-06-17 16:00:00,30113.924,17.5,13.1,327.0,0,880.6,-0.9,3163.37,912.0,0.0,0
2022-06-17 17:00:00,30896.822,14.8,9.4,146.0,0,879.4,1.0,3163.37,912.0,0.0,0
2022-06-17 18:00:00,31521.717,12.2,12.6,11.0,0,878.6,0.4,3163.37,912.0,0.0,0
2022-06-17 19:00:00,31437.278,11.6,14.4,0.0,0,878.8,0.2,3163.37,912.0,0.0,0
2022-06-17 20:00:00,29880.349,10.6,14.4,0.0,0,878.8,-0.1,3163.37,911.0,0.0,0
2022-06-17 21:00:00,27924.899,9.4,13.1,0.0,0,878.6,-0.4,3163.37,909.0,0.0,0
2022-06-17 22:00:00,25819.351,8.7,14.3,0.0,0,878.5,-1.0,3163.37,908.0,0.0,0
2022-06-17 23:00:00,23757.46,8.3,15.0,0.0,0,878.4,-1.7,3163.37,908.0,0.0,0
2022-06-18 00:00:00,22541.885,7.8,14.3,0.0,0,878.2,-2.0,3163.37,908.0,0.0,0
2022-06-18 01:00:00,21839.968,7.3,14.1,0.0,0,878.0,-2.0,3163.37,909.0,0.0,0
2022-06-18 02:00:00,21583.446,7.2,14.1,0.0,0,878.1,-1.9,3163.37,909.0,0.0,0
2022-06-18 03:00:00,21638.029,6.9,15.4,0.0,0,877.4,-2.1,3163.37,909.0,0.0,0
2022-06-18 04:00:00,22016.563,6.9,16.1,0.0,0,877.2,-2.2,3163.37,909.0,0.0,0
2022-06-18 05:00:00,22642.282,6.7,16.5,0.0,0,877.2,-2.2,3163.37,909.0,0.0,0
2022-06-18 06:00:00,24013.54,6.7,17.0,0.0,0,877.1,-2.2,3163.37,909.0,0.0,0
2022-06-18 07:00:00,26432.52,6.5,17.2,0.0,0,877.4,-2.0,3163.37,909.0,0.0,0
2022-06-18 08:00:00,28487.446,7.3,18.8,32.0,0,878.1,-0.9,3163.37,909.0,0.0,0
2022-06-18 09:00:00,29387.817,9.8,19.9,192.0,0,879.4,1.0,3163.37,908.0,0.0,0
2022-06-18 10:00:00,28913.224,12.6,19.4,367.0,0,880.5,1.5,3163.37,909.0,0.0,0
2022-06-18 11:00:00,28293.211,15.1,20.9,504.0,0,880.8,1.4,3163.37,908.0,0.0,0
2022-06-18 12:00:00,27615.597,17.3,18.9,588.0,0,880.6,1.6,3163.37,908.0,0.0,0
2022-06-18 13:00:00,27129.352,19.0,17.3,611.0,0,880.2,2.2,3163.37,908.0,0.0,0
2022-06-18 14:00:00,26831.975,21.1,21.8,569.0,0,880.1,-0.1,3163.37,909.0,0.0,0
2022-06-18 15:00:00,27036.824,21.2,24.3,471.0,39,879.5,-1.4,3163.37,908.0,0.0,0
2022-06-18 16:00:00,28185.185,20.3,18.4,322.0,51,879.1,-0.2,3163.37,909.0,0.0,0
2022-06-18 17:00:00,29538.929,17.7,13.1,141.0,78,878.2,0.8,3163.37,909.0,0.0,0
2022-06-18 18:00:00,30571.089,14.5,11.8,11.0,86,877.4,0.8,3163.37,909.0,0.0,0
2022-06-18 19:00:00,29897.92,14.0,13.2,0.0,58,877.9,0.4,3163.37,909.0,0.0,0
2022-06-18 20:00:00,28343.63,12.1,10.0,0.0,77,877.8,0.7,3163.37,908.0,0.0,0
2022-06-18 21:00:00,26457.406,9.3,9.1,0.0,87,877.3,1.5,3163.37,908.0,0.0,0
2022-06-18 22:00:00,24703.254,9.1,8.7,0.0,88,877.9,1.2,3163.37,908.0,0.0,0
2022-06-18 23:00:00,22754.436,8.6,8.7,0.0,93,878.4,0.0,3163.37,908.0,0.0,0
2022-06-19 00:00:00,21844.997,8.0,9.6,0.0,78,878.6,-1.5,3163.37,909.0,0.0,0
2022-06-19 01:00:00,21282.784,6.4,7.3,0.0,72,878.2,-1.5,3163.37,908.0,0.0,0
2022-06-19 02:00:00,20905.975,6.2,7.2,0.0,71,878.6,-0.7,3163.37,909.0,0.0,0
2022-06-19 03:00:00,20873.687,5.5,7.5,0.0,35,878.3,-0.1,3163.37,909.0,0.0,0
2022-06-19 04:00:00,21023.986,4.0,9.3,0.0,37,877.7,0.5,3163.37,909.0,0.0,0
2022-06-19 05:00:00,21547.869,4.7,6.5,0.0,100,878.7,0.8,3163.37,909.0,0.0,0
2022-06-19 06:00:00,22638.435,5.7,5.4,0.0,91,879.3,1.2,3163.37,909.0,0.0,0
2022-06-19 07:00:00,25453.895,5.3,5.4,0.0,50,879.1,1.6,3163.37,910.0,0.0,0
2022-06-19 08:00:00,27983.338,5.8,7.4,28.0,26,879.6,2.1,3163.37,909.0,0.0,0
2022-06-19 09:00:00,28952.705,8.4,6.7,179.0,29,881.2,2.9,3163.37,909.0,0.0,0
2022-06-19 10:00:00,28597.632,11.4,6.8,352.0,20,882.4,3.1,3163.37,909.0,0.0,0
2022-06-19 11:00:00,28015.165,13.9,7.3,491.0,18,883.0,2.7,3163.37,909.0,0.0,0
2022-06-19 12:00:00,27562.909,15.4,6.5,553.0,6,882.7,2.1,3163.37,909.0,0.0,0
2022-06-19 13:00:00,27041.827,16.9,6.1,598.0,0,882.2,1.7,3163.37,908.0,0.0,0
2022-06-19 14:00:00,26621.743,18.5,6.8,566.0,0,881.7,0.6,3163.37,908.0,0.0,0
2022-06-19 15:00:00,26818.952,18.8,8.0,470.0,0,881.5,-0.1,3163.37,909.0,0.0,0
2022-06-19 16:00:00,27913.533,18.4,6.5,321.0,0,881.3,0.4,3163.37,909.0,0.0,0
2022-06-19 17:00:00,29223.737,17.3,3.4,143.0,0,881.1,1.8,3163.37,909.0,0.0,0
2022-06-19 18:00:00,30293.782,13.9,4.3,11.0,0,880.0,2.2,3163.37,909.0,0.0,0
2022-06-19 19:00:00,29572.935,10.3,9.7,0.0,0,878.8,2.1,3163.37,909.0,0.0,0
2022-06-19 20:00:00,27655.698,9.8,7.9,0.0,4,879.0,1.6,3163.37,909.0,0.0,0
2022-06-19 21:00:00,25304.026,10.2,9.2,0.0,30,879.5,1.5,3163.37,909.0,0.0,0
2022-06-19 22:00:00,23449.865,10.4,10.4,0.0,46,879.8,1.4,3163.37,908.0,0.0,0
2022-06-19 23:00:00,21618.224,9.8,10.0,0.0,42,879.6,1.2,3163.37,908.0,0.0,0
2022-06-20 00:00:00,20933.593,10.5,11.1,0.0,82,879.8,0.5,3163.37,908.0,0.0,0
2022-06-20 01:00:00,20428.485,10.4,9.5,0.0,99,879.6,0.7,3163.37,908.0,0.0,0
2022-06-20 02:00:00,20374.08,11.3,11.2,0.0,86,880.2,1.8,3163.37,908.0,0.0,0
2022-06-20 03:00:00,20820.72,8.6,9.7,0.0,46,880.1,2.3,3163.37,908.0,0.0,0
2022-06-20 04:00:00,22458.584,10.4,5.8,0.0,92,882.0,2.3,3163.37,908.0,0.0,0
2022-06-20 05:00:00,25241.385,7.5,6.7,0.0,57,881.8,2.9,3163.37,908.0,0.0,0
2022-06-20 06:00:00,27222.842,7.1,11.2,0.0,26,881.8,3.5,3163.37,908.0,0.0,0
2022-06-20 07:00:00,28432.946,5.2,5.6,0.0,75,881.5,3.6,3163.37,908.0,0.0,0
2022-06-20 08:00:00,29590.112,6.7,15.1,28.0,8,882.7,4.0,3163.37,908.0,0.0,0
2022-06-20 09:00:00,30410.365,9.6,17.8,175.0,23,884.6,5.0,3163.37,908.0,0.0,0
2022-06-20 10:00:00,30383.547,13.4,16.2,332.0,0,886.2,5.3,3163.37,908.0,0.0,0
2022-06-20 11:00:00,29820.819,16.1,16.2,489.0,0,886.8,5.1,3163.37,908.0,0.0,0
2022-06-20 12:00:00,29352.362,17.9,15.4,571.0,1,886.5,5.4,3163.37,908.0,0.0,0
2022-06-20 13:00:00,29012.798,19.5,15.4,595.0,0,886.1,5.5,3163.37,907.0,0.0,0
2022-06-20 14:00:00,29209.678,20.0,12.0,558.0,0,886.0,5.5,3163.37,907.0,0.0,0
2022-06-20 15:00:00,30040.631,20.7,14.5,462.0,4,885.5,5.3,3163.37,907.0,0.0,0
2022-06-20 16:00:00,30944.047,21.7,8.3,294.0,5,884.6,4.4,3163.37,907.0,0.0,0
2022-06-20 17:00:00,31933.12,18.2,10.1,134.0,0,883.3,7.3,3163.37,907.0,0.0,0
2022-06-20 18:00:00,33224.23,14.3,11.8,11.0,9,882.2,4.2,3163.37,907.0,0.0,2
2022-06-20 19:00:00,32372.798,14.8,11.0,0.0,0,883.2,2.7,3163.37,907.0,0.0,2
2022-06-20 20:00:00,30422.758,15.6,17.3,0.0,0,883.9,1.5,3163.37,907.0,0.0,2
2022-06-20 21:00:00,27795.963,15.5,17.6,0.0,4,884.4,1.6,3163.37,908.0,0.0,2
2022-06-20 22:00:00,25187.085,14.6,17.7,0.0,0,884.6,2.1,3163.37,908.0,0.0,2
2022-06-20 23:00:00,23309.806,14.3,19.3,0.0,0,884.6,3.0,3163.37,908.0,0.0,0
2022-06-21 00:00:00,22464.053,14.1,20.4,0.0,0,884.7,4.4,3163.37,908.0,0.0,0
2022-06-21 01:00:00,22042.174,13.6,19.1,0.0,0,884.6,5.4,3163.37,907.0,0.0,0
2022-06-21 02:00:00,21951.205,13.1,15.5,0.0,0,884.6,5.9,3163.37,908.0,0.0,0
2022-06-21 03:00:00,22258.564,11.8,16.2,0.0,0,884.5,5.7,3163.37,907.0,0.0,0
2022-06-21 04:00:00,23830.179,11.4,20.3,0.0,0,884.7,5.3,3163.37,907.0,0.0,0
2022-06-21 05:00:00,26212.702,11.2,21.7,0.0,0,884.8,5.6,3163.37,908.0,0.0,0
2022-06-21 06:00:00,27768.447,10.8,21.7,0.0,0,884.8,6.0,3163.37,908.0,0.0,0
2022-06-21 07:00:00,29096.682,10.2,20.2,0.0,0,885.2,6.0,3163.37,908.0,0.0,0
2022-06-21 08:00:00,30352.886,10.4,21.0,30.0,0,885.9,6.2,3163.37,908.0,0.0,0
2022-06-21 09:00:00,30819.267,12.2,18.8,187.0,0,887.0,6.6,3163.37,908.0,0.0,0
2022-06-21 10:00:00,30502.882,13.8,18.5,361.0,3,888.1,6.7,3163.37,908.0,0.0,0
2022-06-21 11:00:00,30035.429,15.3,19.5,494.0,82,887.9,6.6,3163.37,908.0,0.0,0
2022-06-21 12:00:00,29509.2,16.5,18.4,562.0,99,887.4,6.6,3163.37,908.0,0.0,0
2022-06-21 13:00:00,29283.613,17.5,16.7,534.0,100,886.6,6.2,3163.37,908.0,0.0,0
2022-06-21 14:00:00,29568.28,16.9,19.1,481.0,100,886.6,4.7,3163.37,907.0,0.0,0
2022-06-21 15:00:00,30416.704,17.5,15.3,269.0,100,885.9,3.8,3163.37,908.0,0.0,0
2022-06-21 16:00:00,31522.235,17.0,8.7,128.0,100,885.6,4.1,3163.37,907.0,0.0,0
2022-06-21 17:00:00,32315.201,15.1,8.0,49.0,100,884.9,5.3,3163.37,907.0,1.0,0
2022-06-21 18:00:00,33086.169,13.0,14.0,5.0,99,884.8,6.1,3163.37,907.0,0.0,2
2022-06-21 19:00:00,32290.352,11.9,6.7,0.0,100,884.4,7.4,3163.37,907.0,0.0,2
2022-06-21 20:00:00,30467.597,11.7,10.2,0.0,99,884.3,7.2,3163.37,907.0,0.0,2
2022-06-21 21:00:00,27892.938,11.4,13.0,0.0,100,883.4,6.8,3163.37,907.0,0.0,2
2022-06-21 22:00:00,25305.917,10.9,8.5,0.0,100,883.2,6.7,3163.37,907.0,0.0,2
2022-06-21 23:00:00,23392.608,10.9,10.5,0.0,100,883.2,6.7,3163.37,908.0,0.0,0
2022-06-22 00:00:00,22365.973,11.3,10.9,0.0,97,883.2,6.3,3163.37,907.0,0.0,0
2022-06-22 01:00:00,21853.451,10.4,10.4,0.0,100,883.0,6.3,3163.37,907.0,0.0,0
2022-06-22 02:00:00,21605.042,10.6,11.3,0.0,97,883.4,5.5,3163.37,907.0,0.0,0
2022-06-22 03:00:00,21926.361,11.0,13.5,0.0,100,883.3,5.4,3163.37,907.0,0.0,0
2022-06-22 04:00:00,23531.967,10.5,13.5,0.0,100,883.1,5.2,3163.37,907.0,0.0,0
2022-06-22 05:00:00,25803.802,9.8,13.2,0.0,100,882.8,5.0,3163.37,908.0,0.0,0
2022-06-22 06:00:00,27683.834,9.5,13.7,0.0,100,883.0,5.2,3163.37,908.0,0.0,0
2022-06-22 07:00:00,28990.814,9.9,13.0,0.0,100,883.5,5.5,3163.37,908.0,0.0,0
2022-06-22 08:00:00,30078.717,9.9,13.3,14.0,100,884.0,6.1,3163.37,908.0,0.0,0
2022-06-22 09:00:00,30899.609,10.3,17.9,28.0,100,884.5,6.3,3163.37,909.0,0.0,0
2022-06-22 10:00:00,31481.061,11.0,19.7,88.0,100,884.8,6.6,3163.37,909.0,0.0,0
2022-06-22 11:00:00,30979.22,11.6,16.3,182.0,100,884.7,7.9,3163.37,908.0,0.0,2
2022-06-22 12:00:00,30562.066,12.8,16.9,206.0,100,884.4,6.7,3163.37,908.0,0.0,2
2022-06-22 13:00:00,30118.535,13.3,21.5,254.0,100,883.9,6.5,3163.37,908.0,0.0,2
2022-06-22 14:00:00,30372.75,10.9,18.5,142.0,100,882.6,8.6,3163.37,908.0,0.0,2
2022-06-22 15:00:00,30952.301,11.2,18.7,81.0,100,882.2,9.0,3163.37,908.0,0.0,2
2022-06-22 16:00:00,31922.837,10.9,20.5,29.0,100,881.6,8.5,3163.37,907.0,0.0,2
2022-06-22 17:00:00,33172.482,11.3,17.9,48.0,100,881.6,8.5,3163.37,907.0,0.0,2
2022-06-22 18:00:00,33920.624,10.7,15.9,2.0,100,881.3,8.7,3163.37,907.0,0.0,2
2022-06-22 19:00:00,33172.052,10.9,17.2,0.0,100,880.8,8.8,3163.37,908.0,0.0,2
2022-06-22 20:00:00,31600.31,10.6,17.3,0.0,100,880.6,8.5,3163.37,908.0,0.0,2
2022-06-22 21:00:00,28875.422,10.7,18.8,0.0,100,880.6,8.7,3163.37,908.0,0.0,2
2022-06-22 22:00:00,26301.931,10.7,22.5,0.0,100,880.7,8.8,3163.37,908.0,0.0,2
2022-06-22 23:00:00,24564.123,10.6,23.2,0.0,100,880.4,8.8,3163.37,907.0,0.0,2
2022-06-23 00:00:00,22983.605,10.0,19.1,0.0,100,880.2,9.3,3163.37,908.0,0.0,2
2022-06-23 01:00:00,22426.998,10.0,22.4,0.0,100,880.6,8.8,3163.37,909.0,0.0,0
2022-06-23 02:00:00,22277.367,9.6,17.6,0.0,100,880.9,8.5,3163.37,908.0,0.0,0
2022-06-23 03:00:00,22537.145,9.0,13.6,0.0,10,880.7,8.2,3163.37,908.0,0.0,0
2022-06-23 04:00:00,23902.284,7.8,12.0,0.0,0,880.7,7.2,3163.37,908.0,0.0,0
2022-06-23 05:00:00,26293.684,7.1,14.4,0.0,36,880.6,6.4,3163.37,907.0,0.0,0
2022-06-23 06:00:00,27934.313,6.8,15.5,0.0,67,880.5,6.0,3163.37,907.0,0.0,2
2022-06-23 07:00:00,29363.478,6.5,16.8,0.0,17,881.2,5.7,3163.37,908.0,0.0,2
2022-06-23 08:00:00,30682.949,6.8,18.6,28.0,99,881.8,5.4,3163.37,908.0,0.0,2
2022-06-23 09:00:00,31739.546,8.0,16.3,133.0,96,882.8,6.3,3163.37,907.0,0.0,2
2022-06-23 10:00:00,32029.415,9.4,19.1,251.0,95,883.7,6.1,3163.37,907.0,0.0,2
2022-06-23 11:00:00,31592.651,10.9,24.3,417.0,100,883.9,5.3,3163.37,906.0,0.0,2
2022-06-23 12:00:00,31198.018,11.7,21.8,471.0,100,883.5,5.5,3163.37,907.0,0.0,2
2022-06-23 13:00:00,30933.349,11.7,20.3,274.0,32,882.9,5.3,3163.37,908.0,0.0,2
2022-06-23 14:00:00,30858.772,12.0,17.3,476.0,100,882.5,5.5,3163.37,908.0,0.0,2
2022-06-23 15:00:00,31456.641,12.6,17.1,249.0,100,882.5,5.2,3163.37,907.0,0.0,2
2022-06-23 16:00:00,32303.748,11.9,15.1,141.0,33,882.4,5.7,3163.37,907.0,0.0,2
2022-06-23 17:00:00,33882.258,10.9,10.2,119.0,23,882.2,6.7,3163.37,907.0,0.0,2
2022-06-23 18:00:00,34666.105,8.5,6.9,10.0,21,881.5,6.8,3163.37,907.0,0.0,2
2022-06-23 19:00:00,33857.673,8.2,7.6,0.0,36,881.8,6.8,3163.37,907.0,0.0,2
2022-06-23 20:00:00,31601.481,7.8,7.9,0.0,100,881.9,6.4,3163.37,906.0,0.0,2
2022-06-23 21:00:00,29120.233,7.9,6.1,0.0,68,882.3,6.9,3163.37,906.0,0.0,2
2022-06-23 22:00:00,26501.381,7.7,4.9,0.0,36,882.7,6.8,3163.37,907.0,0.0,2
2022-06-23 23:00:00,24458.795,6.7,5.4,0.0,47,882.3,6.1,3163.37,908.0,0.0,2
2022-06-24 00:00:00,22972.302,5.8,7.0,0.0,50,882.2,5.4,3163.37,908.0,0.0,2
2022-06-24 01:00:00,22341.476,6.0,7.1,0.0,100,882.3,5.6,3163.37,908.0,0.0,0
2022-06-24 02:00:00,22018.895,7.2,4.0,0.0,100,883.1,6.3,3163.37,908.0,0.0,0
2022-06-24 03:00:00,22426.905,7.2,4.3,0.0,96,882.8,6.4,3163.37,908.0,0.0,0
2022-06-24 04:00:00,23585.805,7.5,2.7,0.0,28,882.8,6.3,3163.37,908.0,0.0,0
2022-06-24 05:00:00,26091.935,7.0,1.9,0.0,5,882.6,6.2,3163.37,908.0,0.0,0
2022-06-24 06:00:00,27517.74,6.6,0.5,0.0,1,882.3,6.1,3163.37,908.0,0.0,2
2022-06-24 07:00:00,29063.871,5.1,2.7,0.0,0,882.3,5.1,3163.37,908.0,0.0,2
2022-06-24 08:00:00,30751.712,5.2,2.6,25.0,100,882.7,5.2,3163.37,908.0,0.0,2
2022-06-24 09:00:00,31705.861,7.2,2.2,148.0,100,884.2,6.9,3163.37,908.0,0.0,2
2022-06-24 10:00:00,31184.007,10.0,5.6,288.0,57,885.8,6.9,3163.37,907.0,0.0,2
2022-06-24 11:00:00,30624.99,11.4,6.4,433.0,100,885.5,6.8,3163.37,908.0,0.0,2
2022-06-24 12:00:00,30081.151,11.3,9.4,292.0,68,885.2,6.9,3163.37,908.0,0.0,4
2022-06-24 13:00:00,29415.332,11.5,9.9,340.0,48,884.6,7.1,3163.37,908.0,0.0,4
2022-06-24 14:00:00,29266.19,12.8,6.4,294.0,44,884.4,5.2,3163.37,908.0,0.0,4
2022-06-24 15:00:00,29536.412,13.0,7.9,340.0,52,884.3,4.9,3163.37,908.0,0.0,4
2022-06-24 16:00:00,30290.037,12.5,10.8,219.0,37,884.1,5.1,3163.37,908.0,0.0,4
2022-06-24 17:00:00,31548.15,11.6,6.9,122.0,25,884.0,5.4,3163.37,907.0,0.0,4
2022-06-24 18:00:00,32712.17,9.6,7.9,10.0,28,883.4,5.1,3163.37,907.0,0.0,4
2022-06-24 19:00:00,32354.939,9.0,11.2,0.0,35,883.9,5.1,3163.37,907.0,0.0,4
2022-06-24 20:00:00,30398.094,8.4,17.7,0.0,0,884.6,5.2,3163.37,907.0,0.0,4
2022-06-24 21:00:00,28564.997,7.7,16.6,0.0,0,884.6,5.2,3163.37,907.0,0.0,4
2022-06-24 22:00:00,26522.691,6.9,15.8,0.0,0,884.9,5.1,3163.37,907.0,0.0,4
2022-06-24 23:00:00,24670.385,6.5,16.0,0.0,0,884.8,4.9,3163.37,908.0,0.0,4
2022-06-25 00:00:00,23238.639,6.2,16.8,0.0,0,884.9,4.7,3163.37,908.0,0.0,4
2022-06-25 01:00:00,22582.986,5.9,16.8,0.0,0,885.0,4.6,3163.37,908.0,0.0,0
2022-06-25 02:00:00,22024.943,5.8,17.3,0.0,0,885.0,4.3,3163.37,908.0,0.0,0
2022-06-25 03:00:00,22280.567,5.6,17.1,0.0,0,884.9,4.1,3163.37,907.0,0.0,0
2022-06-25 04:00:00,22604.289,5.4,16.6,0.0,0,884.9,3.8,3163.37,908.0,0.0,0
2022-06-25 05:00:00,23328.415,5.2,15.6,0.0,0,884.9,3.6,3163.37,907.0,0.0,0
2022-06-25 06:00:00,24538.229,4.7,16.6,0.0,0,885.4,3.4,3163.37,907.0,0.0,4
2022-06-25 07:00:00,26680.109,4.3,16.5,0.0,0,886.1,3.2,3163.37,908.0,0.0,4
2022-06-25 08:00:00,29026.756,4.7,16.2,30.0,0,886.9,3.2,3163.37,908.0,0.0,4
2022-06-25 09:00:00,30046.969,6.7,13.8,189.0,0,888.5,3.8,3163.37,908.0,0.0,4
2022-06-25 10:00:00,30225.778,9.1,11.1,363.0,0,890.0,4.7,3163.37,908.0,0.0,4
2022-06-25 11:00:00,30020.882,11.8,11.8,498.0,0,890.0,5.8,3163.37,907.0,0.0,4
2022-06-25 12:00:00,29617.654,14.3,12.2,584.0,0,889.8,7.2,3163.37,905.0,0.0,4
2022-06-25 13:00:00,29188.415,15.8,9.4,610.0,0,889.6,7.6,3163.37,906.0,0.0,4
2022-06-25 14:00:00,28665.208,16.0,4.1,571.0,2,889.3,7.3,3163.37,906.0,0.0,4
2022-06-25 15:00:00,28656.679,16.5,7.4,467.0,14,889.5,6.7,3163.37,906.0,0.0,4
2022-06-25 16:00:00,29461.023,16.1,10.2,306.0,35,889.5,5.6,3163.37,905.0,0.0,4
2022-06-25 17:00:00,30906.862,14.3,9.6,123.0,32,889.2,6.0,3163.37,906.0,0.0,4
2022-06-25 18:00:00,31957.107,11.8,10.7,12.0,10,888.3,5.2,3163.37,905.0,0.0,4
2022-06-25 19:00:00,30643.087,10.7,10.3,0.0,0,888.2,4.9,3163.37,905.0,0.0,4
2022-06-25 20:00:00,29024.386,9.6,10.0,0.0,1,888.0,4.6,3163.37,905.0,0.0,4
2022-06-25 21:00:00,27127.831,8.7,8.3,0.0,15,888.0,4.4,3163.37,905.0,0.0,4
2022-06-25 22:00:00,25013.252,8.4,8.0,0.0,9,888.8,4.7,3163.37,905.0,0.0,4
2022-06-25 23:00:00,23337.389,6.0,10.2,0.0,8,887.8,4.0,3163.37,904.0,0.0,4
2022-06-26 00:00:00,22461.891,5.3,7.5,0.0,2,887.9,3.7,3163.37,905.0,0.0,4
2022-06-26 01:00:00,21807.291,5.6,8.4,0.0,0,888.4,4.1,3163.37,905.0,0.0,0
2022-06-26 02:00:00,21447.645,5.4,6.3,0.0,0,888.4,4.1,3163.37,908.0,0.0,0
2022-06-26 03:00:00,21542.99,4.3,7.3,0.0,0,887.8,3.4,3163.37,909.0,0.0,0
2022-06-26 04:00:00,21792.198,4.4,6.0,0.0,4,888.0,3.4,3163.37,909.0,0.0,0
2022-06-26 05:00:00,22353.336,4.5,8.3,0.0,7,888.4,3.6,3163.37,908.0,0.0,0
2022-06-26 06:00:00,23546.856,4.3,9.5,0.0,6,888.6,3.4,3163.37,908.0,0.0,4
2022-06-26 07:00:00,26136.182,4.2,8.7,0.0,0,889.1,3.0,3163.37,909.0,0.0,4
2022-06-26 08:00:00,28689.104,5.3,8.4,28.0,0,890.3,3.3,3163.37,908.0,0.0,4
2022-06-26 09:00:00,29766.98,8.4,7.7,182.0,0,892.6,4.8,3163.37,908.0,0.0,4
2022-06-26 10:00:00,29645.211,11.7,7.9,356.0,0,894.6,6.2,3163.37,909.0,0.0,4
2022-06-26 11:00:00,29122.623,13.9,10.1,494.0,0,895.2,6.5,3163.37,909.0,0.0,4
2022-06-26 12:00:00,28603.381,15.4,10.0,580.0,0,895.0,6.9,3163.37,908.0,0.0,4
2022-06-26 13:00:00,28217.654,16.3,9.7,605.0,0,894.5,7.3,3163.37,909.0,0.0,4
2022-06-26 14:00:00,27704.453,17.2,8.7,567.0,0,893.9,6.1,3163.37,909.0,0.0,4
2022-06-26 15:00:00,27822.442,17.3,5.7,470.0,10,893.6,5.5,3163.37,909.0,0.0,4
2022-06-26 16:00:00,28847.514,17.0,3.8,314.0,22,893.5,5.2,3163.37,908.0,0.0,4
2022-06-26 17:00:00,30979.99,16.4,2.9,142.0,12,893.6,5.9,3163.37,908.0,0.0,4
2022-06-26 18:00:00,32385.379,14.8,1.3,12.0,29,893.4,6.0,3163.37,908.0,0.0,4
2022-06-26 19:00:00,31279.791,9.4,8.6,0.0,24,891.7,5.9,3163.37,908.0,0.0,4
2022-06-26 20:00:00,29405.056,9.5,9.1,0.0,14,892.2,5.1,3163.37,908.0,0.0,4
2022-06-26 21:00:00,27240.213,9.7,10.9,0.0,0,892.2,3.8,3163.37,908.0,0.0,4
2022-06-26 22:00:00,24992.902,9.0,10.1,0.0,0,892.0,3.3,3163.37,908.0,0.0,4
2022-06-26 23:00:00,23243.948,7.7,8.5,0.0,0,891.4,3.1,3163.37,908.0,0.0,4
2022-06-27 00:00:00,22352.747,6.3,8.6,0.0,0,890.7,3.0,3163.37,909.0,0.0,4
2022-06-27 01:00:00,21733.153,5.4,8.3,0.0,0,890.4,3.0,3163.37,909.0,0.0,0
2022-06-27 02:00:00,21670.616,5.3,9.6,0.0,0,890.8,2.8,3163.37,909.0,0.0,0
2022-06-27 03:00:00,21670.113,4.8,7.8,0.0,0,890.2,2.4,3163.37,909.0,0.0,0
2022-06-27 04:00:00,22800.194,4.6,8.7,0.0,0,889.8,2.3,3163.37,909.0,0.0,0
2022-06-27 05:00:00,24940.137,4.5,9.0,0.0,0,890.5,2.0,3163.37,909.0,0.0,4
2022-06-27 06:00:00,26657.415,3.8,8.3,0.0,0,890.7,1.4,3163.37,909.0,0.0,4
2022-06-27 07:00:00,28175.623,3.7,8.0,0.0,0,891.1,1.3,3163.37,909.0,0.0,4
2022-06-27 08:00:00,29921.633,5.2,8.6,29.0,0,892.8,1.7,3163.37,909.0,0.0,4
2022-06-27 09:00:00,31278.522,8.2,6.9,188.0,0,894.9,3.1,3163.37,910.0,0.0,4
2022-06-27 10:00:00,31267.792,11.1,4.2,365.0,0,896.8,4.5,3163.37,909.0,0.0,4
2022-06-27 11:00:00,30810.159,13.5,4.9,507.0,0,897.5,4.0,3163.37,909.0,0.0,4
2022-06-27 12:00:00,30292.139,15.2,4.3,594.0,0,897.5,2.8,3163.37,909.0,0.0,4
2022-06-27 13:00:00,29738.012,16.3,6.0,620.0,0,897.0,1.6,3163.37,909.0,0.0,4
2022-06-27 14:00:00,29826.391,17.1,10.8,581.0,0,896.3,-1.0,3163.37,909.0,0.0,4
2022-06-27 15:00:00,30325.594,17.1,11.8,485.0,0,895.7,-1.7,3163.37,909.0,0.0,4
2022-06-27 16:00:00,31200.218,16.4,10.0,335.0,0,895.5,-1.3,3163.37,909.0,0.0,4
2022-06-27 17:00:00,32430.199,12.8,7.7,154.0,0,894.0,3.0,3163.37,908.0,0.0,4
2022-06-27 18:00:00,33617.196,9.0,10.5,14.0,0,892.6,0.3,3163.37,908.0,0.0,4
2022-06-27 19:00:00,32980.647,7.7,9.1,0.0,0,892.3,0.2,3163.37,909.0,0.0,4
2022-06-27 20:00:00,31096.592,6.6,8.4,0.0,0,892.2,0.2,3163.37,908.0,0.0,4
2022-06-27 21:00:00,28762.835,6.5,8.9,0.0,0,892.4,0.6,3163.37,908.0,0.0,4
2022-06-27 22:00:00,26012.347,6.9,9.8,0.0,0,892.5,0.8,3163.37,909.0,0.0,4
2022-06-27 23:00:00,24105.842,6.9,10.1,0.0,0,892.3,-0.1,3163.37,909.0,0.0,4
2022-06-28 00:00:00,23192.6,6.8,10.2,0.0,0,892.1,-0.6,3303.17,909.0,0.0,4
2022-06-28 01:00:00,22359.332,6.3,9.7,0.0,0,891.9,-0.6,3303.17,909.0,0.0,0
2022-06-28 02:00:00,22032.568,6.3,11.4,0.0,0,892.4,-0.7,3303.17,909.0,0.0,0
2022-06-28 03:00:00,22424.028,5.7,10.8,0.0,0,891.8,-0.9,3303.17,909.0,0.0,0
2022-06-28 04:00:00,23537.408,5.0,10.8,0.0,0,891.9,-1.2,3303.17,909.0,2.0,0
2022-06-28 05:00:00,25936.372,4.6,10.9,0.0,0,892.1,-1.7,3303.17,909.0,27.0,4
2022-06-28 06:00:00,27130.792,4.0,9.2,0.0,0,892.6,-2.1,3303.17,909.0,1.0,4
2022-06-28 07:00:00,28510.362,2.9,8.0,0.0,0,893.2,-2.1,3303.17,909.0,0.0,4
2022-06-28 08:00:00,29864.632,4.0,7.2,30.0,0,894.4,-1.3,3303.17,909.0,0.0,4
2022-06-28 09:00:00,30808.167,6.8,7.0,190.0,0,896.2,-0.3,3303.17,909.0,0.0,4
2022-06-28 10:00:00,30819.371,9.3,7.2,366.0,0,896.8,0.7,3303.17,909.0,0.0,4
2022-06-28 11:00:00,30229.59,11.4,7.1,506.0,0,896.8,1.9,3303.17,908.0,0.0,4
2022-06-28 12:00:00,29593.141,13.2,7.1,593.0,0,896.4,2.4,3303.17,908.0,0.0,4
2022-06-28 13:00:00,29255.357,14.4,6.8,620.0,0,895.6,2.0,3303.17,908.0,0.0,4
2022-06-28 14:00:00,29370.47,15.3,6.8,582.0,0,894.7,0.9,3303.17,909.0,0.0,4
2022-06-28 15:00:00,30063.161,15.6,6.1,484.0,0,894.1,1.0,3303.17,909.0,0.0,4
2022-06-28 16:00:00,31140.606,15.2,5.6,333.0,0,893.4,1.2,3303.17,909.0,0.0,4
2022-06-28 17:00:00,32125.013,13.5,5.6,153.0,0,892.7,4.0,3303.17,909.0,0.0,5
2022-06-28 18:00:00,33172.309,12.6,5.9,14.0,0,892.6,2.3,3303.17,908.0,0.0,5
2022-06-28 19:00:00,32674.713,7.3,9.3,0.0,0,890.7,2.8,3303.17,908.0,0.0,5
2022-06-28 20:00:00,31079.319,6.1,9.1,0.0,0,890.5,2.9,3303.17,908.0,0.0,5
2022-06-28 21:00:00,28712.815,6.0,8.2,0.0,0,890.4,2.4,3303.17,908.0,0.0,5
2022-06-28 22:00:00,26420.343,6.0,8.2,0.0,0,890.3,2.0,3303.17,908.0,0.0,4
2022-06-28 23:00:00,24555.693,5.4,8.9,0.0,0,890.0,1.5,3303.17,908.0,0.0,4
2022-06-29 00:00:00,23940.262,5.2,8.3,0.0,0,889.7,1.3,3303.17,909.0,0.0,2
2022-06-29 01:00:00,22758.14,4.6,8.4,0.0,0,889.3,1.1,3303.17,908.0,0.0,2
2022-06-29 02:00:00,22296.509,4.2,9.0,0.0,0,889.1,1.2,3303.17,908.0,0.0,2
2022-06-29 03:00:00,22510.101,3.1,10.1,0.0,0,888.4,0.5,3303.17,909.0,0.0,2
2022-06-29 04:00:00,23479.063,3.5,8.3,0.0,0,888.5,0.6,3303.17,909.0,0.0,2
2022-06-29 05:00:00,25646.302,3.5,9.5,0.0,0,888.7,0.2,3303.17,908.0,0.0,4
2022-06-29 06:00:00,26990.667,1.6,10.3,0.0,0,888.8,-0.1,3303.17,909.0,0.0,4
2022-06-29 07:00:00,28375.335,1.4,9.1,0.0,0,888.6,-0.5,3303.17,908.0,0.0,4
2022-06-29 08:00:00,29968.6,3.5,4.0,29.0,0,890.0,1.2,3303.17,908.0,0.0,4
2022-06-29 09:00:00,31063.538,7.3,2.5,187.0,0,892.2,2.4,3303.17,908.0,0.0,4
2022-06-29 10:00:00,30971.965,10.6,1.1,364.0,0,893.7,3.4,3303.17,909.0,0.0,4
2022-06-29 11:00:00,30503.833,12.6,1.8,504.0,0,893.9,3.7,3303.17,909.0,0.0,4
2022-06-29 12:00:00,29920.167,14.2,1.3,592.0,0,893.3,3.7,3303.17,908.0,0.0,4
2022-06-29 13:00:00,29613.816,15.0,1.1,619.0,0,892.3,2.5,3303.17,908.0,0.0,4
2022-06-29 14:00:00,29686.453,15.9,4.6,582.0,0,891.7,1.3,3303.17,908.0,0.0,4
2022-06-29 15:00:00,30282.967,16.1,4.4,483.0,0,891.3,0.9,3303.17,908.0,0.0,4
2022-06-29 16:00:00,31186.779,15.8,3.5,333.0,0,890.6,0.6,3303.17,908.0,0.0,4
2022-06-29 17:00:00,32123.815,13.1,6.5,154.0,0,889.4,5.4,3303.17,908.0,0.0,5
2022-06-29 18:00:00,33475.962,9.0,9.5,14.0,0,888.0,2.4,3303.17,908.0,0.0,5
2022-06-29 19:00:00,32841.677,8.3,8.5,0.0,0,888.1,2.2,3303.17,908.0,0.0,5
2022-06-29 20:00:00,31301.471,7.8,9.4,0.0,0,888.1,0.9,3303.17,908.0,0.0,5
2022-06-29 21:00:00,29136.959,6.9,8.0,0.0,0,888.0,0.7,3303.17,908.0,0.0,5
2022-06-29 22:00:00,26563.999,5.9,8.7,0.0,0,887.6,0.4,3303.17,908.0,0.0,4
2022-06-29 23:00:00,24681.376,5.0,9.8,0.0,0,886.9,0.3,3303.17,908.0,0.0,4
2022-06-30 00:00:00,23493.2,4.6,9.2,0.0,0,886.6,0.3,3303.17,908.0,0.0,2
2022-06-30 01:00:00,22693.569,8.3,2.9,0.0,0,888.4,-0.1,3303.17,909.0,0.0,2
2022-06-30 02:00:00,22349.195,5.4,5.4,0.0,0,887.1,0.0,3303.17,909.0,0.0,2
2022-06-30 03:00:00,22584.184,2.3,10.2,0.0,0,885.5,-0.5,3303.17,909.0,0.0,2
2022-06-30 04:00:00,23660.91,2.0,9.5,0.0,0,885.1,-0.6,3303.17,909.0,0.0,2
2022-06-30 05:00:00,25514.924,2.0,7.6,0.0,0,885.3,-0.2,3303.17,909.0,0.0,4
2022-06-30 06:00:00,26703.56,1.8,7.6,0.0,0,885.4,-0.3,3303.17,909.0,0.0,4
2022-06-30 07:00:00,28360.89,1.1,9.5,0.0,0,885.3,-0.7,3303.17,909.0,0.0,4
2022-06-30 08:00:00,29899.783,3.0,4.6,29.0,0,887.0,0.8,3303.17,908.0,0.0,4
2022-06-30 09:00:00,31080.677,6.2,6.5,188.0,0,889.7,1.7,3303.17,908.0,0.0,4
2022-06-30 10:00:00,30950.992,9.5,5.6,366.0,0,891.4,2.8,3303.17,908.0,8.0,4
2022-06-30 11:00:00,30445.945,12.2,6.9,506.0,0,891.6,3.2,3303.17,908.0,11.0,4
2022-06-30 12:00:00,29962.588,14.1,6.1,594.0,0,891.2,3.2,3303.17,908.0,0.0,4
2022-06-30 13:00:00,29416.332,15.4,6.2,621.0,0,890.6,2.4,3303.17,908.0,0.0,4
2022-06-30 14:00:00,29448.961,16.4,10.6,584.0,0,889.7,0.2,3303.17,908.0,0.0,4
2022-06-30 15:00:00,30063.724,16.5,9.4,489.0,0,889.2,0.8,3303.17,908.0,0.0,5
2022-06-30 16:00:00,31068.274,16.1,8.3,338.0,0,888.7,0.6,3303.17,908.0,0.0,5
2022-06-30 17:00:00,32103.254,12.8,8.1,157.0,0,887.2,4.7,3303.17,908.0,0.0,5
2022-06-30 18:00:00,33228.699,9.2,11.0,15.0,0,885.9,1.9,3303.17,908.0,0.0,5
2022-06-30 19:00:00,32719.788,7.7,9.5,0.0,0,885.5,1.6,3303.17,906.0,0.0,5
2022-06-30 20:00:00,30997.24,6.9,7.9,0.0,0,885.6,1.7,3303.17,907.0,0.0,5
2022-06-30 21:00:00,28745.441,6.2,8.9,0.0,0,885.5,1.0,3303.17,908.0,0.0,5
2022-06-30 22:00:00,26211.473,5.8,9.8,0.0,0,885.5,0.1,3303.17,909.0,0.0,5
2022-06-30 23:00:00,24256.011,5.8,8.7,0.0,0,885.3,-0.3,3303.17,909.0,0.0,5
2022-07-01 00:00:00,23656.974,5.6,8.9,0.0,0,885.1,-0.7,3303.17,909.0,0.0,5
2022-07-01 01:00:00,22950.773,5.8,9.5,0.0,0,884.9,-1.4,3303.17,910.0,0.0,4
2022-07-01 02:00:00,22769.531,6.1,11.8,0.0,0,885.6,-2.0,3303.17,909.0,0.0,4
2022-07-01 03:00:00,22988.588,5.2,12.2,0.0,0,885.4,-1.7,3303.17,910.0,0.0,4
2022-07-01 04:00:00,24178.344,4.4,10.5,0.0,0,885.1,-1.0,3303.17,910.0,0.0,4
2022-07-01 05:00:00,26205.275,4.0,9.8,0.0,0,884.9,-0.1,3303.17,910.0,0.0,4
2022-07-01 06:00:00,27133.716,3.3,7.9,0.0,0,884.9,0.8,3303.17,910.0,0.0,4
2022-07-01 07:00:00,28954.194,3.1,8.3,0.0,0,885.6,1.0,3303.17,910.0,0.0,4
2022-07-01 08:00:00,30564.999,4.7,10.9,29.0,0,886.5,1.9,3303.17,910.0,0.0,4
2022-07-01 09:00:00,31464.639,7.9,11.1,188.0,0,888.6,3.2,3303.17,910.0,0.0,4
2022-07-01 10:00:00,31418.966,10.6,11.6,362.0,0,889.8,3.9,3303.17,910.0,0.0,4
2022-07-01 11:00:00,30840.658,13.1,13.3,499.0,0,890.2,4.8,3303.17,910.0,0.0,4
2022-07-01 12:00:00,30272.543,15.2,16.6,585.0,0,890.0,5.3,3303.17,909.0,0.0,4
2022-07-01 13:00:00,29702.149,16.3,20.4,611.0,22,889.2,5.2,3303.17,909.0,0.0,4
2022-07-01 14:00:00,29458.492,17.0,18.8,472.0,99,888.4,4.3,3303.17,909.0,0.0,4
2022-07-01 15:00:00,29346.433,17.3,19.2,476.0,5,887.8,4.3,3303.17,909.0,0.0,4
2022-07-01 16:00:00,29701.488,16.3,19.3,322.0,11,887.0,4.8,3303.17,909.0,0.0,4
2022-07-01 17:00:00,30658.814,14.8,14.9,147.0,0,886.2,5.0,3303.17,909.0,0.0,4
2022-07-01 18:00:00,32183.981,12.6,14.6,14.0,0,885.5,4.4,3303.17,909.0,0.0,4
2022-07-01 19:00:00,31631.706,11.5,13.7,0.0,0,885.3,4.5,3303.17,909.0,0.0,4
2022-07-01 20:00:00,30209.214,10.5,12.2,0.0,16,885.4,4.6,3303.17,909.0,0.0,4
2022-07-01 21:00:00,28302.835,9.9,12.3,0.0,3,885.7,4.5,3303.17,909.0,0.0,4
2022-07-01 22:00:00,26382.116,9.4,12.6,0.0,0,885.4,4.4,3303.17,909.0,0.0,4
2022-07-01 23:00:00,24661.427,8.7,12.0,0.0,0,884.9,4.4,3303.17,909.0,0.0,2
2022-07-02 00:00:00,23474.677,8.2,12.3,0.0,0,884.4,4.1,3303.17,909.0,0.0,2
2022-07-02 01:00:00,22953.568,7.5,11.6,0.0,0,884.0,3.9,3303.17,909.0,0.0,2
2022-07-02 02:00:00,22718.327,7.5,11.7,0.0,0,884.0,4.1,3303.17,909.0,0.0,2
2022-07-02 03:00:00,22778.485,6.9,12.2,0.0,0,883.7,4.1,3303.17,909.0,0.0,2
2022-07-02 04:00:00,23135.479,6.7,13.7,0.0,0,883.6,4.0,3303.17,909.0,0.0,2
2022-07-02 05:00:00,23816.086,6.6,13.8,0.0,0,883.9,3.8,3303.17,909.0,0.0,2
2022-07-02 06:00:00,24846.499,6.2,13.6,0.0,0,884.0,3.5,3303.17,909.0,0.0,2
2022-07-02 07:00:00,26996.571,6.0,14.3,0.0,0,884.4,3.1,3303.17,910.0,0.0,4
2022-07-02 08:00:00,28858.648,6.9,16.2,28.0,0,885.2,3.0,3303.17,909.0,0.0,4
2022-07-02 09:00:00,29403.526,9.4,16.2,184.0,0,886.4,3.6,3303.17,909.0,0.0,4
2022-07-02 10:00:00,28998.743,12.0,16.4,359.0,0,887.5,3.7,3303.17,909.0,0.0,4
2022-07-02 11:00:00,28404.86,14.5,16.6,498.0,0,887.9,4.6,3303.17,909.0,0.0,4
2022-07-02 12:00:00,27962.924,16.5,17.7,587.0,0,887.4,5.1,3303.17,909.0,0.0,4
2022-07-02 13:00:00,27429.344,18.3,21.7,613.0,0,886.8,5.0,3303.17,909.0,0.0,4
2022-07-02 14:00:00,27037.77,18.7,24.5,576.0,0,886.1,4.9,3303.17,908.0,0.0,4
2022-07-02 15:00:00,26987.394,19.3,21.1,481.0,2,885.3,2.8,3303.17,908.0,0.0,4
2022-07-02 16:00:00,27832.557,18.8,18.2,329.0,37,885.1,2.6,3303.17,908.0,0.0,4
2022-07-02 17:00:00,29561.993,16.4,12.9,131.0,7,884.2,3.7,3303.17,908.0,0.0,4
2022-07-02 18:00:00,30829.872,13.7,13.0,15.0,16,883.3,3.3,3303.17,908.0,0.0,4
2022-07-02 19:00:00,29797.513,13.2,15.6,0.0,82,883.8,3.6,3303.17,908.0,0.0,4
2022-07-02 20:00:00,28323.583,12.8,14.8,0.0,79,884.3,4.4,3303.17,907.0,0.0,4
2022-07-02 21:00:00,26582.629,12.1,14.8,0.0,0,884.4,4.4,3303.17,908.0,0.0,4
2022-07-02 22:00:00,24874.22,10.6,13.8,0.0,0,884.1,4.4,3303.17,908.0,0.0,4
2022-07-02 23:00:00,23167.132,9.9,14.1,0.0,0,883.9,4.6,3303.17,908.0,0.0,2
2022-07-03 00:00:00,22502.441,9.4,14.8,0.0,0,883.7,4.7,3303.17,907.0,0.0,2
2022-07-03 01:00:00,21827.631,9.0,14.8,0.0,0,883.3,4.7,3303.17,908.0,0.0,2
2022-07-03 02:00:00,21479.459,8.9,14.5,0.0,0,883.7,4.4,3303.17,908.0,0.0,2
2022-07-03 03:00:00,21488.57,8.6,15.2,0.0,0,883.3,4.3,3303.17,908.0,0.0,2
2022-07-03 04:00:00,21698.367,8.4,15.2,0.0,5,883.2,4.0,3303.17,908.0,0.0,2
2022-07-03 05:00:00,22104.55,8.1,14.8,0.0,5,883.3,3.8,3303.17,908.0,0.0,2
2022-07-03 06:00:00,22998.333,7.9,14.8,0.0,0,883.3,3.6,3303.17,908.0,0.0,2
2022-07-03 07:00:00,25218.523,7.7,15.2,0.0,0,883.6,3.6,3303.17,908.0,0.0,4
2022-07-03 08:00:00,27683.793,8.5,16.5,28.0,0,884.0,3.7,3303.17,908.0,0.0,4
2022-07-03 09:00:00,28809.005,10.9,16.6,184.0,0,885.4,4.7,3303.17,908.0,0.0,4
2022-07-03 10:00:00,28311.977,13.4,17.3,360.0,0,886.6,4.7,3303.17,908.0,0.0,4
2022-07-03 11:00:00,27860.864,15.7,18.7,499.0,0,887.0,5.3,3303.17,907.0,0.0,4
2022-07-03 12:00:00,27512.484,17.6,20.7,587.0,0,886.7,5.4,3303.17,908.0,0.0,4
2022-07-03 13:00:00,27078.393,19.0,21.1,613.0,0,886.3,5.2,3303.17,907.0,0.0,4
2022-07-03 14:00:00,26574.476,19.8,20.8,574.0,0,885.8,5.4,3303.17,906.0,0.0,4
2022-07-03 15:00:00,26565.856,20.5,19.3,477.0,0,885.5,2.9,3303.17,906.0,0.0,4
2022-07-03 16:00:00,27460.27,20.4,13.8,330.0,5,885.1,3.0,3303.17,906.0,0.0,4
2022-07-03 17:00:00,29272.28,18.0,13.3,142.0,3,884.3,4.2,3303.17,906.0,0.0,4
2022-07-03 18:00:00,30905.595,15.1,12.6,15.0,0,883.5,4.3,3303.17,906.0,0.0,4
2022-07-03 19:00:00,29950.389,14.0,12.9,0.0,0,883.8,4.3,3303.17,906.0,0.0,4
2022-07-03 20:00:00,28181.844,13.0,12.2,0.0,0,883.8,4.5,3303.17,906.0,0.0,4
2022-07-03 21:00:00,25987.561,11.7,11.2,0.0,0,883.7,4.6,3303.17,906.0,0.0,4
2022-07-03 22:00:00,23771.154,10.6,11.7,0.0,0,883.9,4.7,3303.17,906.0,0.0,4
2022-07-03 23:00:00,22070.772,9.9,11.1,0.0,0,883.8,4.7,3303.17,906.0,0.0,4
2022-07-04 00:00:00,21578.021,9.2,9.9,0.0,0,883.7,4.6,3303.17,906.0,0.0,4
2022-07-04 01:00:00,20984.935,8.6,9.8,0.0,0,883.7,4.4,3303.17,907.0,0.0,2
2022-07-04 02:00:00,20790.651,9.0,11.4,0.0,0,884.1,4.0,3303.17,907.0,0.0,2
2022-07-04 03:00:00,21089.313,8.9,11.8,0.0,0,884.1,3.9,3303.17,907.0,0.0,2
2022-07-04 04:00:00,22346.743,8.5,11.0,0.0,0,883.8,3.6,3303.17,906.0,0.0,2
2022-07-04 05:00:00,24541.495,8.4,11.7,0.0,0,883.7,3.3,3303.17,906.0,0.0,2
2022-07-04 06:00:00,26047.981,8.2,12.8,0.0,0,884.0,3.2,3303.17,905.0,0.0,4
2022-07-04 07:00:00,27702.809,8.1,13.5,0.0,0,884.4,3.2,3303.17,905.0,0.0,4
2022-07-04 08:00:00,29352.151,9.0,14.7,28.0,0,885.5,3.3,3303.17,905.0,0.0,4
2022-07-04 09:00:00,30462.148,11.5,15.8,185.0,0,886.8,4.3,3303.17,905.0,0.0,4
2022-07-04 10:00:00,30406.624,14.1,14.8,360.0,0,888.3,4.5,3303.17,904.0,0.0,4
2022-07-04 11:00:00,30009.669,16.6,15.1,500.0,0,888.9,4.7,3303.17,904.0,0.0,4
2022-07-04 12:00:00,29601.112,18.7,16.8,588.0,0,888.7,4.6,3303.17,905.0,0.0,4
2022-07-04 13:00:00,29228.434,20.4,18.6,616.0,0,888.2,3.5,3303.17,905.0,0.0,4
2022-07-04 14:00:00,29267.715,21.2,12.9,579.0,0,887.7,1.1,3303.17,905.0,0.0,4
2022-07-04 15:00:00,29588.331,20.9,11.5,346.0,99,887.2,0.7,3303.17,905.0,0.0,4
2022-07-04 16:00:00,30570.967,20.4,10.5,216.0,57,886.7,2.3,3303.17,905.0,0.0,4
2022-07-04 17:00:00,31803.217,18.1,11.3,98.0,75,885.9,3.8,3303.17,905.0,0.0,5
2022-07-04 18:00:00,33098.779,17.0,12.5,11.0,21,885.6,3.0,3303.17,905.0,0.0,5
2022-07-04 19:00:00,32417.426,14.9,12.2,0.0,4,885.3,2.9,3303.17,905.0,0.0,5
2022-07-04 20:00:00,30590.082,13.3,12.9,0.0,0,885.1,2.9,3303.17,905.0,0.0,5
2022-07-04 21:00:00,28130.265,12.4,10.6,0.0,9,884.7,2.4,3303.17,905.0,0.0,5
2022-07-04 22:00:00,25371.043,11.1,8.7,0.0,0,884.4,2.2,3303.17,905.0,0.0,5
2022-07-04 23:00:00,23381.256,10.5,10.0,0.0,0,884.4,2.2,3303.17,905.0,0.0,4
2022-07-05 00:00:00,22404.878,10.4,13.3,0.0,0,884.2,2.2,3303.17,906.0,0.0,4
2022-07-05 01:00:00,21803.957,10.0,13.4,0.0,0,884.2,2.4,3303.17,906.0,0.0,2
2022-07-05 02:00:00,21525.838,10.1,12.4,0.0,0,884.0,2.7,3303.17,906.0,0.0,2
2022-07-05 03:00:00,21898.386,9.5,11.7,0.0,0,883.7,3.1,3303.17,905.0,0.0,2
2022-07-05 04:00:00,23113.22,8.9,11.3,0.0,0,883.4,3.3,3303.17,906.0,0.0,2
2022-07-05 05:00:00,25149.458,8.8,14.8,0.0,0,883.1,3.4,3303.17,906.0,0.0,2
2022-07-05 06:00:00,26242.343,8.6,14.0,0.0,0,882.9,3.4,3303.17,907.0,0.0,4
2022-07-05 07:00:00,27999.907,8.3,14.0,0.0,0,883.1,3.2,3303.17,907.0,0.0,4
2022-07-05 08:00:00,29563.718,9.2,16.3,28.0,0,883.6,3.3,3303.17,907.0,0.0,4
2022-07-05 09:00:00,30697.214,11.7,16.5,184.0,0,885.0,4.4,3303.17,906.0,0.0,4
2022-07-05 10:00:00,30555.623,14.5,16.7,359.0,0,886.2,4.6,3303.17,906.0,0.0,4
2022-07-05 11:00:00,30143.745,16.8,17.5,500.0,0,886.6,5.1,3303.17,904.0,0.0,4
2022-07-05 12:00:00,29551.702,18.8,18.4,587.0,0,886.3,5.4,3303.17,906.0,0.0,4
2022-07-05 13:00:00,29082.275,20.5,20.9,614.0,26,885.6,4.6,3303.17,906.0,0.0,4
2022-07-05 14:00:00,28968.239,21.0,21.4,514.0,37,884.4,3.7,3303.17,906.0,0.0,4
2022-07-05 15:00:00,29519.96,22.2,22.7,467.0,80,884.0,1.7,3303.17,906.0,0.0,4
2022-07-05 16:00:00,30537.223,20.6,16.8,143.0,88,883.1,2.4,3303.17,905.0,0.0,5
2022-07-05 17:00:00,31658.886,19.5,18.9,86.0,89,883.0,2.0,3303.17,905.0,0.0,5
2022-07-05 18:00:00,32959.381,18.1,15.7,9.0,89,882.7,2.0,3303.17,905.0,0.0,5
2022-07-05 19:00:00,32318.597,15.5,8.3,0.0,63,882.2,4.0,3303.17,905.0,0.0,5
2022-07-05 20:00:00,30840.31,13.0,8.0,0.0,9,880.9,4.0,3303.17,905.0,0.0,5
2022-07-05 21:00:00,28285.903,12.2,9.0,0.0,73,881.0,3.9,3303.17,905.0,0.0,5
2022-07-05 22:00:00,25651.62,12.7,14.7,0.0,76,883.1,4.4,3303.17,905.0,0.0,5
2022-07-05 23:00:00,23565.215,11.2,14.2,0.0,65,883.3,6.1,3303.17,905.0,0.0,4
2022-07-06 00:00:00,22406.972,10.0,11.3,0.0,31,883.1,6.6,3303.17,905.0,0.0,2
2022-07-06 01:00:00,21718.99,8.9,12.1,0.0,4,883.4,7.0,3303.17,905.0,0.0,2
2022-07-06 02:00:00,21382.66,9.0,13.2,0.0,0,883.4,7.8,3303.17,905.0,0.0,2
2022-07-06 03:00:00,21761.184,7.9,11.1,0.0,0,883.3,7.2,3303.17,905.0,0.0,2
2022-07-06 04:00:00,22936.631,6.9,9.7,0.0,0,883.3,6.4,3303.17,905.0,0.0,2
2022-07-06 05:00:00,24857.496,5.8,8.0,0.0,0,883.2,5.4,3303.17,905.0,0.0,2
2022-07-06 06:00:00,26121.317,4.9,7.1,0.0,0,883.1,4.6,3303.17,905.0,0.0,4
2022-07-06 07:00:00,27883.967,4.0,6.3,0.0,0,883.3,3.7,3303.17,905.0,0.0,4
2022-07-06 08:00:00,29472.643,5.1,7.5,30.0,0,884.2,4.7,3303.17,905.0,0.0,4
2022-07-06 09:00:00,30519.875,7.3,5.4,192.0,0,885.7,5.2,3303.17,906.0,0.0,4
2022-07-06 10:00:00,30462.052,9.8,4.8,372.0,0,886.5,5.3,3303.17,905.0,0.0,4
2022-07-06 11:00:00,29995.967,11.8,3.8,515.0,0,886.6,5.5,3303.17,905.0,0.0,4
2022-07-06 12:00:00,29393.206,13.2,2.0,606.0,0,886.4,5.0,3303.17,905.0,0.0,4
2022-07-06 13:00:00,28899.579,14.3,1.9,635.0,0,885.9,3.8,3303.17,905.0,0.0,4
2022-07-06 14:00:00,28913.456,13.9,2.2,599.0,0,885.3,3.6,3303.17,905.0,0.0,4
2022-07-06 15:00:00,29521.406,14.5,3.3,500.0,0,885.2,3.7,3303.17,905.0,0.0,4
2022-07-06 16:00:00,30424.42,14.3,4.2,349.0,0,885.4,3.2,3303.17,905.0,0.0,5
2022-07-06 17:00:00,31800.171,12.7,3.8,166.0,0,885.2,6.3,3303.17,905.0,0.0,5
2022-07-06 18:00:00,33220.717,9.0,8.7,18.0,0,883.5,2.6,3303.17,905.0,0.0,5
2022-07-06 19:00:00,32517.865,9.7,7.6,0.0,0,884.1,1.4,3303.17,905.0,0.0,5
2022-07-06 20:00:00,30796.458,10.2,4.7,0.0,0,884.6,1.4,3303.17,905.0,0.0,5
2022-07-06 21:00:00,28379.942,6.2,6.5,0.0,0,883.2,2.6,3303.17,905.0,0.0,5
2022-07-06 22:00:00,25785.933,5.5,6.9,0.0,0,883.0,2.9,3303.17,905.0,0.0,5
2022-07-06 23:00:00,23883.295,5.2,7.4,0.0,0,883.1,2.7,3303.17,905.0,0.0,4
2022-07-07 00:00:00,22596.7,4.8,6.5,0.0,0,882.6,2.4,3303.17,905.0,0.0,4
2022-07-07 01:00:00,21991.036,3.9,7.6,0.0,0,882.5,1.8,3303.17,905.0,0.0,2
2022-07-07 02:00:00,21735.693,2.7,8.7,0.0,0,882.6,1.3,3303.17,905.0,0.0,2
2022-07-07 03:00:00,21967.831,1.5,8.9,0.0,0,882.0,0.1,3303.17,905.0,0.0,2
2022-07-07 04:00:00,23038.823,2.0,8.8,0.0,0,882.2,0.3,3303.17,906.0,0.0,2
2022-07-07 05:00:00,24973.496,2.0,9.6,0.0,0,882.1,0.1,3303.17,906.0,0.0,2
2022-07-07 06:00:00,26145.766,2.1,8.2,0.0,0,882.4,0.1,3303.17,906.0,0.0,4
2022-07-07 07:00:00,28035.272,1.8,8.2,0.0,0,882.8,-0.1,3303.17,906.0,0.0,4
2022-07-07 08:00:00,29738.124,3.4,7.8,31.0,0,884.2,0.5,3303.17,906.0,0.0,4
2022-07-07 09:00:00,30790.93,6.8,9.0,197.0,0,886.4,1.3,3303.17,906.0,0.0,4
2022-07-07 10:00:00,30649.566,9.9,8.7,380.0,0,888.3,1.3,3303.17,906.0,0.0,4
2022-07-07 11:00:00,30171.995,12.5,9.8,527.0,0,888.7,0.9,3303.17,906.0,0.0,4
2022-07-07 12:00:00,29566.188,14.6,9.4,619.0,0,888.8,0.8,3303.17,905.0,0.0,4
2022-07-07 13:00:00,28995.361,16.1,7.6,649.0,0,888.6,-0.3,3303.17,905.0,0.0,4
2022-07-07 14:00:00,29015.652,16.8,7.3,613.0,0,888.2,-0.9,3303.17,905.0,0.0,4
2022-07-07 15:00:00,29583.264,17.2,5.2,512.0,0,887.7,-1.7,3303.17,905.0,0.0,4
2022-07-07 16:00:00,30464.115,17.0,5.4,360.0,0,887.7,-2.4,3303.17,905.0,0.0,5
2022-07-07 17:00:00,31534.668,15.0,6.2,174.0,0,886.9,2.0,3303.17,905.0,0.0,5
2022-07-07 18:00:00,32854.738,15.1,4.6,19.0,0,887.2,-0.9,3303.17,905.0,0.0,5
2022-07-07 19:00:00,32298.608,8.0,9.0,0.0,0,884.7,-0.2,3303.17,905.0,0.0,5
2022-07-07 20:00:00,30575.078,7.0,9.0,0.0,0,884.7,-0.5,3303.17,905.0,0.0,5
2022-07-07 21:00:00,28284.389,7.6,6.5,0.0,0,884.9,-1.9,3303.17,905.0,0.0,5
2022-07-07 22:00:00,25727.438,8.4,6.4,0.0,0,885.3,-3.5,3303.17,905.0,0.0,5
2022-07-07 23:00:00,23767.331,7.7,7.4,0.0,0,885.1,-4.2,3303.17,905.0,0.0,4
2022-07-08 00:00:00,22870.328,5.8,7.6,0.0,0,884.2,-4.1,3303.17,905.0,0.0,4
2022-07-08 01:00:00,22353.899,4.9,6.1,0.0,0,884.2,-3.6,3303.17,905.0,0.0,2
2022-07-08 02:00:00,22094.362,2.8,7.4,0.0,0,883.6,-2.8,3303.17,905.0,0.0,2
2022-07-08 03:00:00,22372.762,1.4,9.4,0.0,0,882.9,-2.5,3303.17,904.0,0.0,2
2022-07-08 04:00:00,23551.954,1.2,11.3,0.0,0,883.0,-2.5,3303.17,905.0,0.0,2
2022-07-08 05:00:00,25487.046,1.5,10.9,0.0,0,883.1,-2.9,3303.17,904.0,0.0,2
2022-07-08 06:00:00,26488.071,2.0,9.5,0.0,0,883.5,-3.4,3303.17,905.0,0.0,4
2022-07-08 07:00:00,28470.318,2.7,10.2,0.0,0,884.4,-3.8,3303.17,905.0,0.0,4
2022-07-08 08:00:00,30326.995,4.7,12.3,32.0,0,885.9,-3.3,3303.17,905.0,0.0,4
2022-07-08 09:00:00,31425.162,8.1,13.3,199.0,0,888.1,-1.5,3303.17,904.0,0.0,4
2022-07-08 10:00:00,31424.014,11.1,9.1,382.0,0,889.9,-0.3,3303.17,904.0,0.0,4
2022-07-08 11:00:00,30927.467,13.8,8.6,528.0,0,890.6,0.7,3303.17,904.0,0.0,4
2022-07-08 12:00:00,30196.509,16.0,8.4,621.0,0,890.6,0.8,3303.17,904.0,0.0,4
2022-07-08 13:00:00,29579.581,17.4,9.0,650.0,0,890.1,-0.3,3303.17,904.0,0.0,4
2022-07-08 14:00:00,29301.681,18.4,8.2,612.0,0,889.6,-0.9,3303.17,904.0,0.0,4
2022-07-08 15:00:00,29234.236,18.7,5.6,512.0,0,889.0,-1.2,3303.17,904.0,0.0,4
2022-07-08 16:00:00,29828.456,18.4,4.7,360.0,0,888.6,-1.1,3303.17,904.0,0.0,4
2022-07-08 17:00:00,30839.085,16.7,5.2,174.0,0,887.9,2.0,3303.17,904.0,0.0,4
2022-07-08 18:00:00,31966.328,10.6,9.8,20.0,0,885.3,0.5,3303.17,904.0,0.0,4
2022-07-08 19:00:00,31618.826,9.3,8.8,0.0,0,884.9,0.6,3303.17,904.0,0.0,4
2022-07-08 20:00:00,30292.297,8.4,8.8,0.0,0,884.5,0.3,3303.17,902.0,0.0,4
2022-07-08 21:00:00,28481.665,8.0,8.8,0.0,0,884.4,-0.3,3303.17,902.0,0.0,4
2022-07-08 22:00:00,26404.607,8.1,10.0,0.0,0,884.6,-1.0,3303.17,905.0,0.0,4
2022-07-08 23:00:00,24387.361,7.7,9.4,0.0,0,884.5,-1.4,3303.17,906.0,0.0,4
2022-07-09 00:00:00,23331.469,6.7,9.4,0.0,0,884.2,-1.5,3303.17,906.0,0.0,2
2022-07-09 01:00:00,22697.586,6.0,9.3,0.0,0,883.9,-1.5,3303.17,906.0,0.0,2
2022-07-09 02:00:00,22316.605,6.8,11.1,0.0,0,884.2,-2.6,3303.17,907.0,0.0,2
2022-07-09 03:00:00,22437.942,5.9,11.4,0.0,0,883.8,-3.4,3303.17,906.0,0.0,2
2022-07-09 04:00:00,23023.953,5.4,10.5,0.0,0,883.3,-3.9,3303.17,906.0,0.0,2
2022-07-09 05:00:00,23680.432,5.2,10.9,0.0,0,882.8,-4.1,3303.17,906.0,0.0,2
2022-07-09 06:00:00,24799.495,5.2,11.1,0.0,0,883.1,-4.1,3303.17,906.0,0.0,2
2022-07-09 07:00:00,27032.291,4.7,11.1,0.0,0,883.3,-3.6,3303.17,906.0,0.0,2
2022-07-09 08:00:00,29129.695,5.7,11.3,31.0,0,883.8,-2.6,3303.17,906.0,0.0,3
2022-07-09 09:00:00,29896.856,8.8,12.4,195.0,0,885.7,-0.4,3303.17,907.0,0.0,3
2022-07-09 10:00:00,29836.742,11.5,11.9,376.0,0,887.0,0.5,3303.17,907.0,0.0,3
2022-07-09 11:00:00,29338.982,14.4,13.0,518.0,0,887.4,2.4,3303.17,906.0,0.0,3
2022-07-09 12:00:00,29045.358,16.9,15.5,607.0,0,887.1,4.1,3303.17,906.0,0.0,3
2022-07-09 13:00:00,28246.702,18.6,17.8,632.0,0,886.3,3.9,3303.17,906.0,0.0,3
2022-07-09 14:00:00,27849.697,19.3,22.2,595.0,0,885.2,2.6,3303.17,906.0,0.0,3
2022-07-09 15:00:00,27893.188,19.0,20.3,496.0,0,884.4,4.7,3303.17,906.0,0.0,3
2022-07-09 16:00:00,28804.952,19.0,20.2,346.0,24,883.6,4.4,3303.17,906.0,0.0,3
2022-07-09 17:00:00,30648.658,17.2,15.6,153.0,9,882.9,5.2,3303.17,906.0,0.0,3
2022-07-09 18:00:00,31938.909,14.3,14.2,19.0,0,881.9,4.8,3303.17,906.0,0.0,3
2022-07-09 19:00:00,30732.188,13.0,14.0,0.0,0,882.0,4.4,3303.17,905.0,0.0,3
2022-07-09 20:00:00,29080.35,12.3,15.1,0.0,0,882.0,3.8,3303.17,906.0,0.0,3
2022-07-09 21:00:00,27315.748,11.2,13.7,0.0,0,881.6,3.1,3303.17,906.0,0.0,3
2022-07-09 22:00:00,25467.185,10.6,14.5,0.0,0,881.2,2.5,3303.17,906.0,0.0,3
2022-07-09 23:00:00,23702.845,10.4,16.7,0.0,0,881.0,2.1,3303.17,906.0,0.0,3
2022-07-10 00:00:00,22937.071,9.7,16.0,0.0,0,880.5,1.9,3303.17,906.0,0.0,3
2022-07-10 01:00:00,22074.027,9.2,16.1,0.0,0,880.2,1.7,3303.17,905.0,0.0,2
2022-07-10 02:00:00,21481.395,9.3,19.1,0.0,0,880.1,2.8,3303.17,906.0,0.0,2
2022-07-10 03:00:00,21312.935,8.8,19.7,0.0,0,879.6,3.2,3303.17,906.0,0.0,2
2022-07-10 04:00:00,21424.711,8.4,19.7,0.0,0,879.2,2.7,3303.17,905.0,0.0,2
2022-07-10 05:00:00,21760.88,8.2,19.6,0.0,0,878.8,2.3,3303.17,905.0,0.0,2
2022-07-10 06:00:00,22666.501,8.0,20.1,0.0,6,879.0,2.2,3303.17,905.0,0.0,2
2022-07-10 07:00:00,24965.568,7.8,20.3,0.0,0,879.2,2.0,3303.17,906.0,0.0,2
2022-07-10 08:00:00,27385.222,8.3,20.6,30.0,86,879.5,2.2,3303.17,906.0,0.0,3
2022-07-10 09:00:00,28481.181,10.3,18.0,127.0,99,880.6,3.1,3303.17,906.0,0.0,3
2022-07-10 10:00:00,27991.551,11.5,14.4,161.0,58,881.2,3.5,3303.17,906.0,0.0,3
2022-07-10 11:00:00,27733.701,14.3,18.7,459.0,79,882.2,3.6,3303.17,906.0,0.0,3
2022-07-10 12:00:00,27313.92,15.3,19.8,355.0,48,881.7,2.7,3303.17,906.0,0.0,3
2022-07-10 13:00:00,26889.044,17.2,24.8,532.0,62,881.2,2.4,3303.17,906.0,0.0,3
2022-07-10 14:00:00,26473.868,17.6,26.1,544.0,5,880.6,2.0,3303.17,906.0,0.0,3
2022-07-10 15:00:00,26520.942,17.7,29.1,500.0,84,880.7,1.9,3303.17,905.0,0.0,3
2022-07-10 16:00:00,27645.916,12.9,24.4,152.0,100,880.6,3.6,3303.17,905.0,0.0,3
2022-07-10 17:00:00,29775.166,12.2,21.0,11.0,0,880.5,3.9,3303.17,905.0,0.0,4
2022-07-10 18:00:00,31484.35,10.6,16.3,18.0,0,880.8,3.1,3303.17,905.0,0.0,4
2022-07-10 19:00:00,30315.548,8.9,11.9,0.0,7,881.0,3.1,3303.17,905.0,0.0,4
2022-07-10 20:00:00,28744.566,7.6,7.6,0.0,2,881.0,2.4,3303.17,904.0,0.0,4
2022-07-10 21:00:00,26735.914,6.5,8.3,0.0,2,880.9,2.0,3303.17,901.0,0.0,4
2022-07-10 22:00:00,24500.9,6.1,7.9,0.0,0,881.4,1.3,3303.17,902.0,0.0,4
2022-07-10 23:00:00,22827.869,4.8,7.9,0.0,0,881.1,1.5,3303.17,903.0,0.0,4
2022-07-11 00:00:00,21296.561,4.6,7.6,0.0,0,881.1,1.7,3303.17,904.0,0.0,4
2022-07-11 01:00:00,20719.282,4.9,8.3,0.0,0,881.5,2.3,3303.17,901.0,0.0,2
2022-07-11 02:00:00,20548.482,4.6,7.6,0.0,1,881.7,2.5,3303.17,903.0,0.0,2
2022-07-11 03:00:00,20710.326,3.8,7.6,0.0,2,881.6,2.2,3303.17,903.0,0.0,2
2022-07-11 04:00:00,21941.157,3.3,7.9,0.0,7,881.7,2.0,3303.17,903.0,0.0,2
2022-07-11 05:00:00,23994.372,2.6,9.1,0.0,21,881.7,1.7,3303.17,903.0,0.0,4
2022-07-11 06:00:00,25482.93,2.4,10.4,0.0,3,881.8,1.7,3303.17,903.0,0.0,4
2022-07-11 07:00:00,27171.558,3.1,8.8,0.0,0,882.9,2.1,3303.17,903.0,0.0,4
2022-07-11 08:00:00,28936.18,4.9,3.8,31.0,0,884.1,3.5,3303.17,903.0,0.0,4
2022-07-11 09:00:00,30077.568,7.4,0.8,194.0,0,885.8,4.6,3303.17,903.0,0.0,4
2022-07-11 10:00:00,30110.112,9.5,2.1,376.0,0,886.8,4.9,3303.17,903.0,0.0,4
2022-07-11 11:00:00,29731.603,10.9,3.6,518.0,0,886.9,4.3,3303.17,903.0,0.0,4
2022-07-11 12:00:00,29294.56,12.2,4.3,610.0,0,886.6,3.7,3303.17,905.0,0.0,4
2022-07-11 13:00:00,28919.929,13.2,5.6,643.0,0,886.0,3.3,3303.17,905.0,0.0,4
2022-07-11 14:00:00,29055.037,13.8,6.7,608.0,0,885.4,2.0,3303.17,904.0,0.0,4
2022-07-11 15:00:00,29594.917,14.3,6.9,512.0,0,885.2,1.8,3303.17,903.0,0.0,4
2022-07-11 16:00:00,30583.838,14.1,6.5,360.0,0,885.1,1.6,3303.17,903.0,0.0,4
2022-07-11 17:00:00,31637.208,12.6,4.0,175.0,0,884.5,4.0,3303.17,903.0,0.0,4
2022-07-11 18:00:00,32969.551,8.5,9.4,21.0,0,883.1,2.7,3303.17,903.0,0.0,4
2022-07-11 19:00:00,32260.044,8.0,7.3,0.0,0,883.6,2.9,3303.17,903.0,0.0,4
2022-07-11 20:00:00,30364.57,6.8,8.3,0.0,0,883.5,2.9,3303.17,903.0,0.0,4
2022-07-11 21:00:00,27946.945,5.6,9.1,0.0,0,883.2,2.8,3303.17,903.0,0.0,4
2022-07-11 22:00:00,25294.086,5.0,8.1,0.0,0,883.6,2.4,3303.17,903.0,0.0,4
2022-07-11 23:00:00,23333.467,4.8,7.4,0.0,0,883.7,2.0,3303.17,904.0,0.0,4
2022-07-12 00:00:00,22578.488,4.5,7.1,0.0,0,883.4,1.8,3303.17,903.0,0.0,4
2022-07-12 01:00:00,22035.612,3.4,9.7,0.0,0,883.0,1.3,3303.17,904.0,0.0,2
2022-07-12 02:00:00,21791.643,3.7,6.8,0.0,0,883.7,0.9,3303.17,903.0,0.0,2
2022-07-12 03:00:00,22145.427,5.2,4.2,0.0,0,884.5,0.8,3303.17,903.0,0.0,2
2022-07-12 04:00:00,23254.887,4.3,3.6,0.0,0,884.3,0.7,3303.17,903.0,0.0,2
2022-07-12 05:00:00,25204.855,1.6,4.6,0.0,0,883.4,-0.5,3303.17,903.0,0.0,2
2022-07-12 06:00:00,26306.011,0.4,7.9,0.0,0,883.4,-1.0,3303.17,903.0,0.0,4
2022-07-12 07:00:00,28222.491,0.8,7.7,0.0,0,884.3,-0.7,3303.17,903.0,0.0,4
2022-07-12 08:00:00,29926.726,2.9,8.4,32.0,0,885.9,0.5,3303.17,903.0,0.0,4
2022-07-12 09:00:00,31099.094,6.6,10.3,199.0,0,888.2,1.3,3303.17,903.0,0.0,4
2022-07-12 10:00:00,31041.884,9.6,11.9,384.0,0,889.6,1.5,3303.17,903.0,0.0,4
2022-07-12 11:00:00,30600.619,12.1,12.4,531.0,0,889.8,1.7,3303.17,903.0,0.0,4
2022-07-12 12:00:00,30020.569,14.0,12.2,622.0,0,889.6,1.6,3303.17,903.0,0.0,4
2022-07-12 13:00:00,29696.911,15.4,12.3,651.0,0,889.1,0.7,3303.17,903.0,0.0,4
2022-07-12 14:00:00,29635.391,16.2,12.6,616.0,0,888.1,-0.6,3303.17,903.0,0.0,4
2022-07-12 15:00:00,30077.298,16.5,11.5,517.0,0,887.4,-1.1,3303.17,903.0,0.0,4
2022-07-12 16:00:00,30750.374,16.2,10.1,366.0,0,887.0,-1.4,3303.17,903.0,0.0,4
2022-07-12 17:00:00,31838.953,13.5,6.9,180.0,0,886.1,2.7,3303.17,903.0,0.0,4
2022-07-12 18:00:00,33372.469,9.6,10.2,22.0,0,884.4,0.3,3303.17,903.0,0.0,4
2022-07-12 19:00:00,32757.502,8.4,8.2,0.0,0,884.3,0.3,3303.17,903.0,0.0,4
2022-07-12 20:00:00,31024.3,8.4,9.7,0.0,0,884.7,-0.4,3303.17,903.0,0.0,4
2022-07-12 21:00:00,28468.593,7.4,9.2,0.0,0,884.6,-1.1,3303.17,903.0,0.0,4
2022-07-12 22:00:00,25929.599,6.0,9.2,0.0,0,884.4,-1.0,3303.17,903.0,0.0,4
2022-07-12 23:00:00,23865.702,4.9,8.7,0.0,0,884.3,-0.6,3303.17,903.0,0.0,4
2022-07-13 00:00:00,22662.593,4.2,9.0,0.0,0,883.9,-0.7,3303.17,904.0,0.0,4
2022-07-13 01:00:00,21946.13,3.3,9.4,0.0,0,883.2,-1.2,3303.17,904.0,0.0,2
2022-07-13 02:00:00,21820.189,3.7,9.6,0.0,0,883.1,-1.3,3303.17,903.0,0.0,2
2022-07-13 03:00:00,22110.68,3.1,9.7,0.0,0,882.6,-1.7,3303.17,905.0,0.0,2
2022-07-13 04:00:00,23203.083,2.9,9.3,0.0,0,882.7,-1.6,3303.17,904.0,0.0,2
2022-07-13 05:00:00,24847.208,2.5,9.2,0.0,0,882.3,-1.4,3303.17,903.0,0.0,2
2022-07-13 06:00:00,26037.917,2.7,9.1,0.0,0,882.4,-1.2,3303.17,903.0,0.0,3
2022-07-13 07:00:00,28009.42,3.3,9.2,0.0,0,882.9,-1.1,3303.17,903.0,0.0,3
2022-07-13 08:00:00,29707.958,5.3,12.5,32.0,0,884.2,-0.7,3303.17,903.0,0.0,3
2022-07-13 09:00:00,30974.927,8.8,13.7,195.0,0,886.3,0.8,3303.17,903.0,0.0,3
2022-07-13 10:00:00,30750.653,12.0,10.8,376.0,0,888.1,2.0,3303.17,903.0,0.0,3
2022-07-13 11:00:00,30242.437,14.8,10.2,520.0,0,888.9,2.0,3303.17,903.0,0.0,3
2022-07-13 12:00:00,29565.853,17.1,9.8,609.0,0,888.5,2.1,3303.17,903.0,0.0,3
2022-07-13 13:00:00,28956.835,18.3,11.3,638.0,0,887.7,2.5,3303.17,903.0,0.0,3
2022-07-13 14:00:00,28840.229,19.8,9.5,605.0,0,887.1,2.5,3303.17,903.0,0.0,3
2022-07-13 15:00:00,29288.235,20.6,10.3,508.0,0,886.6,0.8,3303.17,903.0,0.0,3
2022-07-13 16:00:00,30011.094,20.9,10.1,356.0,1,886.2,-1.2,3303.17,903.0,0.0,3
2022-07-13 17:00:00,31116.268,17.9,8.4,173.0,17,885.1,1.2,3303.17,903.0,0.0,3
2022-07-13 18:00:00,32503.848,12.5,11.8,21.0,15,882.9,1.4,3303.17,903.0,0.0,3
2022-07-13 19:00:00,32011.611,13.4,9.5,0.0,0,884.0,0.6,3303.17,903.0,0.0,3
2022-07-13 20:00:00,30342.543,12.4,9.0,0.0,0,883.8,0.3,3303.17,903.0,0.0,3
2022-07-13 21:00:00,28106.229,9.0,12.5,0.0,0,882.7,0.7,3303.17,903.0,0.0,3
2022-07-13 22:00:00,25733.948,8.0,13.2,0.0,0,882.3,1.2,3303.17,902.0,0.0,3
2022-07-13 23:00:00,23838.906,8.2,12.6,0.0,0,882.4,1.2,3303.17,903.0,0.0,3
2022-07-14 00:00:00,22193.059,7.5,11.7,0.0,0,882.3,1.4,3303.17,903.0,0.0,3
2022-07-14 01:00:00,21769.311,8.1,9.7,0.0,0,882.7,1.6,3303.17,903.0,0.0,1
2022-07-14 02:00:00,21693.27,5.9,12.1,0.0,0,881.9,1.7,3303.17,903.0,0.0,1
2022-07-14 03:00:00,22080.118,5.9,11.2,0.0,0,881.8,1.1,3303.17,903.0,0.0,1
2022-07-14 04:00:00,23268.098,5.6,10.9,0.0,0,881.8,1.0,3303.17,903.0,0.0,1
2022-07-14 05:00:00,25056.693,4.8,10.6,0.0,0,881.3,0.7,3303.17,903.0,0.0,1
2022-07-14 06:00:00,26096.722,6.6,7.6,0.0,0,882.5,1.2,3303.17,903.0,0.0,3
2022-07-14 07:00:00,28235.192,6.6,5.1,0.0,0,882.7,1.4,3303.17,903.0,0.0,3
2022-07-14 08:00:00,30003.851,6.4,3.8,33.0,0,883.4,1.6,3303.17,902.0,0.0,3
2022-07-14 09:00:00,30952.251,8.8,1.8,199.0,0,885.2,3.6,3303.17,902.0,0.0,3
2022-07-14 10:00:00,30822.727,12.0,2.5,383.0,0,887.2,3.5,3303.17,902.0,0.0,3
2022-07-14 11:00:00,30475.896,14.4,3.6,532.0,0,888.0,2.4,3303.17,902.0,0.0,3
2022-07-14 12:00:00,29838.181,16.1,5.9,625.0,0,887.8,0.6,3303.17,905.0,0.0,3
2022-07-14 13:00:00,29383.133,17.2,6.9,654.0,0,887.3,-1.7,3303.17,906.0,0.0,3
2022-07-14 14:00:00,29411.922,17.9,6.8,616.0,0,886.7,-3.8,3303.17,906.0,0.0,3
2022-07-14 15:00:00,30018.476,18.3,7.0,517.0,0,886.2,-6.8,3303.17,906.0,0.0,3
2022-07-14 16:00:00,31063.234,17.9,6.3,366.0,0,886.0,-7.9,3303.17,904.0,0.0,3
2022-07-14 17:00:00,32160.041,14.9,6.9,181.0,0,884.9,2.5,3303.17,902.0,0.0,4
2022-07-14 18:00:00,33577.826,10.6,11.5,23.0,0,883.5,-3.8,3303.17,902.0,0.0,4
2022-07-14 19:00:00,32859.669,9.1,11.6,0.0,0,883.6,-3.5,3303.17,902.0,0.0,4
2022-07-14 20:00:00,31010.808,8.5,12.2,0.0,0,883.8,-3.5,3303.17,902.0,0.0,4
2022-07-14 21:00:00,28514.392,8.5,9.0,0.0,0,884.2,-3.6,3303.17,902.0,0.0,4
2022-07-14 22:00:00,25955.036,7.7,9.2,0.0,0,884.3,-2.7,3303.17,902.0,0.0,4
2022-07-14 23:00:00,24093.698,6.8,8.9,0.0,0,884.0,-2.5,3303.17,901.0,0.0,4
2022-07-15 00:00:00,22707.338,6.2,8.6,0.0,0,883.5,-2.9,3303.17,901.0,0.0,4
2022-07-15 01:00:00,21910.209,5.9,8.9,0.0,0,883.5,-3.4,3303.17,902.0,0.0,0
2022-07-15 02:00:00,21715.937,6.0,8.1,0.0,0,883.6,-3.5,3303.17,902.0,0.0,0
2022-07-15 03:00:00,22157.822,4.1,10.5,0.0,0,882.7,-3.0,3303.17,902.0,0.0,0
2022-07-15 04:00:00,23206.528,4.1,8.6,0.0,0,883.2,-2.6,3303.17,903.0,0.0,0
2022-07-15 05:00:00,25156.435,3.5,7.1,0.0,0,883.0,-2.2,3303.17,903.0,0.0,0
2022-07-15 06:00:00,26246.624,2.9,6.9,0.0,0,883.1,-2.0,3303.17,903.0,0.0,3
2022-07-15 07:00:00,28055.582,1.7,8.2,0.0,0,883.2,-1.8,3303.17,903.0,0.0,3
2022-07-15 08:00:00,29760.299,3.9,5.7,33.0,0,885.0,-0.8,3303.17,903.0,0.0,3
2022-07-15 09:00:00,30758.499,8.1,5.9,200.0,0,887.2,0.3,3303.17,902.0,0.0,3
2022-07-15 10:00:00,30689.008,12.0,4.6,382.0,0,889.4,1.4,3303.17,902.0,0.0,3
2022-07-15 11:00:00,30135.865,14.8,7.4,527.0,0,890.4,1.1,3303.17,902.0,0.0,3
2022-07-15 12:00:00,29503.978,16.7,9.7,619.0,0,890.1,0.2,3303.17,901.0,0.0,3
2022-07-15 13:00:00,28769.889,18.0,11.0,648.0,0,889.7,-1.1,3303.17,901.0,0.0,3
2022-07-15 14:00:00,28483.167,18.8,9.1,613.0,0,889.2,-0.2,3303.17,902.0,0.0,3
2022-07-15 15:00:00,28311.602,19.1,7.9,514.0,0,888.9,-0.6,3303.17,901.0,0.0,3
2022-07-15 16:00:00,28667.647,18.7,6.0,364.0,0,888.7,-0.9,3303.17,902.0,0.0,3
2022-07-15 17:00:00,29667.485,17.9,4.0,181.0,0,888.4,0.1,3303.17,902.0,0.0,3
2022-07-15 18:00:00,30948.31,16.7,2.9,24.0,0,888.1,-0.2,3303.17,902.0,0.0,3
2022-07-15 19:00:00,30554.929,15.4,5.1,0.0,0,888.2,-0.6,3303.17,902.0,0.0,3
2022-07-15 20:00:00,29188.454,8.8,8.8,0.0,0,885.8,-0.2,3303.17,902.0,0.0,3
2022-07-15 21:00:00,27356.545,7.6,8.0,0.0,0,885.5,0.0,3303.17,901.0,0.0,3
2022-07-15 22:00:00,25380.197,7.1,9.3,0.0,0,885.6,-0.8,3303.17,902.0,0.0,3
2022-07-15 23:00:00,23398.551,7.6,9.4,0.0,0,885.7,-2.4,3303.17,902.0,0.0,3
2022-07-16 00:00:00,22281.983,8.0,10.0,0.0,0,885.9,-3.5,3303.17,902.0,0.0,3
2022-07-16 01:00:00,21560.773,7.9,10.2,0.0,0,885.8,-4.2,3303.17,902.0,0.0,0
2022-07-16 02:00:00,21356.982,6.9,10.2,0.0,0,885.6,-4.2,3303.17,902.0,0.0,0
2022-07-16 03:00:00,21506.95,5.3,8.9,0.0,18,885.5,-3.5,3303.17,902.0,0.0,0
2022-07-16 04:00:00,21976.953,4.8,8.8,0.0,29,885.7,-2.8,3303.17,903.0,0.0,0
2022-07-16 05:00:00,22715.47,3.5,8.9,0.0,16,885.3,-2.5,3303.17,898.0,0.0,0
2022-07-16 06:00:00,24351.958,4.0,8.9,0.0,0,885.5,-2.4,3303.17,886.0,0.0,0
2022-07-16 07:00:00,26917.054,4.7,10.5,0.0,0,886.6,-2.1,3303.17,880.0,0.0,0
2022-07-16 08:00:00,29059.604,6.3,12.7,34.0,0,887.9,-1.2,3303.17,880.0,0.0,0
2022-07-16 09:00:00,29448.48,9.5,13.0,202.0,0,890.0,0.8,3303.17,880.0,0.0,0
2022-07-16 10:00:00,28756.084,12.5,10.7,385.0,0,891.8,1.6,3303.17,879.0,0.0,0
2022-07-16 11:00:00,27817.846,15.0,10.6,530.0,0,892.6,1.9,3303.17,879.0,0.0,0
2022-07-16 12:00:00,27127.125,17.1,10.1,622.0,0,892.4,2.6,3303.17,879.0,0.0,0
2022-07-16 13:00:00,26500.486,18.5,9.7,651.0,0,891.9,2.8,3303.17,878.0,0.0,0
2022-07-16 14:00:00,26215.76,19.4,9.7,615.0,0,891.3,2.4,3303.17,878.0,0.0,0
2022-07-16 15:00:00,26556.698,19.7,8.3,517.0,0,890.9,1.5,3303.17,878.0,0.0,0
2022-07-16 16:00:00,27441.122,19.3,7.8,367.0,0,890.3,1.4,3303.17,891.0,0.0,0
2022-07-16 17:00:00,29166.406,16.1,6.6,183.0,0,889.0,5.7,3303.17,894.0,0.0,2
2022-07-16 18:00:00,30770.956,11.7,10.0,25.0,0,887.0,3.3,3303.17,896.0,0.0,2
2022-07-16 19:00:00,29570.827,10.4,9.8,0.0,0,886.9,2.7,3303.17,895.0,0.0,2
2022-07-16 20:00:00,27839.553,9.6,9.3,0.0,0,886.8,2.0,3303.17,896.0,0.0,2
2022-07-16 21:00:00,25980.7,9.0,9.1,0.0,0,886.8,2.0,3303.17,895.0,0.0,2
2022-07-16 22:00:00,24029.019,8.9,9.6,0.0,0,886.7,1.7,3303.17,894.0,0.0,2
2022-07-16 23:00:00,22826.921,8.4,9.4,0.0,0,886.7,1.2,3303.17,895.0,0.0,2
2022-07-17 00:00:00,21596.301,7.5,8.9,0.0,0,886.3,1.0,3303.17,895.0,0.0,2
2022-07-17 01:00:00,20839.701,6.6,9.9,0.0,0,885.9,0.7,3303.17,895.0,0.0,0
2022-07-17 02:00:00,20661.771,6.6,8.7,0.0,0,886.1,0.2,3303.17,890.0,0.0,0
2022-07-17 03:00:00,20645.108,5.2,9.4,0.0,0,885.4,0.2,3303.17,880.0,0.0,0
2022-07-17 04:00:00,20636.583,5.0,8.8,0.0,0,885.1,0.2,3303.17,880.0,0.0,0
2022-07-17 05:00:00,21083.325,5.0,9.1,0.0,0,885.1,0.3,3303.17,880.0,0.0,0
2022-07-17 06:00:00,22440.45,5.0,9.7,0.0,0,885.4,0.4,3303.17,880.0,0.0,0
2022-07-17 07:00:00,25222.8,4.6,9.8,0.0,0,886.2,0.5,3303.17,880.0,0.0,0
2022-07-17 08:00:00,27729.395,6.1,10.4,35.0,0,887.4,0.9,3303.17,880.0,0.0,0
2022-07-17 09:00:00,28231.336,9.7,10.1,202.0,0,889.5,2.4,3303.17,880.0,0.0,0
2022-07-17 10:00:00,27851.458,12.4,9.7,384.0,0,891.2,3.0,3303.17,880.0,0.0,0
2022-07-17 11:00:00,27319.487,14.6,9.0,529.0,0,892.0,3.7,3303.17,879.0,0.0,0
2022-07-17 12:00:00,26607.662,16.7,9.2,620.0,0,891.8,4.3,3303.17,879.0,0.0,0
2022-07-17 13:00:00,26004.328,18.0,9.9,649.0,0,891.1,3.9,3303.17,879.0,0.0,0
2022-07-17 14:00:00,25589.416,18.6,11.3,614.0,0,890.1,2.8,3303.17,879.0,0.0,0
2022-07-17 15:00:00,25683.389,18.8,10.5,518.0,0,889.5,2.7,3303.17,880.0,0.0,0
2022-07-17 16:00:00,26909.885,18.4,10.1,368.0,0,889.0,2.3,3303.17,879.0,0.0,0
2022-07-17 17:00:00,28889.806,16.2,6.1,184.0,0,887.8,4.4,3303.17,880.0,0.0,2
2022-07-17 18:00:00,30634.702,12.1,8.4,25.0,0,886.2,3.7,3303.17,878.0,0.0,2
2022-07-17 19:00:00,29796.73,11.5,9.2,0.0,0,886.3,3.2,3303.17,879.0,0.0,2
2022-07-17 20:00:00,28185.423,10.8,9.2,0.0,0,886.3,3.3,3303.17,878.0,0.0,2
2022-07-17 21:00:00,26083.16,10.1,9.6,0.0,0,886.1,3.5,3303.17,879.0,0.0,2
2022-07-17 22:00:00,23937.666,9.4,10.5,0.0,0,885.8,3.6,3303.17,880.0,0.0,2
2022-07-17 23:00:00,22398.274,8.3,9.2,0.0,0,885.4,3.5,3303.17,878.0,0.0,2
2022-07-18 00:00:00,21108.643,7.1,8.2,0.0,0,884.9,3.4,3303.17,903.0,0.0,2
2022-07-18 01:00:00,20553.673,6.1,8.4,0.0,0,884.3,3.3,3303.17,903.0,0.0,0
2022-07-18 02:00:00,20498.74,6.2,7.6,0.0,0,884.5,3.3,3303.17,903.0,0.0,0
2022-07-18 03:00:00,20853.182,5.5,8.9,0.0,0,884.2,3.0,3303.17,903.0,0.0,0
2022-07-18 04:00:00,21914.259,5.2,8.9,0.0,0,884.2,2.9,3303.17,903.0,0.0,0
2022-07-18 05:00:00,23627.163,4.8,8.3,0.0,0,884.1,2.7,3303.17,903.0,0.0,0
2022-07-18 06:00:00,24975.906,4.1,7.4,0.0,0,884.3,2.4,3303.17,903.0,0.0,0
2022-07-18 07:00:00,27487.572,4.2,8.2,0.0,0,884.7,2.5,3303.17,903.0,0.0,0
2022-07-18 08:00:00,29350.25,5.7,9.7,35.0,0,885.8,3.1,3303.17,903.0,0.0,0
2022-07-18 09:00:00,30383.999,9.0,9.4,203.0,0,887.6,4.1,3303.17,903.0,0.0,0
2022-07-18 10:00:00,29898.03,11.7,9.7,386.0,0,888.9,4.7,3303.17,903.0,0.0,0
2022-07-18 11:00:00,29215.939,14.3,10.8,531.0,0,889.3,5.4,3303.17,903.0,0.0,0
2022-07-18 12:00:00,28966.563,16.4,14.2,624.0,0,888.8,4.8,3303.17,903.0,0.0,0
2022-07-18 13:00:00,28528.455,17.7,17.8,653.0,0,888.1,2.6,3303.17,903.0,0.0,0
2022-07-18 14:00:00,28498.174,18.1,17.8,618.0,0,887.3,3.2,3303.17,903.0,0.0,0
2022-07-18 15:00:00,29244.764,18.4,14.5,520.0,0,886.6,3.6,3303.17,903.0,0.0,0
2022-07-18 16:00:00,30163.39,18.4,12.9,368.0,0,886.1,2.5,3303.17,903.0,0.0,0
2022-07-18 17:00:00,31414.22,16.4,6.8,184.0,0,885.0,4.1,3303.17,903.0,0.0,2
2022-07-18 18:00:00,32967.499,11.5,9.3,26.0,0,883.2,4.3,3303.17,903.0,0.0,2
2022-07-18 19:00:00,32520.138,11.4,10.4,0.0,0,883.7,4.0,3303.17,903.0,0.0,2
2022-07-18 20:00:00,30638.945,10.9,10.9,0.0,0,884.0,3.1,3303.17,903.0,0.0,2
2022-07-18 21:00:00,27894.434,9.7,9.7,0.0,0,883.7,3.0,3303.17,903.0,0.0,2
2022-07-18 22:00:00,24979.495,8.8,9.1,0.0,0,883.4,2.8,3303.17,903.0,0.0,2
2022-07-18 23:00:00,22865.944,8.1,8.7,0.0,0,882.8,2.5,3303.17,903.0,0.0,2
2022-07-19 00:00:00,21870.651,7.7,9.2,0.0,0,882.8,2.5,3303.17,903.0,0.0,2
2022-07-19 01:00:00,21563.011,7.0,8.9,0.0,0,882.6,2.6,3303.17,903.0,0.0,0
2022-07-19 02:00:00,21261.159,7.6,10.9,0.0,0,882.3,2.6,3303.17,903.0,0.0,0
2022-07-19 03:00:00,21526.349,6.8,10.7,0.0,0,882.0,2.5,3303.17,903.0,0.0,0
2022-07-19 04:00:00,23270.763,6.3,10.1,0.0,0,881.9,2.4,3303.17,903.0,0.0,0
2022-07-19 05:00:00,26725.056,5.7,9.7,0.0,0,882.3,2.3,3303.17,903.0,0.0,0
2022-07-19 06:00:00,28429.162,5.7,11.4,0.0,0,882.2,2.1,3303.17,903.0,0.0,0
2022-07-19 07:00:00,28563.834,5.4,11.2,0.0,0,882.4,2.1,3303.17,903.0,0.0,0
2022-07-19 08:00:00,29235.915,6.4,12.2,36.0,0,883.2,2.4,3303.17,903.0,0.0,0
2022-07-19 09:00:00,29709.505,9.3,11.8,204.0,0,884.7,3.4,3303.17,903.0,0.0,0
2022-07-19 10:00:00,29280.448,12.2,12.6,386.0,3,886.0,3.9,3303.17,903.0,0.0,0
2022-07-19 11:00:00,28694.254,14.8,15.5,530.0,0,886.5,4.5,3303.17,903.0,0.0,0
2022-07-19 12:00:00,28114.896,16.9,19.7,621.0,0,886.1,3.9,3303.17,903.0,0.0,0
2022-07-19 13:00:00,28212.033,17.9,23.7,651.0,0,885.3,2.4,3303.17,903.0,0.0,0
2022-07-19 14:00:00,28912.045,19.0,23.2,626.0,0,885.0,1.6,3303.17,903.0,0.0,0
2022-07-19 15:00:00,30056.726,19.2,22.8,519.0,6,884.7,0.7,3303.17,903.0,0.0,0
2022-07-19 16:00:00,30391.902,18.4,21.3,363.0,0,884.3,0.7,3303.17,903.0,0.0,0
2022-07-19 17:00:00,30748.014,16.8,13.7,182.0,9,883.8,1.5,3303.17,903.0,0.0,2
2022-07-19 18:00:00,32868.016,13.9,10.3,25.0,7,882.7,1.5,3303.17,903.0,0.0,2
2022-07-19 19:00:00,32222.855,12.9,12.2,0.0,0,883.4,1.0,3303.17,903.0,0.0,2
2022-07-19 20:00:00,30299.664,11.0,8.4,0.0,0,882.8,1.0,3303.17,903.0,0.0,2
2022-07-19 21:00:00,27434.708,9.5,9.4,0.0,17,882.6,2.1,3303.17,903.0,0.0,2
2022-07-19 22:00:00,24500.907,9.8,11.8,0.0,0,882.9,2.3,3303.17,903.0,0.0,2
2022-07-19 23:00:00,22590.456,9.1,11.0,0.0,0,882.5,2.1,3303.17,903.0,0.0,2
2022-07-20 00:00:00,,8.8,12.7,0.0,0,882.2,1.9,,,,2
2022-07-20 01:00:00,,8.6,13.9,0.0,0,882.2,1.6,,,,0
2022-07-20 02:00:00,,8.4,12.8,0.0,0,882.4,1.4,,,,0
2022-07-20 03:00:00,,8.1,12.5,0.0,36,882.5,1.5,,,,0
2022-07-20 04:00:00,,7.6,11.8,0.0,52,882.2,1.5,,,,0
2022-07-20 05:00:00,,7.4,11.3,0.0,9,881.8,1.4,,,,0
2022-07-20 06:00:00,,6.8,10.6,0.0,35,881.8,1.4,,,,0
2022-07-20 07:00:00,,7.2,11.5,0.0,100,882.6,1.4,,,,0
2022-07-20 08:00:00,,9.0,13.6,26.0,91,883.5,1.6,,,,0
2022-07-20 09:00:00,,10.7,13.6,121.0,85,885.0,2.7,,,,0
2022-07-20 10:00:00,,12.8,13.3,249.0,82,886.1,2.8,,,,0
2022-07-20 11:00:00,,14.6,12.6,295.0,82,886.6,3.3,,,,0
2022-07-20 12:00:00,,17.5,13.7,487.0,44,886.7,3.3,,,,0
2022-07-20 13:00:00,,19.4,18.2,596.0,26,886.2,1.1,,,,0
2022-07-20 14:00:00,,20.6,20.4,558.0,13,885.5,1.9,,,,0
2022-07-20 15:00:00,,20.8,14.8,448.0,97,885.2,0.7,,,,0
2022-07-20 16:00:00,,19.3,7.9,140.0,84,884.5,2.4,,,,0
2022-07-20 17:00:00,,17.5,7.8,101.0,68,884.0,4.0,,,,2
2022-07-20 18:00:00,,15.1,9.7,19.0,100,883.4,3.1,,,,2
2022-07-20 19:00:00,,14.2,9.4,0.0,100,883.8,3.0,,,,2
2022-07-20 20:00:00,,13.4,7.7,0.0,99,883.9,3.1,,,,2
2022-07-20 21:00:00,,12.7,6.5,0.0,97,884.0,3.2,,,,2
2022-07-20 22:00:00,,12.3,7.9,0.0,81,884.0,2.9,,,,2
2022-07-20 23:00:00,,11.5,7.6,0.0,100,883.4,3.0,,,,2
2022-07-21 00:00:00,,9.8,7.4,0.0,93,882.7,2.9,,,,2
2022-07-21 01:00:00,,9.8,7.6,0.0,39,882.7,3.0,,,,0
2022-07-21 02:00:00,,10.8,8.4,0.0,17,883.7,4.1,,,,0
2022-07-21 03:00:00,,9.2,8.2,0.0,93,883.7,3.9,,,,0
2022-07-21 04:00:00,,9.1,7.1,0.0,89,883.7,3.8,,,,0
2022-07-21 05:00:00,,8.3,7.7,0.0,86,883.4,3.6,,,,0
2022-07-21 06:00:00,,8.7,6.5,0.0,99,883.6,3.3,,,,0
2022-07-21 07:00:00,,7.8,7.7,0.0,95,884.0,3.6,,,,0
2022-07-21 08:00:00,,9.2,7.6,24.0,93,885.1,4.0,,,,0
2022-07-21 09:00:00,,11.1,5.8,127.0,85,886.6,4.7,,,,0
2022-07-21 10:00:00,,13.7,3.4,312.0,10,888.4,4.9,,,,0
2022-07-21 11:00:00,,16.3,2.6,523.0,2,888.9,4.7,,,,0
2022-07-21 12:00:00,,18.2,3.7,622.0,0,888.8,4.2,,,,0
2022-07-21 13:00:00,,19.4,5.9,652.0,0,888.4,3.4,,,,0
2022-07-21 14:00:00,,19.3,6.4,618.0,0,888.0,3.7,,,,0
2022-07-21 15:00:00,,19.7,7.6,522.0,0,887.7,3.1,,,,0
2022-07-21 16:00:00,,19.6,5.9,372.0,0,887.4,2.0,,,,0
2022-07-21 17:00:00,,17.3,6.1,189.0,0,886.5,9.1,,,,2
2022-07-21 18:00:00,,14.1,7.5,28.0,0,885.3,2.7,,,,2
2022-07-21 19:00:00,,12.0,8.3,0.0,0,884.9,2.2,,,,2
2022-07-21 20:00:00,,11.2,8.3,0.0,0,884.9,2.8,,,,2
2022-07-21 21:00:00,,10.3,9.0,0.0,0,884.3,2.0,,,,2
2022-07-21 22:00:00,,9.6,9.0,0.0,0,884.3,1.3,,,,2
2022-07-21 23:00:00,,8.1,10.9,0.0,0,883.8,1.5,,,,2
2022-07-22 00:00:00,,7.0,9.9,0.0,0,883.6,1.8,,,,2
2022-07-22 01:00:00,,9.9,2.4,0.0,2,885.4,1.6,,,,0
2022-07-22 02:00:00,,6.6,7.9,0.0,0,884.5,1.3,,,,0
2022-07-22 03:00:00,,5.2,9.7,0.0,0,883.5,1.2,,,,0
2022-07-22 04:00:00,,5.2,8.8,0.0,0,883.2,1.2,,,,0
2022-07-22 05:00:00,,6.2,9.4,0.0,0,883.8,0.8,,,,0
2022-07-22 06:00:00,,6.3,9.6,0.0,0,884.0,0.8,,,,0
2022-07-22 07:00:00,,6.2,10.0,0.0,0,884.5,0.9,,,,0
2022-07-22 08:00:00,,7.6,11.0,38.0,0,885.4,1.4,,,,0
2022-07-22 09:00:00,,11.0,12.3,207.0,0,887.6,2.8,,,,0
2022-07-22 10:00:00,,13.9,12.2,390.0,0,889.2,3.5,,,,0
2022-07-22 11:00:00,,16.0,12.6,536.0,0,889.7,3.5,,,,0
2022-07-22 12:00:00,,18.0,12.6,629.0,0,889.3,3.8,,,,0
2022-07-22 13:00:00,,19.6,13.3,658.0,0,888.4,4.0,,,,0
2022-07-22 14:00:00,,20.4,13.4,623.0,47,887.4,0.8,,,,0
2022-07-22 15:00:00,,20.4,11.4,529.0,1,886.7,0.4,,,,0
2022-07-22 16:00:00,,20.5,11.0,374.0,67,886.1,-0.3,,,,0
2022-07-22 17:00:00,,18.0,7.7,125.0,7,884.7,2.5,,,,1
2022-07-22 18:00:00,,13.0,10.7,27.0,7,882.5,3.0,,,,1
2022-07-22 19:00:00,,13.2,10.8,0.0,100,883.3,2.9,,,,1
2022-07-22 20:00:00,,12.5,8.7,0.0,29,883.4,3.0,,,,1
2022-07-22 21:00:00,,11.4,7.9,0.0,23,883.3,3.3,,,,1
2022-07-22 22:00:00,,11.0,8.0,0.0,95,883.2,3.7,,,,1
2022-07-22 23:00:00,,10.7,8.3,0.0,70,883.1,4.3,,,,1
2022-07-23 00:00:00,,10.0,9.5,0.0,100,882.4,4.5,,,,1
2022-07-23 01:00:00,,11.2,8.0,0.0,33,882.9,4.6,,,,0
2022-07-23 02:00:00,,10.8,7.6,0.0,10,882.0,4.3,,,,0
2022-07-23 03:00:00,,9.2,7.6,0.0,2,881.4,3.9,,,,0
2022-07-23 04:00:00,,8.0,8.7,0.0,34,880.6,3.6,,,,0
2022-07-23 05:00:00,,9.4,9.4,0.0,72,881.2,3.4,,,,0
2022-07-23 06:00:00,,10.0,11.2,0.0,70,881.5,3.5,,,,0
2022-07-23 07:00:00,,9.6,12.7,0.0,91,881.7,3.7,,,,0
2022-07-23 08:00:00,,10.5,12.3,29.0,98,882.8,4.4,,,,0
2022-07-23 09:00:00,,12.5,11.4,160.0,95,884.1,5.3,,,,0
2022-07-23 10:00:00,,14.6,11.2,256.0,43,884.5,5.7,,,,0
2022-07-23 11:00:00,,17.7,18.0,510.0,41,885.2,6.8,,,,0
2022-07-23 12:00:00,,19.4,21.2,602.0,39,884.5,7.3,,,,0
2022-07-23 13:00:00,,20.4,18.6,554.0,43,883.8,3.4,,,,0
2022-07-23 14:00:00,,21.8,30.3,547.0,98,882.6,-0.7,,,,0
2022-07-23 15:00:00,,20.6,24.9,190.0,15,881.7,1.3,,,,0
2022-07-23 16:00:00,,20.4,28.8,326.0,32,881.6,1.7,,,,0
2022-07-23 17:00:00,,19.2,20.1,157.0,39,881.1,1.7,,,,0
2022-07-23 18:00:00,,15.9,11.5,26.0,72,880.3,2.7,,,,0
2022-07-23 19:00:00,,14.9,14.3,0.0,20,881.1,3.1,,,,0
2022-07-23 20:00:00,,13.1,15.8,0.0,61,881.5,1.1,,,,0
2022-07-23 21:00:00,,12.5,16.5,0.0,64,881.6,-1.1,,,,0
2022-07-23 22:00:00,,11.6,17.4,0.0,73,881.8,-1.8,,,,0
2022-07-23 23:00:00,,10.6,18.4,0.0,5,881.9,-1.3,,,,0
2022-07-24 00:00:00,,8.6,17.1,0.0,0,881.8,-0.9,,,,0
2022-07-24 01:00:00,,7.0,17.1,0.0,0,882.3,2.2,,,,0
2022-07-24 02:00:00,,6.3,16.6,0.0,0,883.1,4.0,,,,0
2022-07-24 03:00:00,,5.6,15.5,0.0,0,883.2,3.8,,,,0
2022-07-24 04:00:00,,4.9,14.3,0.0,0,883.6,3.3,,,,0
2022-07-24 05:00:00,,4.1,12.1,0.0,0,883.6,2.7,,,,0
2022-07-24 06:00:00,,3.5,12.4,0.0,0,884.0,2.3,,,,0
2022-07-24 07:00:00,,2.9,12.6,0.0,0,884.7,1.8,,,,0
2022-07-24 08:00:00,,3.7,12.8,41.0,0,885.8,2.0,,,,0
2022-07-24 09:00:00,,5.9,13.8,219.0,0,887.3,1.4,,,,0
2022-07-24 10:00:00,,7.8,14.3,408.0,0,888.1,-0.3,,,,0
2022-07-24 11:00:00,,9.8,14.0,561.0,0,888.3,-1.8,,,,0
2022-07-24 12:00:00,,11.5,13.5,658.0,0,887.5,-4.1,,,,0
2022-07-24 13:00:00,,12.7,12.7,691.0,0,886.8,-5.6,,,,0
2022-07-24 14:00:00,,13.4,12.5,656.0,0,886.4,-6.2,,,,0
2022-07-24 15:00:00,,13.8,13.1,556.0,0,886.0,-6.3,,,,0
2022-07-24 16:00:00,,13.5,12.6,399.0,0,885.7,-5.0,,,,0
2022-07-24 17:00:00,,12.3,11.1,206.0,0,885.4,-3.6,,,,0
2022-07-24 18:00:00,,9.1,9.2,33.0,0,884.5,-2.7,,,,0
2022-07-24 19:00:00,,8.0,10.2,0.0,0,884.8,-2.5,,,,0
2022-07-24 20:00:00,,7.0,9.5,0.0,0,884.6,-2.6,,,,0
2022-07-24 21:00:00,,6.0,9.7,0.0,0,884.4,-2.1,,,,0
2022-07-24 22:00:00,,5.3,10.6,0.0,0,884.7,-1.7,,,,0
2022-07-24 23:00:00,,4.6,10.9,0.0,0,884.8,-1.8,,,,0
2022-07-25 00:00:00,,3.9,10.1,0.0,0,884.8,-1.8,,,,0
2022-07-25 01:00:00,,2.9,9.1,0.0,0,884.6,-1.6,,,,0
2022-07-25 02:00:00,,2.5,10.7,0.0,0,884.5,-1.7,,,,0
2022-07-25 03:00:00,,1.6,10.9,0.0,0,883.7,-1.7,,,,0
2022-07-25 04:00:00,,1.3,11.3,0.0,0,883.2,-1.8,,,,0
2022-07-25 05:00:00,,0.4,9.1,0.0,0,882.8,-1.9,,,,0
2022-07-25 06:00:00,,-0.2,8.5,0.0,0,883.0,-2.1,,,,0
2022-07-25 07:00:00,,-0.4,9.2,0.0,0,883.2,-2.3,,,,0
2022-07-25 08:00:00,,1.2,11.8,44.0,0,884.0,-1.9,,,,0
2022-07-25 09:00:00,,4.5,5.0,227.0,0,886.2,-1.1,,,,0
2022-07-25 10:00:00,,7.8,4.5,419.0,0,887.6,-0.7,,,,0
2022-07-25 11:00:00,,10.2,6.9,572.0,0,887.7,-2.2,,,,0
2022-07-25 12:00:00,,11.7,7.6,669.0,0,887.0,-2.9,,,,0
2022-07-25 13:00:00,,12.9,8.0,701.0,0,886.5,-4.1,,,,0
2022-07-25 14:00:00,,13.6,8.0,665.0,0,886.2,-5.0,,,,0
2022-07-25 15:00:00,,14.2,8.7,564.0,0,885.6,-5.2,,,,0
2022-07-25 16:00:00,,14.0,9.0,406.0,0,885.2,-4.5,,,,0
2022-07-25 17:00:00,,12.6,4.6,211.0,0,884.6,-1.4,,,,0
2022-07-25 18:00:00,,7.9,9.7,34.0,0,882.4,-2.1,,,,0
2022-07-25 19:00:00,,7.2,9.1,0.0,0,882.5,-2.1,,,,0
2022-07-25 20:00:00,,6.6,8.0,0.0,0,882.6,-2.7,,,,0
2022-07-25 21:00:00,,6.2,8.4,0.0,0,882.3,-3.6,,,,0
2022-07-25 22:00:00,,5.9,8.6,0.0,0,882.2,-4.4,,,,0
2022-07-25 23:00:00,,5.8,8.6,0.0,0,881.9,-4.6,,,,0
2022-07-26 00:00:00,,5.7,8.9,0.0,0,881.7,-4.2,,,,0
2022-07-26 01:00:00,,5.8,9.4,0.0,0,881.6,-3.9,,,,0
2022-07-26 02:00:00,,6.2,10.8,0.0,0,882.0,-3.7,,,,0
2022-07-26 03:00:00,,5.4,9.5,0.0,0,881.4,-3.5,,,,0
2022-07-26 04:00:00,,5.5,11.7,0.0,0,881.8,-3.7,,,,0
2022-07-26 05:00:00,,5.4,11.6,0.0,0,881.9,-3.7,,,,0
2022-07-26 06:00:00,,5.6,12.2,0.0,0,881.9,-2.1,,,,0
2022-07-26 07:00:00,,5.9,12.6,0.0,0,882.4,0.9,,,,0
2022-07-26 08:00:00,,7.6,14.7,41.0,0,883.3,3.2,,,,0
2022-07-26 09:00:00,,10.5,12.8,210.0,93,885.2,5.1,,,,0
2022-07-26 10:00:00,,12.7,15.6,313.0,70,886.1,6.6,,,,0
2022-07-26 11:00:00,,14.9,17.2,393.0,26,886.5,7.7,,,,0
2022-07-26 12:00:00,,17.8,17.5,579.0,5,885.8,8.3,,,,0
2022-07-26 13:00:00,,19.9,19.7,647.0,26,885.2,8.5,,,,0
2022-07-26 14:00:00,,21.2,20.6,593.0,78,884.5,7.1,,,,0
2022-07-26 15:00:00,,20.2,18.8,452.0,71,883.7,7.7,,,,0
2022-07-26 16:00:00,,20.7,13.4,257.0,39,883.3,6.5,,,,0
2022-07-26 17:00:00,,18.6,7.6,170.0,56,882.3,7.4,,,,0
2022-07-26 18:00:00,,14.9,8.9,30.0,40,880.8,7.1,,,,0
2022-07-26 19:00:00,,14.7,12.8,0.0,41,881.3,7.2,,,,0
2022-07-26 20:00:00,,14.0,12.4,0.0,11,881.1,7.5,,,,0
2022-07-26 21:00:00,,13.1,13.3,0.0,35,881.4,7.2,,,,0
2022-07-26 22:00:00,,12.6,13.4,0.0,22,881.2,6.5,,,,0
2022-07-26 23:00:00,,12.0,12.6,0.0,55,881.4,5.8,,,,0
2022-07-27 00:00:00,,11.7,13.3,0.0,34,881.1,5.9,,,,0
2022-07-27 01:00:00,,12.2,15.9,0.0,8,880.6,6.0,,,,0
2022-07-27 02:00:00,,12.0,16.3,0.0,4,880.3,5.7,,,,0
2022-07-27 03:00:00,,11.6,15.5,0.0,40,880.7,5.9,,,,0
2022-07-27 04:00:00,,10.9,13.0,0.0,59,880.1,5.9,,,,0
2022-07-27 05:00:00,,10.7,16.2,0.0,69,879.9,5.9,,,,0
2022-07-27 06:00:00,,10.4,20.3,0.0,16,879.7,5.8,,,,0
2022-07-27 07:00:00,,10.2,19.9,0.0,1,880.1,5.8,,,,0
2022-07-27 08:00:00,,10.8,8.1,39.0,16,881.0,6.1,,,,0
2022-07-27 09:00:00,,13.1,10.4,179.0,37,882.8,6.7,,,,0
2022-07-27 10:00:00,,15.2,15.5,335.0,19,883.2,7.5,,,,0
2022-07-27 11:00:00,,17.2,15.0,505.0,0,883.7,8.1,,,,0
2022-07-27 12:00:00,,19.4,17.5,630.0,0,883.4,8.0,,,,0
2022-07-27 13:00:00,,20.9,21.0,663.0,1,882.9,7.2,,,,0
2022-07-27 14:00:00,,22.3,18.8,622.0,32,882.1,6.1,,,,0
2022-07-27 15:00:00,,21.7,29.6,480.0,61,881.5,4.5,,,,0
2022-07-27 16:00:00,,22.8,24.9,340.0,64,881.0,3.5,,,,0
2022-07-27 17:00:00,,18.4,17.0,158.0,50,880.5,5.8,,,,0
2022-07-27 18:00:00,,12.7,23.4,27.0,65,880.0,9.0,,,,0
2022-07-27 19:00:00,,13.9,20.8,0.0,16,880.6,8.5,,,,0
2022-07-27 20:00:00,,13.4,21.6,0.0,18,881.0,8.1,,,,0
2022-07-27 21:00:00,,13.2,21.0,0.0,24,880.9,7.8,,,,0
2022-07-27 22:00:00,,13.1,20.4,0.0,36,881.0,7.4,,,,0
2022-07-27 23:00:00,,12.6,22.5,0.0,32,881.2,7.3,,,,0
2022-07-28 00:00:00,,12.0,19.6,0.0,15,880.6,7.2,,,,0
2022-07-28 01:00:00,,11.4,18.9,0.0,2,880.4,7.0,,,,0
2022-07-28 02:00:00,,11.0,20.2,0.0,0,880.8,5.6,,,,0
2022-07-28 03:00:00,,10.7,19.4,0.0,0,880.5,5.3,,,,0
2022-07-28 04:00:00,,10.4,20.3,0.0,0,880.3,5.0,,,,0
2022-07-28 05:00:00,,10.3,19.3,0.0,0,880.5,4.6,,,,0
2022-07-28 06:00:00,,9.9,20.1,0.0,0,880.5,4.4,,,,0
2022-07-28 07:00:00,,9.8,21.3,0.0,39,880.9,4.1,,,,0
2022-07-28 08:00:00,,10.8,22.3,41.0,20,882.1,4.4,,,,0
2022-07-28 09:00:00,,13.2,18.8,212.0,6,883.3,5.3,,,,0
2022-07-28 10:00:00,,16.0,22.7,399.0,0,884.1,5.8,,,,0
2022-07-28 11:00:00,,18.9,26.8,540.0,1,884.6,5.9,,,,0
2022-07-28 12:00:00,,21.0,36.8,637.0,20,883.9,4.6,,,,0
2022-07-28 13:00:00,,21.8,35.0,667.0,43,883.1,4.7,,,,0
2022-07-28 14:00:00,,20.9,35.5,523.0,15,882.8,4.9,,,,0
2022-07-28 15:00:00,,21.2,32.3,437.0,65,882.3,4.6,,,,0
2022-07-28 16:00:00,,20.3,27.9,272.0,21,881.9,4.3,,,,0
2022-07-28 17:00:00,,19.2,25.7,169.0,9,881.1,5.8,,,,0
2022-07-28 18:00:00,,17.9,23.0,32.0,3,880.7,5.3,,,,0
2022-07-28 19:00:00,,16.9,22.1,0.0,7,880.8,4.9,,,,0
2022-07-28 20:00:00,,16.3,23.0,0.0,2,881.0,4.8,,,,0
2022-07-28 21:00:00,,15.7,24.2,0.0,0,880.8,4.5,,,,0
2022-07-28 22:00:00,,15.1,25.0,0.0,63,880.8,4.3,,,,0
2022-07-28 23:00:00,,15.0,25.6,0.0,5,880.8,3.7,,,,0
2022-07-29 00:00:00,,14.4,22.0,0.0,0,880.4,3.0,,,,0
2022-07-29 01:00:00,,13.6,18.8,0.0,10,880.4,2.7,,,,0
2022-07-29 02:00:00,,13.1,17.3,0.0,26,880.1,1.9,,,,0
2022-07-29 03:00:00,,13.0,17.3,0.0,21,879.8,1.4,,,,0
2022-07-29 04:00:00,,12.4,15.5,0.0,39,879.8,1.1,,,,0
2022-07-29 05:00:00,,12.1,18.5,0.0,28,879.6,1.2,,,,0
2022-07-29 06:00:00,,12.0,20.9,0.0,26,879.9,1.6,,,,0
2022-07-29 07:00:00,,12.0,21.4,0.0,12,880.9,1.3,,,,0
2022-07-29 08:00:00,,12.3,20.3,44.0,4,881.6,2.1,,,,0
2022-07-29 09:00:00,,14.3,19.1,214.0,28,882.8,2.6,,,,0
2022-07-29 10:00:00,,16.2,23.5,368.0,8,883.2,2.1,,,,0
2022-07-29 11:00:00,,18.2,27.8,514.0,32,883.2,2.3,,,,0
2022-07-29 12:00:00,,19.7,28.5,624.0,18,882.7,3.0,,,,0
2022-07-29 13:00:00,,21.4,30.3,668.0,33,882.0,1.8,,,,0
2022-07-29 14:00:00,,22.2,30.7,633.0,45,881.4,0.8,,,,0
2022-07-29 15:00:00,,22.4,27.7,527.0,40,880.8,1.0,,,,0
2022-07-29 16:00:00,,21.8,27.4,358.0,93,880.5,1.2,,,,0
2022-07-29 17:00:00,,20.6,20.0,153.0,90,880.3,1.7,,,,0
2022-07-29 18:00:00,,18.5,16.3,25.0,30,879.8,1.8,,,,0
2022-07-29 19:00:00,,17.5,19.7,0.0,54,880.2,2.4,,,,0
2022-07-29 20:00:00,,16.2,14.5,0.0,90,880.3,2.3,,,,0
2022-07-29 21:00:00,,14.1,9.0,0.0,37,880.1,2.8,,,,0
2022-07-29 22:00:00,,11.2,10.5,0.0,18,879.4,1.0,,,,0
2022-07-29 23:00:00,,10.9,6.6,0.0,82,879.5,0.9,,,,0
2022-07-30 00:00:00,,11.2,9.2,0.0,19,880.4,0.2,,,,0
2022-07-30 01:00:00,,8.9,7.7,0.0,10,879.4,-1.0,,,,0
2022-07-30 02:00:00,,6.9,8.2,0.0,46,878.9,-1.1,,,,0
2022-07-30 03:00:00,,5.6,9.0,0.0,39,878.1,-0.7,,,,0
2022-07-30 04:00:00,,7.5,4.4,0.0,48,878.5,-1.0,,,,0
2022-07-30 05:00:00,,5.8,3.4,0.0,66,877.6,-0.1,,,,0
2022-07-30 06:00:00,,6.6,4.1,0.0,93,878.3,0.3,,,,0
2022-07-30 07:00:00,,5.6,5.3,0.0,38,878.5,0.4,,,,0
2022-07-30 08:00:00,,6.2,9.1,45.0,14,879.4,-0.3,,,,0
2022-07-30 09:00:00,,9.3,6.2,223.0,7,881.0,-0.3,,,,0
2022-07-30 10:00:00,,11.9,7.2,415.0,1,882.0,-1.1,,,,0
2022-07-30 11:00:00,,13.6,5.4,566.0,0,882.7,-1.7,,,,0
2022-07-30 12:00:00,,14.8,5.0,661.0,0,882.4,-2.0,,,,0
2022-07-30 13:00:00,,15.8,6.0,694.0,0,881.8,-2.5,,,,0
2022-07-30 14:00:00,,16.8,9.3,660.0,0,881.0,-4.2,,,,0
2022-07-30 15:00:00,,17.0,12.0,564.0,12,880.6,-5.4,,,,0
2022-07-30 16:00:00,,16.5,12.2,410.0,21,880.3,-5.8,,,,0
2022-07-30 17:00:00,,15.2,10.4,217.0,29,879.8,-5.0,,,,0
2022-07-30 18:00:00,,10.8,8.1,39.0,43,878.6,-3.7,,,,0
2022-07-30 19:00:00,,9.8,8.7,0.0,42,879.0,-3.5,,,,0
2022-07-30 20:00:00,,9.3,10.6,0.0,4,879.2,-3.2,,,,0
2022-07-30 21:00:00,,8.2,10.2,0.0,5,879.4,-2.4,,,,0
2022-07-30 22:00:00,,7.0,8.7,0.0,0,879.5,-1.6,,,,0
2022-07-30 23:00:00,,5.9,7.6,0.0,0,879.3,-0.8,,,,0
2022-07-31 00:00:00,,4.8,8.3,0.0,0,879.1,-0.3,,,,0
2022-07-31 01:00:00,,4.3,8.5,0.0,0,879.3,-0.1,,,,0
2022-07-31 02:00:00,,4.9,8.7,0.0,0,880.3,0.1,,,,0
2022-07-31 03:00:00,,3.6,8.1,0.0,0,880.0,0.1,,,,0
2022-07-31 04:00:00,,2.6,7.2,0.0,0,879.6,-0.1,,,,0
2022-07-31 05:00:00,,1.8,8.7,0.0,0,879.3,-0.4,,,,0
2022-07-31 06:00:00,,1.3,10.1,0.0,0,879.3,-1.0,,,,0
2022-07-31 07:00:00,,1.0,9.1,0.0,0,880.0,-1.2,,,,0
2022-07-31 08:00:00,,3.7,8.8,50.0,0,882.1,-0.5,,,,0
2022-07-31 09:00:00,,6.8,4.7,233.0,0,884.4,-0.5,,,,0
2022-07-31 10:00:00,,9.6,4.8,423.0,0,885.3,-0.3,,,,0
2022-07-31 11:00:00,,11.7,7.6,575.0,0,885.5,-1.7,,,,0
2022-07-31 12:00:00,,13.0,9.4,672.0,0,885.7,-2.1,,,,0
2022-07-31 13:00:00,,13.9,9.4,703.0,0,885.3,-2.6,,,,0
2022-07-31 14:00:00,,14.2,7.3,667.0,0,884.9,-3.6,,,,0
2022-07-31 15:00:00,,14.6,7.3,567.0,0,884.7,-4.1,,,,0
2022-07-31 16:00:00,,14.4,8.2,412.0,0,884.5,-4.5,,,,0
2022-07-31 17:00:00,,13.4,8.1,219.0,0,884.3,-3.9,,,,0
2022-07-31 18:00:00,,8.6,10.6,40.0,0,882.4,-1.5,,,,0
2022-07-31 19:00:00,,7.4,9.7,0.0,0,882.6,-0.7,,,,0
2022-07-31 20:00:00,,6.6,9.2,0.0,0,882.9,-0.5,,,,0
2022-07-31 21:00:00,,5.8,9.4,0.0,0,882.8,-0.6,,,,0
2022-07-31 22:00:00,,5.3,8.2,0.0,0,883.3,-0.5,,,,0
2022-07-31 23:00:00,,5.5,12.0,0.0,0,883.8,-0.9,,,,0
2022-08-01 00:00:00,,5.2,13.7,0.0,0,884.1,-2.3,,,,0
2022-08-01 01:00:00,,4.7,13.4,0.0,0,884.1,-3.1,,,,0
2022-08-01 02:00:00,,4.5,15.2,0.0,0,883.9,-3.5,,,,0
2022-08-01 03:00:00,,4.2,15.1,0.0,0,884.0,-3.6,,,,0
2022-08-01 04:00:00,,3.9,15.1,0.0,89,884.2,-3.6,,,,0
2022-08-01 05:00:00,,4.6,16.4,0.0,98,884.3,-3.5,,,,0
2022-08-01 06:00:00,,4.0,14.7,0.0,100,884.1,-3.5,,,,0
2022-08-01 07:00:00,,4.4,15.3,0.0,92,884.5,-3.3,,,,0
2022-08-01 08:00:00,,5.3,15.2,38.0,100,886.0,-2.6,,,,0
2022-08-01 09:00:00,,7.3,9.8,178.0,98,887.3,-1.4,,,,0
2022-08-01 10:00:00,,9.8,7.9,275.0,97,888.1,0.8,,,,0
2022-08-01 11:00:00,,12.9,10.5,394.0,89,888.3,3.4,,,,0
2022-08-01 12:00:00,,15.5,10.5,460.0,42,887.9,5.3,,,,0
2022-08-01 13:00:00,,17.8,10.4,644.0,87,888.1,6.5,,,,0
2022-08-01 14:00:00,,16.6,10.7,400.0,100,887.1,5.9,,,,0
2022-08-01 15:00:00,,18.2,6.3,296.0,91,886.8,5.8,,,,0
2022-08-01 16:00:00,,19.1,5.9,300.0,99,886.5,5.1,,,,0
2022-08-01 17:00:00,,17.3,6.0,110.0,96,885.6,8.3,,,,0
2022-08-01 18:00:00,,15.0,7.7,26.0,86,884.5,6.0,,,,0
2022-08-01 19:00:00,,13.3,10.6,0.0,16,884.3,6.6,,,,0
2022-08-01 20:00:00,,12.4,11.4,0.0,3,884.0,6.5,,,,0
2022-08-01 21:00:00,,12.0,11.9,0.0,15,883.9,5.8,,,,0
2022-08-01 22:00:00,,12.2,12.6,0.0,2,884.2,5.4,,,,0
2022-08-01 23:00:00,,12.5,15.6,0.0,1,884.7,5.6,,,,0
2022-08-02 00:00:00,,12.2,16.5,0.0,0,884.9,5.8,,,,0
2022-08-02 01:00:00,,11.1,14.0,0.0,0,884.7,5.7,,,,0
2022-08-02 02:00:00,,10.7,15.9,0.0,0,885.3,5.0,,,,0
2022-08-02 03:00:00,,10.6,17.9,0.0,1,885.1,5.2,,,,0
2022-08-02 04:00:00,,10.7,19.0,0.0,0,884.7,5.4,,,,0
2022-08-02 05:00:00,,10.5,19.3,0.0,0,884.5,5.5,,,,0
2022-08-02 06:00:00,,9.9,18.5,0.0,0,884.8,5.8,,,,0
2022-08-02 07:00:00,,9.3,17.5,0.0,0,885.1,6.1,,,,0
2022-08-02 08:00:00,,10.1,20.9,50.0,24,885.8,6.3,,,,0
2022-08-02 09:00:00,,12.3,23.9,227.0,99,886.8,6.5,,,,0
2022-08-02 10:00:00,,14.0,26.9,384.0,98,887.6,6.8,,,,0
2022-08-02 11:00:00,,15.8,25.4,528.0,100,887.8,6.7,,,,0
2022-08-02 12:00:00,,17.4,24.7,615.0,100,887.5,6.8,,,,0
2022-08-02 13:00:00,,18.8,25.3,554.0,100,886.7,5.3,,,,0
2022-08-02 14:00:00,,19.3,20.7,406.0,100,886.6,5.7,,,,0
2022-08-02 15:00:00,,18.6,20.2,298.0,100,885.5,3.5,,,,0
2022-08-02 16:00:00,,18.3,14.8,234.0,100,884.7,4.5,,,,0
2022-08-02 17:00:00,,17.2,10.9,111.0,100,884.1,5.7,,,,0
2022-08-02 18:00:00,,15.1,7.8,18.0,100,883.7,5.9,,,,0
2022-08-02 19:00:00,,13.8,6.6,0.0,100,883.7,6.0,,,,0
2022-08-02 20:00:00,,14.0,11.1,0.0,100,884.3,6.3,,,,0
2022-08-02 21:00:00,,12.7,13.4,0.0,100,884.8,8.1,,,,0
2022-08-02 22:00:00,,11.2,9.5,0.0,100,884.5,9.4,,,,0
2022-08-02 23:00:00,,11.3,7.9,0.0,100,884.3,9.5,,,,0
2022-08-03 00:00:00,,10.7,6.3,0.0,100,883.7,9.1,,,,0
2022-08-03 01:00:00,,10.5,10.2,0.0,87,883.7,8.9,,,,0
2022-08-03 02:00:00,,10.6,10.0,0.0,73,883.8,9.2,,,,0
2022-08-03 03:00:00,,10.5,11.3,0.0,100,883.2,8.7,,,,0
2022-08-03 04:00:00,,10.2,10.5,0.0,32,882.7,8.4,,,,0
2022-08-03 05:00:00,,9.3,10.7,0.0,99,882.4,8.1,,,,0
2022-08-03 06:00:00,,9.3,10.9,0.0,91,882.8,8.3,,,,0
2022-08-03 07:00:00,,9.2,11.1,0.0,100,882.7,8.3,,,,0
2022-08-03 08:00:00,,10.1,14.7,33.0,73,883.2,8.3,,,,0
2022-08-03 09:00:00,,11.8,14.0,171.0,31,883.9,8.0,,,,0
2022-08-03 10:00:00,,14.2,18.5,367.0,3,884.7,7.6,,,,0
2022-08-03 11:00:00,,16.2,26.3,561.0,64,885.1,7.5,,,,0
2022-08-03 12:00:00,,16.9,22.7,446.0,25,884.3,7.8,,,,0
2022-08-03 13:00:00,,17.6,23.1,642.0,63,883.8,8.0,,,,0
2022-08-03 14:00:00,,14.5,16.3,482.0,100,883.0,8.6,,,,0
2022-08-03 15:00:00,,15.6,17.3,243.0,72,882.8,8.5,,,,0
2022-08-03 16:00:00,,15.5,20.5,250.0,27,882.4,8.2,,,,0
2022-08-03 17:00:00,,14.1,17.8,165.0,28,882.0,8.5,,,,2
2022-08-03 18:00:00,,12.3,11.2,33.0,33,881.5,8.8,,,,2
2022-08-03 19:00:00,,11.3,11.3,0.0,25,881.7,8.8,,,,2
2022-08-03 20:00:00,,11.0,12.0,0.0,36,881.9,9.1,,,,2
2022-08-03 21:00:00,,10.8,11.4,0.0,30,881.7,9.1,,,,2
2022-08-03 22:00:00,,11.0,9.4,0.0,47,882.0,9.2,,,,2
2022-08-03 23:00:00,,10.7,10.5,0.0,33,881.9,8.9,,,,2
2022-08-04 00:00:00,,10.2,10.7,0.0,6,881.2,8.9,,,,2
2022-08-04 01:00:00,,9.8,9.8,0.0,2,880.9,8.5,,,,0
2022-08-04 02:00:00,,10.7,14.2,0.0,100,881.3,8.7,,,,0
2022-08-04 03:00:00,,11.3,13.2,0.0,38,881.0,8.7,,,,0
2022-08-04 04:00:00,,10.0,10.5,0.0,17,880.7,8.5,,,,0
2022-08-04 05:00:00,,9.3,10.2,0.0,12,880.3,8.1,,,,0
2022-08-04 06:00:00,,8.9,10.5,0.0,4,880.3,7.8,,,,2
2022-08-04 07:00:00,,8.9,10.5,0.0,0,880.8,7.6,,,,2
2022-08-04 08:00:00,,10.3,13.2,53.0,0,881.7,8.1,,,,2
2022-08-04 09:00:00,,12.9,12.7,234.0,0,883.2,8.8,,,,2
2022-08-04 10:00:00,,14.8,14.4,420.0,1,884.0,8.8,,,,2
2022-08-04 11:00:00,,16.6,13.9,568.0,20,884.5,8.8,,,,2
2022-08-04 12:00:00,,17.5,11.3,642.0,6,884.3,9.3,,,,2
2022-08-04 13:00:00,,18.5,8.8,674.0,0,883.8,8.9,,,,2
2022-08-04 14:00:00,,18.3,4.6,648.0,0,883.5,6.0,,,,2
2022-08-04 15:00:00,,18.6,4.3,533.0,15,883.4,5.5,,,,2
2022-08-04 16:00:00,,18.4,3.9,380.0,5,883.2,5.1,,,,2
2022-08-04 17:00:00,,17.5,3.3,213.0,0,883.1,5.1,,,,4
2022-08-04 18:00:00,,13.1,9.8,41.0,7,881.4,5.3,,,,4
2022-08-04 19:00:00,,12.3,10.6,0.0,3,881.4,4.8,,,,4
2022-08-04 20:00:00,,13.9,6.6,0.0,0,882.3,4.3,,,,4
2022-08-04 21:00:00,,12.3,6.4,0.0,0,881.9,4.5,,,,4
2022-08-04 22:00:00,,9.3,8.9,0.0,0,881.1,4.9,,,,4
2022-08-04 23:00:00,,8.9,8.8,0.0,0,880.9,5.0,,,,4
2022-08-05 00:00:00,,12.3,5.1,0.0,1,882.8,4.9,,,,0
2022-08-05 01:00:00,,12.4,3.1,0.0,0,882.9,4.7,,,,0
2022-08-05 02:00:00,,9.1,6.2,0.0,0,881.6,4.7,,,,0
2022-08-05 03:00:00,,6.9,9.3,0.0,0,880.5,3.9,,,,0
2022-08-05 04:00:00,,5.8,10.2,0.0,0,880.2,3.7,,,,0
2022-08-05 05:00:00,,5.3,9.0,0.0,0,880.1,3.5,,,,2
2022-08-05 06:00:00,,4.9,8.7,0.0,0,880.4,3.2,,,,2
2022-08-05 07:00:00,,4.8,8.8,0.0,0,881.0,3.2,,,,2
2022-08-05 08:00:00,,7.9,7.9,56.0,0,882.9,4.6,,,,2
2022-08-05 09:00:00,,11.5,5.4,241.0,0,885.3,5.6,,,,2
2022-08-05 10:00:00,,14.3,5.0,430.0,7,886.7,6.1,,,,2
2022-08-05 11:00:00,,16.6,5.3,581.0,51,887.1,6.4,,,,2
2022-08-05 12:00:00,,18.2,6.2,676.0,8,886.8,5.6,,,,2
2022-08-05 13:00:00,,18.9,7.0,707.0,52,886.1,5.4,,,,2
2022-08-05 14:00:00,,19.3,7.1,669.0,56,885.9,4.5,,,,2
2022-08-05 15:00:00,,19.7,6.6,568.0,19,885.4,4.4,,,,2
2022-08-05 16:00:00,,19.5,5.9,414.0,35,885.3,4.3,,,,2
2022-08-05 17:00:00,,18.5,3.1,223.0,19,884.9,5.5,,,,2
2022-08-05 18:00:00,,17.6,4.2,44.0,77,885.0,4.8,,,,2
2022-08-05 19:00:00,,16.9,2.6,0.0,84,885.3,4.5,,,,2
2022-08-05 20:00:00,,12.0,6.5,0.0,94,883.4,4.8,,,,2
2022-08-05 21:00:00,,10.9,7.2,0.0,95,883.1,5.2,,,,2
2022-08-05 22:00:00,,9.7,8.6,0.0,98,882.6,5.3,,,,2
2022-08-05 23:00:00,,8.9,9.7,0.0,100,882.2,5.2,,,,2
2022-08-06 00:00:00,,8.4,9.0,0.0,100,881.8,5.1,,,,2
2022-08-06 01:00:00,,7.9,8.3,0.0,99,881.6,5.0,,,,0
2022-08-06 02:00:00,,7.5,9.2,0.0,82,881.3,4.5,,,,0
2022-08-06 03:00:00,,6.5,9.0,0.0,92,880.6,4.0,,,,0
2022-08-06 04:00:00,,6.5,8.1,0.0,53,880.2,4.0,,,,0
2022-08-06 05:00:00,,6.4,8.4,0.0,65,880.2,3.9,,,,0
2022-08-06 06:00:00,,6.5,9.7,0.0,60,880.9,3.7,,,,0
2022-08-06 07:00:00,,6.3,10.6,0.0,87,881.7,3.7,,,,0
2022-08-06 08:00:00,,8.1,12.9,55.0,100,882.9,3.8,,,,0
2022-08-06 09:00:00,,11.1,10.9,228.0,99,884.5,4.4,,,,0
2022-08-06 10:00:00,,13.8,11.2,408.0,97,885.7,4.5,,,,0
2022-08-06 11:00:00,,16.7,12.2,561.0,70,886.1,4.8,,,,0
2022-08-06 12:00:00,,19.1,13.9,683.0,47,885.5,3.9,,,,0
2022-08-06 13:00:00,,20.3,13.3,722.0,69,885.1,2.0,,,,0
2022-08-06 14:00:00,,22.3,13.6,679.0,100,883.9,-0.5,,,,0
2022-08-06 15:00:00,,22.2,12.4,537.0,99,883.2,2.7,,,,0
2022-08-06 16:00:00,,21.9,4.9,374.0,100,882.6,3.1,,,,2
2022-08-06 17:00:00,,20.3,10.9,184.0,100,881.9,4.4,,,,2
2022-08-06 18:00:00,,16.8,10.1,36.0,100,881.0,4.2,,,,2
2022-08-06 19:00:00,,13.7,12.3,0.0,100,879.9,3.5,,,,2
2022-08-06 20:00:00,,13.1,9.4,0.0,93,880.0,3.7,,,,2
2022-08-06 21:00:00,,13.0,11.0,0.0,74,879.9,3.7,,,,2
2022-08-06 22:00:00,,12.4,10.2,0.0,100,879.6,3.6,,,,0
2022-08-06 23:00:00,,11.5,10.3,0.0,100,879.5,3.6,,,,0
2022-08-07 00:00:00,,10.8,9.3,0.0,100,879.1,3.8,,,,0
2022-08-07 01:00:00,,10.4,9.4,0.0,46,879.2,3.9,,,,0
2022-08-07 02:00:00,,10.7,11.9,0.0,73,878.8,3.0,,,,0
2022-08-07 03:00:00,,10.2,12.5,0.0,99,878.3,3.1,,,,0
2022-08-07 04:00:00,,9.7,12.3,0.0,100,877.7,3.4,,,,0
2022-08-07 05:00:00,,9.5,13.2,0.0,100,877.4,3.5,,,,0
2022-08-07 06:00:00,,9.5,14.2,0.0,88,877.8,3.5,,,,0
2022-08-07 07:00:00,,9.5,14.7,0.0,88,877.6,3.2,,,,0
2022-08-07 08:00:00,,11.2,16.4,57.0,64,878.6,3.2,,,,0
2022-08-07 09:00:00,,14.6,16.1,242.0,66,880.0,3.8,,,,0
2022-08-07 10:00:00,,18.2,17.3,434.0,23,881.3,3.3,,,,0
2022-08-07 11:00:00,,21.0,19.1,584.0,17,881.5,3.6,,,,0
2022-08-07 12:00:00,,23.7,20.1,678.0,75,881.0,3.4,,,,0
2022-08-07 13:00:00,,25.4,21.8,704.0,37,880.2,4.5,,,,0
2022-08-07 14:00:00,,26.7,23.8,666.0,50,879.2,2.7,,,,0
2022-08-07 15:00:00,,27.0,26.7,547.0,24,878.7,1.5,,,,0
2022-08-07 16:00:00,,26.5,26.9,359.0,37,877.9,0.8,,,,0
2022-08-07 17:00:00,,24.8,21.9,181.0,8,877.3,1.6,,,,0
2022-08-07 18:00:00,,21.4,16.0,45.0,2,876.7,2.4,,,,0
2022-08-07 19:00:00,,19.0,14.2,0.0,97,876.7,3.3,,,,0
2022-08-07 20:00:00,,19.1,17.4,0.0,9,878.7,3.7,,,,0
2022-08-07 21:00:00,,16.8,21.2,0.0,43,878.9,-3.0,,,,0
2022-08-07 22:00:00,,15.1,21.7,0.0,57,879.3,-5.2,,,,0
2022-08-07 23:00:00,,12.9,21.1,0.0,36,879.5,-3.6,,,,0
2022-08-08 00:00:00,,10.7,15.1,0.0,0,879.5,0.0,,,,0
2022-08-08 01:00:00,,8.9,11.8,0.0,0,879.4,0.9,,,,0
2022-08-08 02:00:00,,8.3,10.8,0.0,0,879.3,0.4,,,,0
2022-08-08 03:00:00,,7.8,14.3,0.0,0,879.2,0.7,,,,0
2022-08-08 04:00:00,,7.2,17.4,0.0,0,879.6,1.8,,,,0
2022-08-08 05:00:00,,6.3,13.2,0.0,0,879.5,2.8,,,,0
2022-08-08 06:00:00,,5.7,11.2,0.0,0,880.3,3.3,,,,0
2022-08-08 07:00:00,,4.9,8.2,0.0,0,880.9,3.5,,,,0
2022-08-08 08:00:00,,6.4,10.4,62.0,0,882.3,3.9,,,,0
2022-08-08 09:00:00,,8.9,10.5,252.0,0,883.9,4.1,,,,0
2022-08-08 10:00:00,,11.1,9.7,441.0,0,884.5,4.2,,,,0
2022-08-08 11:00:00,,13.2,9.4,592.0,0,884.9,4.4,,,,0
2022-08-08 12:00:00,,15.0,9.3,688.0,0,885.0,4.4,,,,0
2022-08-08 13:00:00,,16.3,9.0,718.0,0,884.7,3.4,,,,0
2022-08-08 14:00:00,,17.9,11.8,683.0,2,885.1,2.1,,,,0
2022-08-08 15:00:00,,18.0,10.8,511.0,0,884.6,1.7,,,,0
2022-08-08 16:00:00,,18.4,11.5,411.0,12,884.8,0.9,,,,0
2022-08-08 17:00:00,,18.1,9.8,208.0,53,884.3,0.5,,,,0
2022-08-08 18:00:00,,14.5,8.0,46.0,2,883.5,1.5,,,,0
2022-08-08 19:00:00,,12.6,7.7,0.0,0,883.2,2.1,,,,0
2022-08-08 20:00:00,,11.9,10.2,0.0,0,883.7,2.3,,,,0
2022-08-08 21:00:00,,11.5,13.9,0.0,0,884.6,3.2,,,,0
2022-08-08 22:00:00,,10.5,12.2,0.0,0,884.3,3.7,,,,0
2022-08-08 23:00:00,,9.9,12.6,0.0,0,883.8,3.7,,,,0
2022-08-09 00:00:00,,9.5,13.4,0.0,0,883.2,3.6,,,,0
2022-08-09 01:00:00,,8.8,12.2,0.0,0,882.6,3.7,,,,0
2022-08-09 02:00:00,,8.3,13.2,0.0,8,882.8,3.7,,,,0
2022-08-09 03:00:00,,7.4,10.5,0.0,40,882.3,3.9,,,,0
2022-08-09 04:00:00,,6.7,9.3,0.0,42,882.1,4.1,,,,0
2022-08-09 05:00:00,,5.6,6.8,0.0,37,881.9,4.0,,,,0
2022-08-09 06:00:00,,4.3,8.3,0.0,55,882.0,3.2,,,,0
2022-08-09 07:00:00,,3.7,8.3,0.0,21,882.7,2.9,,,,0
2022-08-09 08:00:00,,6.3,7.5,65.0,0,884.4,4.3,,,,0
2022-08-09 09:00:00,,9.4,7.1,257.0,0,885.7,4.4,,,,0
2022-08-09 10:00:00,,12.3,8.8,450.0,0,886.3,4.6,,,,0
2022-08-09 11:00:00,,14.9,10.7,603.0,0,886.5,4.4,,,,0
2022-08-09 12:00:00,,16.9,11.3,699.0,0,885.9,3.8,,,,0
2022-08-09 13:00:00,,18.4,10.1,731.0,0,885.4,3.5,,,,0
2022-08-09 14:00:00,,19.6,9.4,694.0,0,884.9,2.8,,,,0
2022-08-09 15:00:00,,20.2,8.8,591.0,0,884.2,2.2,,,,0
2022-08-09 16:00:00,,20.0,8.0,433.0,0,883.9,2.4,,,,0
2022-08-09 17:00:00,,19.1,5.2,237.0,0,883.8,3.2,,,,0
2022-08-09 18:00:00,,16.7,6.8,50.0,0,882.9,3.8,,,,0
2022-08-09 19:00:00,,14.0,8.1,0.0,0,882.1,3.8,,,,0
2022-08-09 20:00:00,,11.8,8.9,0.0,0,881.4,3.6,,,,0
2022-08-09 21:00:00,,11.2,8.0,0.0,0,881.2,3.7,,,,0
2022-08-09 22:00:00,,11.2,10.0,0.0,0,881.2,3.4,,,,0
2022-08-09 23:00:00,,9.9,8.9,0.0,0,880.8,2.8,,,,0
2022-08-10 00:00:00,,9.0,8.4,0.0,0,881.0,3.2,,,,0
2022-08-10 01:00:00,,8.6,8.5,0.0,0,880.6,3.2,,,,0
2022-08-10 02:00:00,,8.1,8.5,0.0,0,880.8,2.7,,,,0
2022-08-10 03:00:00,,6.9,8.1,0.0,0,880.4,2.8,,,,0
2022-08-10 04:00:00,,6.5,8.1,0.0,0,880.1,2.7,,,,0
2022-08-10 05:00:00,,6.0,7.9,0.0,0,879.8,2.6,,,,0
2022-08-10 06:00:00,,5.8,8.2,0.0,0,880.0,2.4,,,,0
2022-08-10 07:00:00,,5.2,8.2,0.0,0,880.3,2.2,,,,0
2022-08-10 08:00:00,,8.2,11.6,69.0,0,882.0,2.4,,,,0
2022-08-10 09:00:00,,11.8,7.9,264.0,0,884.3,3.2,,,,0
2022-08-10 10:00:00,,15.0,9.0,458.0,0,885.9,3.5,,,,0
2022-08-10 11:00:00,,17.8,10.1,612.0,0,886.5,2.8,,,,0
2022-08-10 12:00:00,,19.9,11.4,709.0,0,885.9,0.4,,,,0
2022-08-10 13:00:00,,21.2,10.5,740.0,11,885.3,-1.1,,,,0
2022-08-10 14:00:00,,22.2,7.9,702.0,31,884.7,-2.4,,,,0
2022-08-10 15:00:00,,22.6,6.9,597.0,0,884.3,-3.4,,,,0
2022-08-10 16:00:00,,22.4,6.4,438.0,0,883.8,-3.8,,,,0
2022-08-10 17:00:00,,20.5,4.8,241.0,0,883.2,4.1,,,,0
2022-08-10 18:00:00,,20.3,6.1,52.0,0,883.6,-2.0,,,,0
2022-08-10 19:00:00,,17.8,5.4,0.0,0,883.0,-1.9,,,,0
2022-08-10 20:00:00,,13.1,9.1,0.0,0,881.4,-1.7,,,,0
2022-08-10 21:00:00,,13.5,8.8,0.0,8,881.8,-3.3,,,,0
2022-08-10 22:00:00,,11.1,9.9,0.0,0,881.2,-3.9,,,,0
2022-08-10 23:00:00,,10.3,10.1,0.0,48,880.6,-2.9,,,,0
2022-08-11 00:00:00,,10.3,9.6,0.0,99,880.2,-2.5,,,,0
2022-08-11 01:00:00,,9.2,9.2,0.0,100,880.0,-2.2,,,,0
2022-08-11 02:00:00,,7.7,8.6,0.0,92,879.9,-0.7,,,,0
2022-08-11 03:00:00,,6.5,8.4,0.0,9,879.1,0.0,,,,0
2022-08-11 04:00:00,,6.6,8.2,0.0,41,878.8,0.4,,,,0
2022-08-11 05:00:00,,6.5,9.0,0.0,76,878.7,0.5,,,,0
2022-08-11 06:00:00,,6.8,9.9,0.0,60,879.2,0.2,,,,0
2022-08-11 07:00:00,,6.5,10.0,0.0,7,879.7,-0.1,,,,0
2022-08-11 08:00:00,,9.2,12.3,72.0,21,881.4,0.1,,,,0
2022-08-11 09:00:00,,12.9,10.5,270.0,61,883.5,1.0,,,,0
2022-08-11 10:00:00,,16.2,10.9,465.0,56,885.2,0.9,,,,0
2022-08-11 11:00:00,,19.4,11.9,621.0,65,885.6,0.5,,,,0
2022-08-11 12:00:00,,21.7,13.1,720.0,31,885.3,-0.3,,,,0
2022-08-11 13:00:00,,23.2,12.9,751.0,20,884.8,-1.7,,,,0
2022-08-11 14:00:00,,24.8,11.5,712.0,48,884.0,-5.0,,,,0
2022-08-11 15:00:00,,25.0,12.0,606.0,91,883.3,-5.0,,,,0
2022-08-11 16:00:00,,24.9,11.9,436.0,73,882.7,-4.5,,,,0
2022-08-11 17:00:00,,22.9,8.3,234.0,64,881.8,-0.4,,,,0
2022-08-11 18:00:00,,18.3,9.8,51.0,30,880.1,0.9,,,,0
2022-08-11 19:00:00,,18.2,15.4,0.0,16,880.6,0.6,,,,0
2022-08-11 20:00:00,,16.9,13.9,0.0,95,880.7,0.5,,,,0
2022-08-11 21:00:00,,14.7,11.5,0.0,92,880.1,1.3,,,,0
2022-08-11 22:00:00,,13.5,10.1,0.0,16,879.6,1.1,,,,0
2022-08-11 23:00:00,,12.7,11.4,0.0,18,879.1,1.1,,,,0
2022-08-12 00:00:00,,12.3,12.6,0.0,0,878.5,0.6,,,,0
2022-08-12 01:00:00,,11.4,11.2,0.0,27,878.7,0.2,,,,0
2022-08-12 02:00:00,,10.8,11.9,0.0,92,878.1,0.2,,,,0
2022-08-12 03:00:00,,10.3,12.6,0.0,98,877.5,0.2,,,,0
2022-08-12 04:00:00,,9.9,12.3,0.0,60,877.3,0.2,,,,0
2022-08-12 05:00:00,,9.2,11.6,0.0,5,877.5,0.3,,,,0
2022-08-12 06:00:00,,8.6,11.6,0.0,0,877.5,0.1,,,,0
2022-08-12 07:00:00,,8.4,12.5,0.0,0,877.7,0.1,,,,0
2022-08-12 08:00:00,,10.3,14.5,74.0,0,879.0,0.7,,,,0
2022-08-12 09:00:00,,13.8,12.6,271.0,4,880.6,1.7,,,,0
2022-08-12 10:00:00,,16.8,12.5,465.0,20,882.2,0.9,,,,0
2022-08-12 11:00:00,,19.2,12.1,615.0,36,882.6,0.7,,,,0
2022-08-12 12:00:00,,21.6,13.0,712.0,99,882.2,0.4,,,,0
2022-08-12 13:00:00,,22.5,12.0,740.0,80,881.6,0.9,,,,0
2022-08-12 14:00:00,,25.0,8.4,690.0,96,880.9,-0.5,,,,0
2022-08-12 15:00:00,,25.2,13.4,566.0,95,880.3,-1.5,,,,0
2022-08-12 16:00:00,,23.6,15.1,375.0,100,879.8,-0.8,,,,0
2022-08-12 17:00:00,,21.3,13.8,192.0,100,879.4,-1.7,,,,0
2022-08-12 18:00:00,,17.5,8.6,40.0,100,878.0,-3.0,,,,0
2022-08-12 19:00:00,,16.3,8.0,0.0,100,878.1,-3.8,,,,0
2022-08-12 20:00:00,,15.2,8.1,0.0,100,878.0,-2.6,,,,0
2022-08-12 21:00:00,,14.9,8.0,0.0,100,878.1,-1.8,,,,0
2022-08-12 22:00:00,,13.3,9.5,0.0,99,877.7,-1.3,,,,0
2022-08-12 23:00:00,,12.7,7.2,0.0,100,877.3,-0.6,,,,0
2022-08-13 00:00:00,,11.4,7.9,0.0,87,876.5,0.2,,,,0
2022-08-13 01:00:00,,9.9,9.3,0.0,59,876.0,0.3,,,,0
2022-08-13 02:00:00,,13.0,4.2,0.0,37,877.7,-0.6,,,,0
2022-08-13 03:00:00,,12.1,0.5,0.0,6,876.7,-0.8,,,,0
2022-08-13 04:00:00,,8.3,5.6,0.0,100,874.1,-0.7,,,,0
2022-08-13 05:00:00,,10.6,5.8,0.0,92,875.3,-0.9,,,,0
2022-08-13 06:00:00,,7.9,7.4,0.0,42,874.4,-0.5,,,,0
2022-08-13 07:00:00,,5.8,8.0,0.0,1,873.9,-0.7,,,,0
2022-08-13 08:00:00,,9.1,10.0,73.0,98,875.2,-0.7,,,,0
2022-08-13 09:00:00,,12.6,8.6,250.0,89,876.7,0.2,,,,0
2022-08-13 10:00:00,,15.6,8.8,451.0,77,878.1,-0.4,,,,0
2022-08-13 11:00:00,,18.0,10.0,609.0,99,878.3,-1.2,,,,0
2022-08-13 12:00:00,,19.3,10.3,647.0,100,877.7,-1.7,,,,0
2022-08-13 13:00:00,,20.2,9.2,631.0,91,876.9,-1.9,,,,0
2022-08-13 14:00:00,,20.5,14.8,663.0,7,876.9,-2.4,,,,0
2022-08-13 15:00:00,,21.2,21.3,562.0,100,876.1,-4.1,,,,0
2022-08-13 16:00:00,,20.1,19.8,336.0,100,875.4,-3.6,,,,0
2022-08-13 17:00:00,,19.1,16.9,173.0,2,875.1,-3.0,,,,0
2022-08-13 18:00:00,,16.4,12.2,53.0,0,874.5,-2.6,,,,0
2022-08-13 19:00:00,,14.7,15.9,0.0,0,874.7,-2.1,,,,0
2022-08-13 20:00:00,,13.9,18.3,0.0,0,875.4,-1.6,,,,0
2022-08-13 21:00:00,,12.5,16.7,0.0,0,875.3,-1.1,,,,0
2022-08-13 22:00:00,,11.4,18.5,0.0,0,875.8,-0.8,,,,0
2022-08-13 23:00:00,,10.1,16.3,0.0,0,875.9,-1.0,,,,0
2022-08-14 00:00:00,,8.7,14.2,0.0,0,875.7,-1.6,,,,0
2022-08-14 01:00:00,,7.7,15.6,0.0,0,876.1,-2.6,,,,0
2022-08-14 02:00:00,,6.4,12.0,0.0,0,877.1,-2.5,,,,0
2022-08-14 03:00:00,,5.0,10.2,0.0,0,876.8,-2.2,,,,0
2022-08-14 04:00:00,,4.1,8.5,0.0,0,876.4,-2.3,,,,0
2022-08-14 05:00:00,,3.0,7.6,0.0,0,876.3,-2.3,,,,0
2022-08-14 06:00:00,,2.7,8.6,0.0,0,876.8,-2.5,,,,0
2022-08-14 07:00:00,,2.1,8.0,0.0,0,877.8,-2.6,,,,0
2022-08-14 08:00:00,,3.9,10.0,80.0,9,879.4,-2.4,,,,0
2022-08-14 09:00:00,,6.2,12.0,275.0,3,880.3,-2.8,,,,0
2022-08-14 10:00:00,,7.9,16.6,473.0,4,880.7,-1.2,,,,0
2022-08-14 11:00:00,,10.0,18.5,620.0,48,880.8,-2.3,,,,0
2022-08-14 12:00:00,,11.4,19.8,634.0,100,880.2,-4.0,,,,0
2022-08-14 13:00:00,,12.1,20.8,701.0,8,879.6,-3.9,,,,0
2022-08-14 14:00:00,,12.2,21.0,686.0,34,880.0,-3.8,,,,0
2022-08-14 15:00:00,,12.0,20.0,609.0,0,879.5,-4.2,,,,0
2022-08-14 16:00:00,,11.8,18.4,453.0,1,879.3,-5.1,,,,0
2022-08-14 17:00:00,,11.2,17.1,253.0,1,879.2,-5.3,,,,0
2022-08-14 18:00:00,,9.5,13.1,58.0,0,878.9,-5.3,,,,0
2022-08-14 19:00:00,,8.2,13.5,0.0,1,879.3,-4.7,,,,0
2022-08-14 20:00:00,,7.1,12.0,0.0,0,880.1,-4.4,,,,0
2022-08-14 21:00:00,,5.9,9.5,0.0,0,880.0,-4.0,,,,0
2022-08-14 22:00:00,,5.3,9.8,0.0,0,880.5,-3.8,,,,0
2022-08-14 23:00:00,,4.8,11.2,0.0,14,881.0,-3.7,,,,0
2022-08-15 00:00:00,,4.2,10.2,0.0,24,881.2,-3.6,,,,0
2022-08-15 01:00:00,,3.6,9.2,0.0,0,881.0,-3.5,,,,0
2022-08-15 02:00:00,,2.4,6.8,0.0,27,880.9,-3.2,,,,0
2022-08-15 03:00:00,,1.6,7.8,0.0,39,880.7,-3.1,,,,0
2022-08-15 04:00:00,,1.3,9.1,0.0,69,880.8,-3.1,,,,0
2022-08-15 05:00:00,,1.2,9.9,0.0,0,881.2,-3.1,,,,0
2022-08-15 06:00:00,,0.9,9.8,0.0,32,881.5,-2.9,,,,0
2022-08-15 07:00:00,,0.4,8.9,0.0,0,882.0,-2.7,,,,0
2022-08-15 08:00:00,,2.8,12.1,83.0,85,883.8,-2.1,,,,0
2022-08-15 09:00:00,,5.8,10.0,286.0,88,885.4,-1.9,,,,0
2022-08-15 10:00:00,,8.3,8.7,485.0,51,885.9,-3.7,,,,0
2022-08-15 11:00:00,,10.0,4.7,642.0,54,886.2,-5.3,,,,0
2022-08-15 12:00:00,,11.5,2.6,738.0,1,885.7,-6.3,,,,0
2022-08-15 13:00:00,,12.7,2.2,773.0,12,884.8,-7.4,,,,0
2022-08-15 14:00:00,,13.2,3.1,733.0,0,884.3,-8.5,,,,0
2022-08-15 15:00:00,,14.1,3.1,629.0,0,883.8,-8.1,,,,0
2022-08-15 16:00:00,,14.1,3.6,465.0,0,883.3,-8.5,,,,0
2022-08-15 17:00:00,,13.5,3.4,261.0,0,883.1,-8.5,,,,0
2022-08-15 18:00:00,,11.5,6.2,61.0,0,882.4,-6.8,,,,0
2022-08-15 19:00:00,,8.8,7.6,0.0,0,881.5,-5.7,,,,0
2022-08-15 20:00:00,,7.1,6.6,0.0,0,881.2,-5.4,,,,0
2022-08-15 21:00:00,,4.1,9.0,0.0,0,879.9,-5.1,,,,0
2022-08-15 22:00:00,,3.8,8.2,0.0,0,880.1,-6.1,,,,0
2022-08-15 23:00:00,,4.4,10.4,0.0,0,880.4,-7.9,,,,0
2022-08-16 00:00:00,,4.3,10.1,0.0,0,880.2,-8.4,,,,0
2022-08-16 01:00:00,,4.1,10.6,0.0,0,879.9,-8.5,,,,0
2022-08-16 02:00:00,,4.3,11.8,0.0,0,880.0,-8.7,,,,0
2022-08-16 03:00:00,,3.4,11.3,0.0,0,879.3,-8.3,,,,0
2022-08-16 04:00:00,,2.9,11.5,0.0,0,879.2,-8.0,,,,0
2022-08-16 05:00:00,,2.5,11.7,0.0,0,879.1,-7.9,,,,0
2022-08-16 06:00:00,,2.2,12.7,0.0,0,879.2,-8.0,,,,0
2022-08-16 07:00:00,,2.1,12.9,0.0,0,879.5,-8.2,,,,0
2022-08-16 08:00:00,,4.5,15.5,87.0,0,881.0,-7.8,,,,0
2022-08-16 09:00:00,,8.1,13.2,295.0,0,883.1,-6.6,,,,0
2022-08-16 10:00:00,,11.6,14.6,495.0,0,883.7,-6.7,,,,0
2022-08-16 11:00:00,,15.0,15.1,651.0,97,884.3,-6.2,,,,0
2022-08-16 12:00:00,,17.7,15.6,746.0,83,883.9,-6.3,,,,0
2022-08-16 13:00:00,,19.4,15.5,774.0,94,883.3,-5.9,,,,0
2022-08-16 14:00:00,,21.5,17.5,729.0,78,882.5,-4.8,,,,0
2022-08-16 15:00:00,,22.4,16.9,622.0,73,881.9,-3.7,,,,0
2022-08-16 16:00:00,,23.1,24.1,458.0,64,881.3,-7.2,,,,0
2022-08-16 17:00:00,,21.3,18.0,256.0,57,880.7,-5.6,,,,2
2022-08-16 18:00:00,,17.7,15.5,60.0,67,879.7,-5.2,,,,2
2022-08-16 19:00:00,,15.9,16.2,0.0,29,879.8,-5.1,,,,2
2022-08-16 20:00:00,,14.4,14.1,0.0,73,879.6,-4.9,,,,2
2022-08-16 21:00:00,,12.8,13.0,0.0,91,879.2,-4.7,,,,2
2022-08-16 22:00:00,,11.6,12.7,0.0,70,878.8,-4.8,,,,2
2022-08-16 23:00:00,,10.9,14.3,0.0,4,878.4,-5.3,,,,2
2022-08-17 00:00:00,,10.3,14.9,0.0,1,878.0,-6.0,,,,2
2022-08-17 01:00:00,,10.1,16.1,0.0,71,877.5,-6.6,,,,0
2022-08-17 02:00:00,,10.0,17.5,0.0,83,877.3,-7.3,,,,0
2022-08-17 03:00:00,,9.7,18.4,0.0,90,876.6,-7.7,,,,0
2022-08-17 04:00:00,,9.4,18.1,0.0,75,876.3,-7.8,,,,0
2022-08-17 05:00:00,,8.7,16.4,0.0,22,876.2,-7.4,,,,0
2022-08-17 06:00:00,,8.1,14.8,0.0,2,876.0,-7.0,,,,0
2022-08-17 07:00:00,,7.6,13.0,0.0,0,876.2,-6.6,,,,0
2022-08-17 08:00:00,,9.5,13.7,88.0,0,877.5,-5.5,,,,0
2022-08-17 09:00:00,,13.0,10.5,294.0,0,879.2,-4.0,,,,0
2022-08-17 10:00:00,,16.3,12.6,492.0,0,880.5,-4.8,,,,0
2022-08-17 11:00:00,,18.5,12.2,646.0,0,880.8,-6.0,,,,0
2022-08-17 12:00:00,,19.9,12.0,742.0,0,880.2,-5.6,,,,0
2022-08-17 13:00:00,,21.0,10.1,771.0,10,879.4,-5.0,,,,0
2022-08-17 14:00:00,,23.0,13.2,731.0,36,878.9,-4.6,,,,0
2022-08-17 15:00:00,,25.0,18.0,621.0,47,878.1,-6.6,,,,0
2022-08-17 16:00:00,,23.8,22.8,456.0,73,877.4,-6.9,,,,0
2022-08-17 17:00:00,,22.4,16.9,257.0,75,877.0,-5.8,,,,2
2022-08-17 18:00:00,,17.9,10.5,61.0,74,875.7,-4.4,,,,2
2022-08-17 19:00:00,,14.8,9.4,0.0,5,875.3,-4.0,,,,2
2022-08-17 20:00:00,,13.9,10.6,0.0,38,875.8,-4.7,,,,2
2022-08-17 21:00:00,,12.6,10.7,0.0,12,875.7,-4.4,,,,2
2022-08-17 22:00:00,,11.3,10.8,0.0,85,875.6,-4.0,,,,2
2022-08-17 23:00:00,,10.8,11.9,0.0,99,876.0,-4.0,,,,2
2022-08-18 00:00:00,,9.5,9.7,0.0,82,875.9,-3.8,,,,2
2022-08-18 01:00:00,,8.4,9.4,0.0,48,875.7,-3.9,,,,0
2022-08-18 02:00:00,,8.1,10.7,0.0,23,875.9,-5.0,,,,0
2022-08-18 03:00:00,,6.8,10.2,0.0,92,875.2,-5.1,,,,0
2022-08-18 04:00:00,,6.1,9.9,0.0,11,875.1,-5.3,,,,0
2022-08-18 05:00:00,,5.2,8.9,0.0,5,875.2,-5.2,,,,0
2022-08-18 06:00:00,,4.3,7.9,0.0,47,875.6,-4.5,,,,0
2022-08-18 07:00:00,,3.8,7.7,0.0,0,876.2,-3.6,,,,0
2022-08-18 08:00:00,,6.4,10.2,89.0,9,878.1,-2.3,,,,0
2022-08-18 09:00:00,,9.3,10.4,291.0,26,879.5,0.1,,,,0
2022-08-18 10:00:00,,11.0,11.0,488.0,26,879.6,2.0,,,,0
2022-08-18 11:00:00,,12.4,10.9,645.0,10,879.8,2.2,,,,0
2022-08-18 12:00:00,,13.5,11.0,738.0,13,879.5,1.7,,,,0
2022-08-18 13:00:00,,14.7,11.8,756.0,27,879.0,0.8,,,,0
2022-08-18 14:00:00,,15.4,16.2,704.0,10,878.4,0.0,,,,0
2022-08-18 15:00:00,,15.3,18.1,614.0,13,878.0,-0.5,,,,0
2022-08-18 16:00:00,,15.1,20.1,451.0,48,877.8,-1.1,,,,0
2022-08-18 17:00:00,,11.9,24.5,187.0,45,877.6,0.1,,,,2
2022-08-18 18:00:00,,10.4,20.1,40.0,100,877.8,-0.2,,,,2
2022-08-18 19:00:00,,11.2,15.5,0.0,100,878.3,-2.7,,,,2
2022-08-18 20:00:00,,10.8,21.2,0.0,94,878.7,-3.4,,,,2
2022-08-18 21:00:00,,9.4,18.6,0.0,8,878.5,-3.8,,,,2
2022-08-18 22:00:00,,7.9,15.9,0.0,0,878.8,-3.9,,,,2
2022-08-18 23:00:00,,7.1,15.4,0.0,1,878.8,-3.7,,,,2
