datetime,probability,predicted_binary,risk_level
2021-10-02 19:00:00,0.0006820569556126733,0,Low
2021-10-02 20:00:00,0.0006820569556126733,0,Low
2021-10-02 21:00:00,0.0006820569556126733,0,Low
2021-10-02 22:00:00,0.0006820569556126733,0,Low
2021-10-02 23:00:00,0.0006820569556126733,0,Low
2021-10-03 00:00:00,0.0011237919806885107,0,Low
2021-10-03 01:00:00,0.0012975437988730712,0,Low
2021-10-03 02:00:00,0.0012975437988730712,0,Low
2021-10-03 03:00:00,0.0011237919806885107,0,Low
2021-10-03 04:00:00,0.0011237919806885107,0,Low
2021-10-03 05:00:00,0.0012652148486830442,0,Low
2021-10-03 06:00:00,0.0012652148486830442,0,Low
2021-10-03 07:00:00,0.001177620344400357,0,Low
2021-10-03 08:00:00,0.0011105515010730207,0,Low
2021-10-03 09:00:00,0.0010867665315464987,0,Low
2021-10-03 10:00:00,0.0007086640083983772,0,Low
2021-10-03 11:00:00,0.0007086640083983772,0,Low
2021-10-03 12:00:00,0.0007086640083983772,0,Low
2021-10-03 13:00:00,0.0007086640083983772,0,Low
2021-10-03 14:00:00,0.000751480170745196,0,Low
2021-10-03 15:00:00,0.000751480170745196,0,Low
2021-10-03 16:00:00,0.000751480170745196,0,Low
2021-10-03 17:00:00,0.000751480170745196,0,Low
2021-10-03 18:00:00,0.0006820569556126733,0,Low
2021-10-03 19:00:00,0.0006820569556126733,0,Low
2021-10-03 20:00:00,0.0006820569556126733,0,Low
2021-10-03 21:00:00,0.0006820569556126733,0,Low
2021-10-03 22:00:00,0.0006820569556126733,0,Low
2021-10-03 23:00:00,0.0007527180915573856,0,Low
2021-10-04 00:00:00,0.0012169003515396688,0,Low
2021-10-04 01:00:00,0.0012300847790993393,0,Low
2021-10-04 02:00:00,0.0008475798926412212,0,Low
2021-10-04 03:00:00,0.0008727558915563083,0,Low
2021-10-04 04:00:00,0.0008727558915563083,0,Low
2021-10-04 05:00:00,0.0008709410113432057,0,Low
2021-10-04 06:00:00,0.0008709410113432057,0,Low
2021-10-04 07:00:00,0.000776036835924599,0,Low
2021-10-04 08:00:00,0.0007990894628500377,0,Low
2021-10-04 09:00:00,0.000776036835924599,0,Low
2021-10-04 10:00:00,0.000776036835924599,0,Low
2021-10-04 11:00:00,0.0008458173211462412,0,Low
2021-10-04 12:00:00,0.0008458173211462412,0,Low
2021-10-04 13:00:00,0.0008567970329561422,0,Low
2021-10-04 14:00:00,0.0008759334222061765,0,Low
2021-10-04 15:00:00,0.0008292399398180678,0,Low
2021-10-04 16:00:00,0.0008709410113432057,0,Low
2021-10-04 17:00:00,0.0008709410113432057,0,Low
2021-10-04 18:00:00,0.0008458173211462412,0,Low
2021-10-04 19:00:00,0.0007534392578185205,0,Low
2021-10-04 20:00:00,0.000821870758346605,0,Low
2021-10-04 21:00:00,0.000821870758346605,0,Low
2021-10-04 22:00:00,0.000821870758346605,0,Low
2021-10-04 23:00:00,0.001075640213702928,0,Low
2021-10-05 00:00:00,0.0010726258489281387,0,Low
2021-10-05 01:00:00,0.0012169003515396688,0,Low
2021-10-05 02:00:00,0.0012169003515396688,0,Low
2021-10-05 03:00:00,0.0012169003515396688,0,Low
2021-10-05 04:00:00,0.00112712495075552,0,Low
2021-10-05 05:00:00,0.001214370698912495,0,Low
2021-10-05 06:00:00,0.001214370698912495,0,Low
2021-10-05 07:00:00,0.001094204803354282,0,Low
2021-10-05 08:00:00,0.0007608260580369307,0,Low
2021-10-05 09:00:00,0.0007990894628500377,0,Low
2021-10-05 10:00:00,0.0007990894628500377,0,Low
2021-10-05 11:00:00,0.000776036835924599,0,Low
2021-10-05 12:00:00,0.0008212627720198159,0,Low
2021-10-05 13:00:00,0.001051058027273026,0,Low
2021-10-05 14:00:00,0.001170607031116345,0,Low
2021-10-05 15:00:00,0.0008567970329561422,0,Low
2021-10-05 16:00:00,0.0008567970329561422,0,Low
2021-10-05 17:00:00,0.0009096404762382635,0,Low
2021-10-05 18:00:00,0.0009366581569674986,0,Low
2021-10-05 19:00:00,0.0009096404762382635,0,Low
2021-10-05 20:00:00,0.001096337896062378,0,Low
2021-10-05 21:00:00,0.0007859271843101448,0,Low
2021-10-05 22:00:00,0.0006820569556126733,0,Low
2021-10-05 23:00:00,0.0007527180915573856,0,Low
2021-10-06 00:00:00,0.0010008867707765776,0,Low
2021-10-06 01:00:00,0.0010539359601310244,0,Low
2021-10-06 02:00:00,0.0012169003515396688,0,Low
2021-10-06 03:00:00,0.0010539359601310244,0,Low
2021-10-06 04:00:00,0.0010539359601310244,0,Low
2021-10-06 05:00:00,0.0010539359601310244,0,Low
2021-10-06 06:00:00,0.0010539359601310244,0,Low
2021-10-06 07:00:00,0.0009809545408365225,0,Low
2021-10-06 08:00:00,0.0009102559997111485,0,Low
2021-10-06 09:00:00,0.0007086640083983772,0,Low
2021-10-06 10:00:00,0.0007086640083983772,0,Low
2021-10-06 11:00:00,0.0009268337542517371,0,Low
2021-10-06 12:00:00,0.0009268337542517371,0,Low
2021-10-06 13:00:00,0.0009268337542517371,0,Low
2021-10-06 14:00:00,0.0009268337542517371,0,Low
2021-10-06 15:00:00,0.0009268337542517371,0,Low
2021-10-06 16:00:00,0.0009268337542517371,0,Low
2021-10-06 17:00:00,0.0009828183630584942,0,Low
2021-10-06 18:00:00,0.0008920427496561942,0,Low
2021-10-06 19:00:00,0.0006820569556126733,0,Low
2021-10-06 20:00:00,0.0006820569556126733,0,Low
2021-10-06 21:00:00,0.0006820569556126733,0,Low
2021-10-06 22:00:00,0.0006820569556126733,0,Low
2021-10-06 23:00:00,0.0007875650510501779,0,Low
2021-10-07 00:00:00,0.0011556579437811635,0,Low
2021-10-07 01:00:00,0.0012975437988730712,0,Low
2021-10-07 02:00:00,0.0012975437988730712,0,Low
2021-10-07 03:00:00,0.0012975437988730712,0,Low
2021-10-07 04:00:00,0.0011237919806885107,0,Low
2021-10-07 05:00:00,0.0011237919806885107,0,Low
2021-10-07 06:00:00,0.0011237919806885107,0,Low
2021-10-07 07:00:00,0.0010459783386640165,0,Low
2021-10-07 08:00:00,0.0006431936884662135,0,Low
2021-10-07 09:00:00,0.0007086640083983772,0,Low
2021-10-07 10:00:00,0.0009780333121704985,0,Low
2021-10-07 11:00:00,0.0009780333121704985,0,Low
2021-10-07 12:00:00,0.0009780333121704985,0,Low
2021-10-07 13:00:00,0.0009780333121704985,0,Low
2021-10-07 14:00:00,0.0010371073765553375,0,Low
2021-10-07 15:00:00,0.0011003762030866425,0,Low
2021-10-07 16:00:00,0.0010371073765553375,0,Low
2021-10-07 17:00:00,0.0006820569556126733,0,Low
2021-10-07 18:00:00,0.0006820569556126733,0,Low
2021-10-07 19:00:00,0.0006820569556126733,0,Low
2021-10-07 20:00:00,0.0006820569556126733,0,Low
2021-10-07 21:00:00,0.9480604429081826,1,High
2021-10-07 22:00:00,0.957281851344947,1,High
2021-10-07 23:00:00,0.9980445542367204,1,High
2021-10-08 00:00:00,0.9990667489852088,1,High
2021-10-08 01:00:00,0.9986876800962554,1,High
2021-10-08 02:00:00,0.9987637211917743,1,High
2021-10-08 03:00:00,0.9990093280499264,1,High
2021-10-08 04:00:00,0.9990093280499264,1,High
2021-10-08 05:00:00,0.8711263128557993,1,High
2021-10-08 06:00:00,0.8984861424408762,1,High
2021-10-08 07:00:00,0.0009652402107346372,0,Low
2021-10-08 08:00:00,0.0009652402107346372,0,Low
2021-10-08 09:00:00,0.0007086640083983772,0,Low
2021-10-08 10:00:00,0.0007086640083983772,0,Low
2021-10-08 11:00:00,0.0009268337542517371,0,Low
2021-10-08 12:00:00,0.0009828183630584942,0,Low
2021-10-08 13:00:00,0.0009828183630584942,0,Low
2021-10-08 14:00:00,0.0009828183630584942,0,Low
2021-10-08 15:00:00,0.0009828183630584942,0,Low
2021-10-08 16:00:00,0.0009828183630584942,0,Low
2021-10-08 17:00:00,0.0008920427496561942,0,Low
2021-10-08 18:00:00,0.0006820569556126733,0,Low
2021-10-08 19:00:00,0.0007586734068465032,0,Low
2021-10-08 20:00:00,0.000768262563109032,0,Low
2021-10-08 21:00:00,0.6292398225027506,1,Medium
2021-10-08 22:00:00,0.8054858931514169,1,High
2021-10-08 23:00:00,0.995600807242593,1,High
2021-10-09 00:00:00,0.9963177664803585,1,High
2021-10-09 01:00:00,0.9963177664803585,1,High
2021-10-09 02:00:00,0.9959018858639469,1,High
2021-10-09 03:00:00,0.9959018858639469,1,High
2021-10-09 04:00:00,0.9959018858639469,1,High
2021-10-09 05:00:00,0.9959018858639469,1,High
2021-10-09 06:00:00,0.9836750683930093,1,High
2021-10-09 07:00:00,0.9945437430531319,1,High
2021-10-09 08:00:00,0.9945437430531319,1,High
2021-10-09 09:00:00,0.9944990416380455,1,High
2021-10-09 10:00:00,0.9948419204089634,1,High
2021-10-09 11:00:00,0.9948419204089634,1,High
2021-10-09 12:00:00,0.9953001653009226,1,High
2021-10-09 13:00:00,0.9944990416380455,1,High
2021-10-09 14:00:00,0.9978967188125804,1,High
2021-10-09 15:00:00,0.9987939475073891,1,High
2021-10-09 16:00:00,0.9952529485667313,1,High
2021-10-09 17:00:00,0.9955490460798718,1,High
2021-10-09 18:00:00,0.9989245392285725,1,High
2021-10-09 19:00:00,0.9989245392285725,1,High
2021-10-09 20:00:00,0.9987544073250204,1,High
2021-10-09 21:00:00,0.995927624831015,1,High
2021-10-09 22:00:00,0.9881902285454882,1,High
2021-10-09 23:00:00,0.9957372922704214,1,High
2021-10-10 00:00:00,0.9990652248920169,1,High
2021-10-10 01:00:00,0.9988045059704899,1,High
2021-10-10 02:00:00,0.9988045059704899,1,High
2021-10-10 03:00:00,0.9988045059704899,1,High
2021-10-10 04:00:00,0.9990652248920169,1,High
2021-10-10 05:00:00,0.9988323950241756,1,High
2021-10-10 06:00:00,0.9990652248920169,1,High
2021-10-10 07:00:00,0.9990652248920169,1,High
2021-10-10 08:00:00,0.9983026481067885,1,High
2021-10-10 09:00:00,0.9983026481067885,1,High
2021-10-10 10:00:00,0.9981780345123434,1,High
2021-10-10 11:00:00,0.9981780345123434,1,High
2021-10-10 12:00:00,0.9955299878532098,1,High
2021-10-10 13:00:00,0.9955299878532098,1,High
2021-10-10 14:00:00,0.9955299878532098,1,High
2021-10-10 15:00:00,0.9955299878532098,1,High
2021-10-10 16:00:00,0.9985053063361756,1,High
2021-10-10 17:00:00,0.999087796237297,1,High
2021-10-10 18:00:00,0.999087796237297,1,High
2021-10-10 19:00:00,0.999087796237297,1,High
2021-10-10 20:00:00,0.999066247633504,1,High
2021-10-10 21:00:00,0.999076444278929,1,High
2021-10-10 22:00:00,0.9962287149631707,1,High
2021-10-10 23:00:00,0.9980454407690244,1,High
2021-10-11 00:00:00,0.9984004236981361,1,High
2021-10-11 01:00:00,0.9989538944596515,1,High
2021-10-11 02:00:00,0.9990652248920169,1,High
2021-10-11 03:00:00,0.9990652248920169,1,High
2021-10-11 04:00:00,0.9987909483755623,1,High
2021-10-11 05:00:00,0.9987909483755623,1,High
2021-10-11 06:00:00,0.9990652248920169,1,High
2021-10-11 07:00:00,0.9990652248920169,1,High
2021-10-11 08:00:00,0.999087796237297,1,High
2021-10-11 09:00:00,0.9981929652479655,1,High
2021-10-11 10:00:00,0.9983026481067885,1,High
2021-10-11 11:00:00,0.9983026481067885,1,High
2021-10-11 12:00:00,0.9983026481067885,1,High
2021-10-11 13:00:00,0.9982625845343338,1,High
2021-10-11 14:00:00,0.9982155264274736,1,High
2021-10-11 15:00:00,0.9985960574730378,1,High
2021-10-11 16:00:00,0.999087796237297,1,High
2021-10-11 17:00:00,0.999087796237297,1,High
2021-10-11 18:00:00,0.999087796237297,1,High
2021-10-11 19:00:00,0.999087796237297,1,High
2021-10-11 20:00:00,0.9990606808574158,1,High
2021-10-11 21:00:00,0.999048991781754,1,High
2021-10-11 22:00:00,0.9984136027568867,1,High
2021-10-11 23:00:00,0.9971993505032773,1,High
2021-10-12 00:00:00,0.9982770589172942,1,High
2021-10-12 01:00:00,0.9982770589172942,1,High
2021-10-12 02:00:00,0.9990652248920169,1,High
2021-10-12 03:00:00,0.9990652248920169,1,High
2021-10-12 04:00:00,0.9990652248920169,1,High
2021-10-12 05:00:00,0.9989048437273773,1,High
2021-10-12 06:00:00,0.9985453951308797,1,High
2021-10-12 07:00:00,0.9990409359257671,1,High
2021-10-12 08:00:00,0.9990409359257671,1,High
2021-10-12 09:00:00,0.9980845289388574,1,High
2021-10-12 10:00:00,0.9982155264274736,1,High
2021-10-12 11:00:00,0.9982155264274736,1,High
2021-10-12 12:00:00,0.9982155264274736,1,High
2021-10-12 13:00:00,0.9982625845343338,1,High
2021-10-12 14:00:00,0.9982625845343338,1,High
2021-10-12 15:00:00,0.999066247633504,1,High
2021-10-12 16:00:00,0.999066247633504,1,High
2021-10-12 17:00:00,0.999087796237297,1,High
2021-10-12 18:00:00,0.999087796237297,1,High
2021-10-12 19:00:00,0.999087796237297,1,High
2021-10-12 20:00:00,0.999066247633504,1,High
2021-10-12 21:00:00,0.999076444278929,1,High
2021-10-12 22:00:00,0.9983772576232043,1,High
2021-10-12 23:00:00,0.9984136027568867,1,High
2021-10-13 00:00:00,0.998035044078967,1,High
2021-10-13 01:00:00,0.9987147774093859,1,High
2021-10-13 02:00:00,0.9986691612335604,1,High
2021-10-13 03:00:00,0.9986439349602971,1,High
2021-10-13 04:00:00,0.9986439349602971,1,High
2021-10-13 05:00:00,0.9933360006121189,1,High
2021-10-13 06:00:00,0.9990802205890706,1,High
2021-10-13 07:00:00,0.999087796237297,1,High
2021-10-13 08:00:00,0.999087796237297,1,High
2021-10-13 09:00:00,0.9983026481067885,1,High
2021-10-13 10:00:00,0.9981780345123434,1,High
2021-10-13 11:00:00,0.9981780345123434,1,High
2021-10-13 12:00:00,0.9981780345123434,1,High
2021-10-13 13:00:00,0.9981780345123434,1,High
2021-10-13 14:00:00,0.9981780345123434,1,High
2021-10-13 15:00:00,0.9986668493808206,1,High
2021-10-13 16:00:00,0.999087796237297,1,High
2021-10-13 17:00:00,0.999087796237297,1,High
2021-10-13 18:00:00,0.999087796237297,1,High
2021-10-13 19:00:00,0.999087796237297,1,High
2021-10-13 20:00:00,0.999087796237297,1,High
2021-10-13 21:00:00,0.999076444278929,1,High
2021-10-13 22:00:00,0.9954383066411546,1,High
2021-10-13 23:00:00,0.9957372922704214,1,High
2021-10-14 00:00:00,0.9990652248920169,1,High
2021-10-14 01:00:00,0.9990652248920169,1,High
2021-10-14 02:00:00,0.9977728867936015,1,High
2021-10-14 03:00:00,0.9977197484258572,1,High
2021-10-14 04:00:00,0.9976388993569129,1,High
2021-10-14 05:00:00,0.7715321153107406,1,High
2021-10-14 06:00:00,0.817513756690943,1,High
2021-10-14 07:00:00,0.001458431441314648,0,Low
2021-10-14 08:00:00,0.001458431441314648,0,Low
2021-10-14 09:00:00,0.0014176798784629801,0,Low
2021-10-14 10:00:00,0.001580033181588448,0,Low
2021-10-14 11:00:00,0.001580033181588448,0,Low
2021-10-14 12:00:00,0.001460028025371897,0,Low
2021-10-14 13:00:00,0.0016268517361484468,0,Low
2021-10-14 14:00:00,0.0016268517361484468,0,Low
2021-10-14 15:00:00,0.0016268517361484468,0,Low
2021-10-14 16:00:00,0.0017776299394278402,0,Low
2021-10-14 17:00:00,0.0020057867271449786,0,Low
2021-10-14 18:00:00,0.0016268517361484468,0,Low
2021-10-14 19:00:00,0.0010504027776604191,0,Low
2021-10-14 20:00:00,0.0008969574019804981,0,Low
2021-10-14 21:00:00,0.0011071400646626298,0,Low
2021-10-14 22:00:00,0.0017680280043679245,0,Low
2021-10-14 23:00:00,0.001714210079637109,0,Low
2021-10-15 00:00:00,0.00159238752808634,0,Low
2021-10-15 01:00:00,0.0008686798202492509,0,Low
2021-10-15 02:00:00,0.0011430233374853237,0,Low
2021-10-15 03:00:00,0.0011430233374853237,0,Low
2021-10-15 04:00:00,0.0015708994939070595,0,Low
2021-10-15 05:00:00,0.0015708994939070595,0,Low
2021-10-15 06:00:00,0.0009392816294647575,0,Low
2021-10-15 07:00:00,0.0007952583019262549,0,Low
2021-10-15 08:00:00,0.0006820569556126733,0,Low
2021-10-15 09:00:00,0.0009828183630584942,0,Low
2021-10-15 10:00:00,0.0009828183630584942,0,Low
2021-10-15 11:00:00,0.0009828183630584942,0,Low
2021-10-15 12:00:00,0.0010427787407272615,0,Low
2021-10-15 13:00:00,0.0010427787407272615,0,Low
2021-10-15 14:00:00,0.0010427787407272615,0,Low
2021-10-15 15:00:00,0.0010427787407272615,0,Low
2021-10-15 16:00:00,0.0010427787407272615,0,Low
2021-10-15 17:00:00,0.0010427787407272615,0,Low
2021-10-15 18:00:00,0.000946470280546706,0,Low
2021-10-15 19:00:00,0.000768262563109032,0,Low
2021-10-15 20:00:00,0.000768262563109032,0,Low
2021-10-15 21:00:00,0.0006820569556126733,0,Low
2021-10-15 22:00:00,0.0006820569556126733,0,Low
2021-10-15 23:00:00,0.0007527180915573856,0,Low
2021-10-16 00:00:00,0.0008087328370624982,0,Low
2021-10-16 01:00:00,0.0011237919806885107,0,Low
2021-10-16 02:00:00,0.0011237919806885107,0,Low
2021-10-16 03:00:00,0.0011237919806885107,0,Low
2021-10-16 04:00:00,0.0011237919806885107,0,Low
2021-10-16 05:00:00,0.0011237919806885107,0,Low
2021-10-16 06:00:00,0.0011237919806885107,0,Low
2021-10-16 07:00:00,0.0010459783386640165,0,Low
2021-10-16 08:00:00,0.0010459783386640165,0,Low
2021-10-16 09:00:00,0.001152400601245716,0,Low
2021-10-16 10:00:00,0.0008464527898337322,0,Low
2021-10-16 11:00:00,0.0008464527898337322,0,Low
2021-10-16 12:00:00,0.0008464527898337322,0,Low
2021-10-16 13:00:00,0.0008464527898337322,0,Low
2021-10-16 14:00:00,0.0008464527898337322,0,Low
2021-10-16 15:00:00,0.0008464527898337322,0,Low
2021-10-16 16:00:00,0.0008464527898337322,0,Low
2021-10-16 17:00:00,0.000768262563109032,0,Low
2021-10-16 18:00:00,0.000768262563109032,0,Low
2021-10-16 19:00:00,0.000768262563109032,0,Low
2021-10-16 20:00:00,0.000768262563109032,0,Low
2021-10-16 21:00:00,0.0006820569556126733,0,Low
2021-10-16 22:00:00,0.0006820569556126733,0,Low
2021-10-16 23:00:00,0.0006820569556126733,0,Low
2021-10-17 00:00:00,0.0012975437988730712,0,Low
2021-10-17 01:00:00,0.0012975437988730712,0,Low
2021-10-17 02:00:00,0.0012975437988730712,0,Low
2021-10-17 03:00:00,0.0012975437988730712,0,Low
2021-10-17 04:00:00,0.0012975437988730712,0,Low
2021-10-17 05:00:00,0.0012975437988730712,0,Low
2021-10-17 06:00:00,0.0011237919806885107,0,Low
2021-10-17 07:00:00,0.000986399479553554,0,Low
2021-10-17 08:00:00,0.000986399479553554,0,Low
2021-10-17 09:00:00,0.0010867665315464987,0,Low
2021-10-17 10:00:00,0.0007086640083983772,0,Low
2021-10-17 11:00:00,0.0007086640083983772,0,Low
2021-10-17 12:00:00,0.0007608126889516922,0,Low
2021-10-17 13:00:00,0.0007608126889516922,0,Low
2021-10-17 14:00:00,0.0007086640083983772,0,Low
2021-10-17 15:00:00,0.0007086640083983772,0,Low
2021-10-17 16:00:00,0.0007086640083983772,0,Low
2021-10-17 17:00:00,0.0007086640083983772,0,Low
2021-10-17 18:00:00,0.0006431936884662135,0,Low
2021-10-17 19:00:00,0.0006431936884662135,0,Low
2021-10-17 20:00:00,0.0006431936884662135,0,Low
2021-10-17 21:00:00,0.0006431936884662135,0,Low
2021-10-17 22:00:00,0.0006431936884662135,0,Low
2021-10-17 23:00:00,0.0010143735317095681,0,Low
2021-10-18 00:00:00,0.0012236533395520745,0,Low
2021-10-18 01:00:00,0.0012236533395520745,0,Low
2021-10-18 02:00:00,0.0012236533395520745,0,Low
2021-10-18 03:00:00,0.0012236533395520745,0,Low
2021-10-18 04:00:00,0.0011931632074801243,0,Low
2021-10-18 05:00:00,0.0011119839152152436,0,Low
2021-10-18 06:00:00,0.0011931632074801243,0,Low
2021-10-18 07:00:00,0.0011105515010730207,0,Low
2021-10-18 08:00:00,0.0007241798262885499,0,Low
2021-10-18 09:00:00,0.0007086640083983772,0,Low
2021-10-18 10:00:00,0.0007086640083983772,0,Low
2021-10-18 11:00:00,0.0007086640083983772,0,Low
2021-10-18 12:00:00,0.0007608126889516922,0,Low
2021-10-18 13:00:00,0.0007608126889516922,0,Low
2021-10-18 14:00:00,0.0007086640083983772,0,Low
2021-10-18 15:00:00,0.0007086640083983772,0,Low
2021-10-18 16:00:00,0.0007086640083983772,0,Low
2021-10-18 17:00:00,0.0007086640083983772,0,Low
2021-10-18 18:00:00,0.0006589484404437836,0,Low
2021-10-18 19:00:00,0.0006589484404437836,0,Low
2021-10-18 20:00:00,0.0006589484404437836,0,Low
2021-10-18 21:00:00,0.0005994102383803927,0,Low
2021-10-18 22:00:00,0.0006589484404437836,0,Low
2021-10-18 23:00:00,0.0010392107193798355,0,Low
2021-10-19 00:00:00,0.001089838557119697,0,Low
2021-10-19 01:00:00,0.0010597855636807153,0,Low
2021-10-19 02:00:00,0.0012236533395520745,0,Low
2021-10-19 03:00:00,0.0011404019575097573,0,Low
2021-10-19 04:00:00,0.0009876719179798931,0,Low
2021-10-19 05:00:00,0.0013088745503796152,0,Low
2021-10-19 06:00:00,0.0013088745503796152,0,Low
2021-10-19 07:00:00,0.0012994150053585406,0,Low
2021-10-19 08:00:00,0.0008473916213166783,0,Low
2021-10-19 09:00:00,0.0006907029250703354,0,Low
2021-10-19 10:00:00,0.0006907029250703354,0,Low
2021-10-19 11:00:00,0.0006604268110301264,0,Low
2021-10-19 12:00:00,0.0009950209743714929,0,Low
2021-10-19 13:00:00,0.0009950209743714929,0,Low
2021-10-19 14:00:00,0.0009268337542517371,0,Low
2021-10-19 15:00:00,0.0009268337542517371,0,Low
2021-10-19 16:00:00,0.0009268337542517371,0,Low
2021-10-19 17:00:00,0.0009495295460651365,0,Low
2021-10-19 18:00:00,0.0006589484404437836,0,Low
2021-10-19 19:00:00,0.0006431936884662135,0,Low
2021-10-19 20:00:00,0.0005994102383803927,0,Low
2021-10-19 21:00:00,0.0006431936884662135,0,Low
2021-10-19 22:00:00,0.0006431936884662135,0,Low
2021-10-19 23:00:00,0.0006431936884662135,0,Low
2021-10-20 00:00:00,0.0007626571495629845,0,Low
2021-10-20 01:00:00,0.0011475969699003114,0,Low
2021-10-20 02:00:00,0.0013116008052315629,0,Low
2021-10-20 03:00:00,0.0013116008052315629,0,Low
2021-10-20 04:00:00,0.0013088745503796152,0,Low
2021-10-20 05:00:00,0.0012018261808678066,0,Low
2021-10-20 06:00:00,0.0012018261808678066,0,Low
2021-10-20 07:00:00,0.001193139375357706,0,Low
2021-10-20 08:00:00,0.0007534392578185205,0,Low
2021-10-20 09:00:00,0.0007780569562516728,0,Low
2021-10-20 10:00:00,0.0007780569562516728,0,Low
2021-10-20 11:00:00,0.0009268337542517371,0,Low
2021-10-20 12:00:00,0.0009706880212229705,0,Low
2021-10-20 13:00:00,0.0010151730699872697,0,Low
2021-10-20 14:00:00,0.0009033481591667283,0,Low
2021-10-20 15:00:00,0.0009033481591667283,0,Low
2021-10-20 16:00:00,0.0011443887086588335,0,Low
2021-10-20 17:00:00,0.0011294138606870335,0,Low
2021-10-20 18:00:00,0.0010668187408253641,0,Low
2021-10-20 19:00:00,0.0009096404762382635,0,Low
2021-10-20 20:00:00,0.0008458173211462412,0,Low
2021-10-20 21:00:00,0.0008458173211462412,0,Low
2021-10-20 22:00:00,0.0008458173211462412,0,Low
2021-10-20 23:00:00,0.0007780569562516728,0,Low
2021-10-21 00:00:00,0.0007626571495629845,0,Low
2021-10-21 01:00:00,0.0010597855636807153,0,Low
2021-10-21 02:00:00,0.0010597855636807153,0,Low
2021-10-21 03:00:00,0.0010597855636807153,0,Low
2021-10-21 04:00:00,0.0010597855636807153,0,Low
2021-10-21 05:00:00,0.0010597855636807153,0,Low
2021-10-21 06:00:00,0.0013088745503796152,0,Low
2021-10-21 07:00:00,0.0010592326007818323,0,Low
2021-10-21 08:00:00,0.0006907029250703354,0,Low
2021-10-21 09:00:00,0.0007086640083983772,0,Low
2021-10-21 10:00:00,0.0007086640083983772,0,Low
2021-10-21 11:00:00,0.0007086640083983772,0,Low
2021-10-21 12:00:00,0.0007086640083983772,0,Low
2021-10-21 13:00:00,0.0009780333121704985,0,Low
2021-10-21 14:00:00,0.0009780333121704985,0,Low
2021-10-21 15:00:00,0.0007086640083983772,0,Low
2021-10-21 16:00:00,0.000751480170745196,0,Low
2021-10-21 17:00:00,0.0007762250648864873,0,Low
2021-10-21 18:00:00,0.0006820569556126733,0,Low
2021-10-21 19:00:00,0.0006820569556126733,0,Low
2021-10-21 20:00:00,0.0006820569556126733,0,Low
2021-10-21 21:00:00,0.0006820569556126733,0,Low
2021-10-21 22:00:00,0.0006820569556126733,0,Low
2021-10-21 23:00:00,0.0006820569556126733,0,Low
2021-10-22 00:00:00,0.0009188599974988744,0,Low
2021-10-22 01:00:00,0.0011237919806885107,0,Low
2021-10-22 02:00:00,0.0011237919806885107,0,Low
2021-10-22 03:00:00,0.0011237919806885107,0,Low
2021-10-22 04:00:00,0.0011237919806885107,0,Low
2021-10-22 05:00:00,0.0011237919806885107,0,Low
2021-10-22 06:00:00,0.0011237919806885107,0,Low
2021-10-22 07:00:00,0.0010459783386640165,0,Low
2021-10-22 08:00:00,0.0006820569556126733,0,Low
2021-10-22 09:00:00,0.000751480170745196,0,Low
2021-10-22 10:00:00,0.000751480170745196,0,Low
2021-10-22 11:00:00,0.0006820569556126733,0,Low
2021-10-22 12:00:00,0.0006820569556126733,0,Low
2021-10-22 13:00:00,0.000751480170745196,0,Low
2021-10-22 14:00:00,0.000751480170745196,0,Low
2021-10-22 15:00:00,0.0008464527898337322,0,Low
2021-10-22 16:00:00,0.000768262563109032,0,Low
2021-10-22 17:00:00,0.0006820569556126733,0,Low
2021-10-22 18:00:00,0.000768262563109032,0,Low
2021-10-22 19:00:00,0.000768262563109032,0,Low
2021-10-22 20:00:00,0.000768262563109032,0,Low
2021-10-22 21:00:00,0.000768262563109032,0,Low
2021-10-22 22:00:00,0.000768262563109032,0,Low
2021-10-22 23:00:00,0.0008478470272477356,0,Low
2021-10-23 00:00:00,0.0008478470272477356,0,Low
2021-10-23 01:00:00,0.0010539359601310244,0,Low
2021-10-23 02:00:00,0.0010539359601310244,0,Low
2021-10-23 03:00:00,0.0010539359601310244,0,Low
2021-10-23 04:00:00,0.0010539359601310244,0,Low
2021-10-23 05:00:00,0.0010539359601310244,0,Low
2021-10-23 06:00:00,0.0010539359601310244,0,Low
2021-10-23 07:00:00,0.0009809545408365225,0,Low
2021-10-23 08:00:00,0.0009809545408365225,0,Low
2021-10-23 09:00:00,0.0010807681646861917,0,Low
2021-10-23 10:00:00,0.0008464527898337322,0,Low
2021-10-23 11:00:00,0.0008464527898337322,0,Low
2021-10-23 12:00:00,0.0009427184332869869,0,Low
2021-10-23 13:00:00,0.0011003762030866425,0,Low
2021-10-23 14:00:00,0.0008464527898337322,0,Low
2021-10-23 15:00:00,0.0008464527898337322,0,Low
2021-10-23 16:00:00,0.0008464527898337322,0,Low
2021-10-23 17:00:00,0.0008464527898337322,0,Low
2021-10-23 18:00:00,0.000768262563109032,0,Low
2021-10-23 19:00:00,0.000768262563109032,0,Low
2021-10-23 20:00:00,0.0007244909042847368,0,Low
2021-10-23 21:00:00,0.9284620457256052,1,High
2021-10-23 22:00:00,0.941086163560799,1,High
2021-10-23 23:00:00,0.9948782164470449,1,High
2021-10-24 00:00:00,0.998548054991746,1,High
2021-10-24 01:00:00,0.9987340040079558,1,High
2021-10-24 02:00:00,0.9990667489852088,1,High
2021-10-24 03:00:00,0.9990667489852088,1,High
2021-10-24 04:00:00,0.9989224253215256,1,High
2021-10-24 05:00:00,0.9989224253215256,1,High
2021-10-24 06:00:00,0.9989224253215256,1,High
2021-10-24 07:00:00,0.9989224253215256,1,High
2021-10-24 08:00:00,0.9981802196134046,1,High
2021-10-24 09:00:00,0.9975918300952102,1,High
2021-10-24 10:00:00,0.9975918300952102,1,High
2021-10-24 11:00:00,0.9975918300952102,1,High
2021-10-24 12:00:00,0.9975918300952102,1,High
2021-10-24 13:00:00,0.9980466353376375,1,High
2021-10-24 14:00:00,0.9980466353376375,1,High
2021-10-24 15:00:00,0.9980466353376375,1,High
2021-10-24 16:00:00,0.9981440988990588,1,High
2021-10-24 17:00:00,0.9989872632513127,1,High
2021-10-24 18:00:00,0.9988842193510904,1,High
2021-10-24 19:00:00,0.9988842193510904,1,High
2021-10-24 20:00:00,0.9988842193510904,1,High
2021-10-24 21:00:00,0.9988842193510904,1,High
2021-10-24 22:00:00,0.996229474887475,1,High
2021-10-24 23:00:00,0.9978204122076201,1,High
2021-10-25 00:00:00,0.9990652248920169,1,High
2021-10-25 01:00:00,0.9990652248920169,1,High
2021-10-25 02:00:00,0.9990652248920169,1,High
2021-10-25 03:00:00,0.9990652248920169,1,High
2021-10-25 04:00:00,0.9990652248920169,1,High
2021-10-25 05:00:00,0.8334369298737194,1,High
2021-10-25 06:00:00,0.6780409006593854,1,Medium
2021-10-25 07:00:00,0.0012190687943489922,0,Low
2021-10-25 08:00:00,0.0011841457669014494,0,Low
2021-10-25 09:00:00,0.0011841457669014494,0,Low
2021-10-25 10:00:00,0.0011841457669014494,0,Low
2021-10-25 11:00:00,0.0011841457669014494,0,Low
2021-10-25 12:00:00,0.0011841457669014494,0,Low
2021-10-25 13:00:00,0.0013001764592737721,0,Low
2021-10-25 14:00:00,0.0013001764592737721,0,Low
2021-10-25 15:00:00,0.0013690891683230092,0,Low
2021-10-25 16:00:00,0.0009203179529416934,0,Low
2021-10-25 17:00:00,0.0016981425072313439,0,Low
2021-10-25 18:00:00,0.25939779139074115,0,Low
2021-10-25 19:00:00,0.8065291864393418,1,High
2021-10-25 20:00:00,0.999087796237297,1,High
2021-10-25 21:00:00,0.999076444278929,1,High
2021-10-25 22:00:00,0.9963696269022717,1,High
2021-10-25 23:00:00,0.9961765656035176,1,High
2021-10-26 00:00:00,0.9990652248920169,1,High
2021-10-26 01:00:00,0.9990652248920169,1,High
2021-10-26 02:00:00,0.9990652248920169,1,High
2021-10-26 03:00:00,0.9990652248920169,1,High
2021-10-26 04:00:00,0.9990652248920169,1,High
2021-10-26 05:00:00,0.9988731670553764,1,High
2021-10-26 06:00:00,0.9864481241767801,1,High
2021-10-26 07:00:00,0.0005994102383803927,0,Low
2021-10-26 08:00:00,0.0005994102383803927,0,Low
2021-10-26 09:00:00,0.6225438311098185,1,Medium
2021-10-26 10:00:00,0.9176541497085526,1,High
2021-10-26 11:00:00,0.9975918300952102,1,High
2021-10-26 12:00:00,0.997347180750939,1,High
2021-10-26 13:00:00,0.9987939475073891,1,High
2021-10-26 14:00:00,0.9987939475073891,1,High
2021-10-26 15:00:00,0.9987939475073891,1,High
2021-10-26 16:00:00,0.9987939475073891,1,High
2021-10-26 17:00:00,0.9986712602863185,1,High
2021-10-26 18:00:00,0.9988842193510904,1,High
2021-10-26 19:00:00,0.999087796237297,1,High
2021-10-26 20:00:00,0.999087796237297,1,High
2021-10-26 21:00:00,0.999076444278929,1,High
2021-10-26 22:00:00,0.9965818763757068,1,High
2021-10-26 23:00:00,0.9967890340616772,1,High
2021-10-27 00:00:00,0.9990652248920169,1,High
2021-10-27 01:00:00,0.9990652248920169,1,High
2021-10-27 02:00:00,0.9990652248920169,1,High
2021-10-27 03:00:00,0.9990652248920169,1,High
2021-10-27 04:00:00,0.9990652248920169,1,High
2021-10-27 05:00:00,0.9990652248920169,1,High
2021-10-27 06:00:00,0.9986130270344468,1,High
2021-10-27 07:00:00,0.9986130270344468,1,High
2021-10-27 08:00:00,0.9989872632513127,1,High
2021-10-27 09:00:00,0.9987939475073891,1,High
2021-10-27 10:00:00,0.999066247633504,1,High
2021-10-27 11:00:00,0.999066247633504,1,High
2021-10-27 12:00:00,0.999087796237297,1,High
2021-10-27 13:00:00,0.999087796237297,1,High
2021-10-27 14:00:00,0.999087796237297,1,High
2021-10-27 15:00:00,0.999087796237297,1,High
2021-10-27 16:00:00,0.999087796237297,1,High
2021-10-27 17:00:00,0.999087796237297,1,High
2021-10-27 18:00:00,0.999087796237297,1,High
2021-10-27 19:00:00,0.999087796237297,1,High
2021-10-27 20:00:00,0.999087796237297,1,High
2021-10-27 21:00:00,0.999076444278929,1,High
2021-10-27 22:00:00,0.9962328729554977,1,High
2021-10-27 23:00:00,0.9963696269022717,1,High
2021-10-28 00:00:00,0.999087796237297,1,High
2021-10-28 01:00:00,0.999087796237297,1,High
2021-10-28 02:00:00,0.999087796237297,1,High
2021-10-28 03:00:00,0.999087796237297,1,High
2021-10-28 04:00:00,0.999087796237297,1,High
2021-10-28 05:00:00,0.999087796237297,1,High
2021-10-28 06:00:00,0.999087796237297,1,High
2021-10-28 07:00:00,0.999087796237297,1,High
2021-10-28 08:00:00,0.999087796237297,1,High
2021-10-28 09:00:00,0.999087796237297,1,High
2021-10-28 10:00:00,0.999028800282354,1,High
2021-10-28 11:00:00,0.999087796237297,1,High
2021-10-28 12:00:00,0.999087796237297,1,High
2021-10-28 13:00:00,0.999087796237297,1,High
2021-10-28 14:00:00,0.999087796237297,1,High
2021-10-28 15:00:00,0.999087796237297,1,High
2021-10-28 16:00:00,0.9990674598666126,1,High
2021-10-28 17:00:00,0.9990674598666126,1,High
2021-10-28 18:00:00,0.999087796237297,1,High
2021-10-28 19:00:00,0.999087796237297,1,High
2021-10-28 20:00:00,0.999087796237297,1,High
2021-10-28 21:00:00,0.999076444278929,1,High
2021-10-28 22:00:00,0.9984593685727453,1,High
2021-10-28 23:00:00,0.9984593685727453,1,High
2021-10-29 00:00:00,0.9990802205890706,1,High
2021-10-29 01:00:00,0.9990652248920169,1,High
2021-10-29 02:00:00,0.9990652248920169,1,High
2021-10-29 03:00:00,0.999087796237297,1,High
2021-10-29 04:00:00,0.9988952317667561,1,High
2021-10-29 05:00:00,0.9982158769012515,1,High
2021-10-29 06:00:00,0.9983293700108405,1,High
2021-10-29 07:00:00,0.9986204296907809,1,High
2021-10-29 08:00:00,0.9986204296907809,1,High
2021-10-29 09:00:00,0.999087796237297,1,High
2021-10-29 10:00:00,0.999087796237297,1,High
2021-10-29 11:00:00,0.999087796237297,1,High
2021-10-29 12:00:00,0.9983026481067885,1,High
2021-10-29 13:00:00,0.9983026481067885,1,High
2021-10-29 14:00:00,0.9983026481067885,1,High
2021-10-29 15:00:00,0.999087796237297,1,High
2021-10-29 16:00:00,0.999087796237297,1,High
2021-10-29 17:00:00,0.9990674598666126,1,High
2021-10-29 18:00:00,0.999028800282354,1,High
2021-10-29 19:00:00,0.999087796237297,1,High
2021-10-29 20:00:00,0.8798372667263735,1,High
2021-10-29 21:00:00,0.8513541993147403,1,High
2021-10-29 22:00:00,0.0009105839698491661,0,Low
2021-10-29 23:00:00,0.0015884618800626829,0,Low
2021-10-30 00:00:00,0.0015401014290980929,0,Low
2021-10-30 01:00:00,0.0015401014290980929,0,Low
2021-10-30 02:00:00,0.0011616544777801469,0,Low
2021-10-30 03:00:00,0.0009128358748070487,0,Low
2021-10-30 04:00:00,0.0008828431472261831,0,Low
2021-10-30 05:00:00,0.0014741954217133866,0,Low
2021-10-30 06:00:00,0.0015242474422499117,0,Low
2021-10-30 07:00:00,0.0019133003218562428,0,Low
2021-10-30 08:00:00,0.0017567256106570726,0,Low
2021-10-30 09:00:00,0.0017567256106570726,0,Low
2021-10-30 10:00:00,0.001785342143080307,0,Low
2021-10-30 11:00:00,0.0019133003218562428,0,Low
2021-10-30 12:00:00,0.0020539127522974437,0,Low
2021-10-30 13:00:00,0.0020539127522974437,0,Low
2021-10-30 14:00:00,0.001977647891031839,0,Low
2021-10-30 15:00:00,0.0019133003218562428,0,Low
2021-10-30 16:00:00,0.001977647891031839,0,Low
2021-10-30 17:00:00,0.001977647891031839,0,Low
2021-10-30 18:00:00,0.0019133003218562428,0,Low
2021-10-30 19:00:00,0.0017680280043679245,0,Low
2021-10-30 20:00:00,0.0017680280043679245,0,Low
2021-10-30 21:00:00,0.000771354502111846,0,Low
2021-10-30 22:00:00,0.000771354502111846,0,Low
2021-10-30 23:00:00,0.0008512589879330852,0,Low
2021-10-31 00:00:00,0.001091572711020491,0,Low
2021-10-31 01:00:00,0.001040920995346312,0,Low
2021-10-31 02:00:00,0.001040920995346312,0,Low
2021-10-31 03:00:00,0.001040920995346312,0,Low
2021-10-31 04:00:00,0.001040920995346312,0,Low
2021-10-31 05:00:00,0.0011719272539016574,0,Low
2021-10-31 06:00:00,0.0011719272539016574,0,Low
2021-10-31 07:00:00,0.0012289459545684637,0,Low
2021-10-31 08:00:00,0.001253667588718777,0,Low
2021-10-31 09:00:00,0.0012026283532018463,0,Low
2021-10-31 10:00:00,0.0012026283532018463,0,Low
2021-10-31 11:00:00,0.0011114489662811728,0,Low
2021-10-31 12:00:00,0.0011932021183760249,0,Low
2021-10-31 13:00:00,0.0011932021183760249,0,Low
2021-10-31 14:00:00,0.0011792476543242445,0,Low
2021-10-31 15:00:00,0.0011792476543242445,0,Low
2021-10-31 16:00:00,0.0011792476543242445,0,Low
2021-10-31 17:00:00,0.0011792476543242445,0,Low
2021-10-31 18:00:00,0.001070348768178098,0,Low
2021-10-31 19:00:00,0.0008688366699528055,0,Low
2021-10-31 20:00:00,0.0008688366699528055,0,Low
2021-10-31 21:00:00,0.0008688366699528055,0,Low
2021-10-31 22:00:00,0.0008688366699528055,0,Low
2021-10-31 23:00:00,0.0011093414791405712,0,Low
2021-11-01 00:00:00,0.0011093414791405712,0,Low
2021-11-01 01:00:00,0.0012214374689807342,0,Low
2021-11-01 02:00:00,0.0012214374689807342,0,Low
2021-11-01 03:00:00,0.0012214374689807342,0,Low
2021-11-01 04:00:00,0.001191002484571016,0,Low
2021-11-01 05:00:00,0.001191002484571016,0,Low
2021-11-01 06:00:00,0.001191002484571016,0,Low
2021-11-01 07:00:00,0.001331712513157215,0,Low
2021-11-01 08:00:00,0.0013031970605432998,0,Low
2021-11-01 09:00:00,0.001156697514934808,0,Low
2021-11-01 10:00:00,0.001156697514934808,0,Low
2021-11-01 11:00:00,0.001156697514934808,0,Low
2021-11-01 12:00:00,0.0011236608090312513,0,Low
2021-11-01 13:00:00,0.0011236608090312513,0,Low
2021-11-01 14:00:00,0.0010466673397329764,0,Low
2021-11-01 15:00:00,0.0010466673397329764,0,Low
2021-11-01 16:00:00,0.0010466673397329764,0,Low
2021-11-01 17:00:00,0.0008496098975168591,0,Low
2021-11-01 18:00:00,0.000771128261217525,0,Low
2021-11-01 19:00:00,0.000771128261217525,0,Low
2021-11-01 20:00:00,0.000771128261217525,0,Low
2021-11-01 21:00:00,0.000771128261217525,0,Low
2021-11-01 22:00:00,0.000771128261217525,0,Low
2021-11-01 23:00:00,0.0010531975199201235,0,Low
2021-11-02 00:00:00,0.0012122166814693836,0,Low
2021-11-02 01:00:00,0.0013023811970098137,0,Low
2021-11-02 02:00:00,0.0013023811970098137,0,Low
2021-11-02 03:00:00,0.0011279823429303877,0,Low
2021-11-02 04:00:00,0.0012699318738941035,0,Low
2021-11-02 05:00:00,0.0012699318738941035,0,Low
2021-11-02 06:00:00,0.0011820111827373718,0,Low
2021-11-02 07:00:00,0.00098461282006734,0,Low
2021-11-02 08:00:00,0.001084798275223235,0,Low
2021-11-02 09:00:00,0.0008496098975168591,0,Low
2021-11-02 10:00:00,0.0008496098975168591,0,Low
2021-11-02 11:00:00,0.0008496098975168591,0,Low
2021-11-02 12:00:00,0.0009121209403278045,0,Low
2021-11-02 13:00:00,0.0009121209403278045,0,Low
2021-11-02 14:00:00,0.0010466673397329764,0,Low
2021-11-02 15:00:00,0.0008496098975168591,0,Low
2021-11-02 16:00:00,0.03726697948197662,0,Low
2021-11-02 17:00:00,0.06791430161341802,0,Low
2021-11-02 18:00:00,0.9987461200350486,1,High
2021-11-02 19:00:00,0.998865467786878,1,High
2021-11-02 20:00:00,0.9987461200350486,1,High
2021-11-02 21:00:00,0.9989224253215256,1,High
2021-11-02 22:00:00,0.998202626658808,1,High
2021-11-02 23:00:00,0.9984432054421734,1,High
2021-11-03 00:00:00,0.99892552060509,1,High
2021-11-03 01:00:00,0.9990093280499264,1,High
2021-11-03 02:00:00,0.9990093280499264,1,High
2021-11-03 03:00:00,0.9981360306479518,1,High
2021-11-03 04:00:00,0.9979717887827696,1,High
2021-11-03 05:00:00,0.8727915026872924,1,High
2021-11-03 06:00:00,0.9486710363641336,1,High
2021-11-03 07:00:00,0.0011370822726530002,0,Low
2021-11-03 08:00:00,0.0008856804065494106,0,Low
2021-11-03 09:00:00,0.0008856804065494106,0,Low
2021-11-03 10:00:00,0.0007542833160644231,0,Low
2021-11-03 11:00:00,0.0011114489662811728,0,Low
2021-11-03 12:00:00,0.0012409238126778754,0,Low
2021-11-03 13:00:00,0.0013166100912690706,0,Low
2021-11-03 14:00:00,0.0011792476543242445,0,Low
2021-11-03 15:00:00,0.0011792476543242445,0,Low
2021-11-03 16:00:00,0.0011792476543242445,0,Low
2021-11-03 17:00:00,0.0018001756113529897,0,Low
2021-11-03 18:00:00,0.0018001756113529897,0,Low
2021-11-03 19:00:00,0.0013496540738955189,0,Low
2021-11-03 20:00:00,0.001948084223845265,0,Low
2021-11-03 21:00:00,0.001948084223845265,0,Low
2021-11-03 22:00:00,0.0013701485736014203,0,Low
2021-11-03 23:00:00,0.0013945800671457253,0,Low
2021-11-04 00:00:00,0.0012275069816422822,0,Low
2021-11-04 01:00:00,0.0012275069816422822,0,Low
2021-11-04 02:00:00,0.0012796007070165639,0,Low
2021-11-04 03:00:00,0.0012275069816422822,0,Low
2021-11-04 04:00:00,0.0012248287075646875,0,Low
2021-11-04 05:00:00,0.0012248287075646875,0,Low
2021-11-04 06:00:00,0.0011697942869337344,0,Low
2021-11-04 07:00:00,0.0011379041434718168,0,Low
2021-11-04 08:00:00,0.0009978890361948415,0,Low
2021-11-04 09:00:00,0.0009978890361948415,0,Low
2021-11-04 10:00:00,0.0013397610873846517,0,Low
2021-11-04 11:00:00,0.0013397610873846517,0,Low
2021-11-04 12:00:00,0.0013397610873846517,0,Low
2021-11-04 13:00:00,0.0013397610873846517,0,Low
2021-11-04 14:00:00,0.0011792476543242445,0,Low
2021-11-04 15:00:00,0.0011792476543242445,0,Low
2021-11-04 16:00:00,0.0011792476543242445,0,Low
2021-11-04 17:00:00,0.0011792476543242445,0,Low
2021-11-04 18:00:00,0.0008688366699528055,0,Low
2021-11-04 19:00:00,0.000987140232918176,0,Low
2021-11-04 20:00:00,0.0008688366699528055,0,Low
2021-11-04 21:00:00,0.0008688366699528055,0,Low
2021-11-04 22:00:00,0.0008688366699528055,0,Low
2021-11-04 23:00:00,0.001003208906811033,0,Low
2021-11-05 00:00:00,0.0011071045415284983,0,Low
2021-11-05 01:00:00,0.001040920995346312,0,Low
2021-11-05 02:00:00,0.001040920995346312,0,Low
2021-11-05 03:00:00,0.001040920995346312,0,Low
2021-11-05 04:00:00,0.0009758372280438123,0,Low
2021-11-05 05:00:00,0.0009758372280438123,0,Low
2021-11-05 06:00:00,0.0009758372280438123,0,Low
2021-11-05 07:00:00,0.0010233251805913386,0,Low
2021-11-05 08:00:00,0.0009572530602994603,0,Low
2021-11-05 09:00:00,0.0009572530602994603,0,Low
2021-11-05 10:00:00,0.0011792476543242445,0,Low
2021-11-05 11:00:00,0.8032275803361748,1,High
2021-11-05 12:00:00,0.2514288126703834,0,Low
2021-11-05 13:00:00,0.9972742386399961,1,High
2021-11-05 14:00:00,0.9984546396732592,1,High
2021-11-05 15:00:00,0.9983513840437429,1,High
2021-11-05 16:00:00,0.9982642871589283,1,High
2021-11-05 17:00:00,0.9982642953366201,1,High
2021-11-05 18:00:00,0.9981873186992145,1,High
2021-11-05 19:00:00,0.9981873186992145,1,High
2021-11-05 20:00:00,0.9981873186992145,1,High
2021-11-05 21:00:00,0.9981837583589677,1,High
2021-11-05 22:00:00,0.9942304864399941,1,High
2021-11-05 23:00:00,0.9977425092986096,1,High
2021-11-06 00:00:00,0.9990000527837104,1,High
2021-11-06 01:00:00,0.9985994072887007,1,High
2021-11-06 02:00:00,0.9983301324796034,1,High
2021-11-06 03:00:00,0.9983301324796034,1,High
2021-11-06 04:00:00,0.9980721137394671,1,High
2021-11-06 05:00:00,0.9980721137394671,1,High
2021-11-06 06:00:00,0.9981384101939976,1,High
2021-11-06 07:00:00,0.9986130270344468,1,High
2021-11-06 08:00:00,0.9986712602863185,1,High
2021-11-06 09:00:00,0.9972742386399961,1,High
2021-11-06 10:00:00,0.9972742386399961,1,High
2021-11-06 11:00:00,0.9975114583654457,1,High
2021-11-06 12:00:00,0.9977460984273304,1,High
2021-11-06 13:00:00,0.9978916678307204,1,High
2021-11-06 14:00:00,0.9985888566206725,1,High
2021-11-06 15:00:00,0.9985674297451657,1,High
2021-11-06 16:00:00,0.9983909479597483,1,High
2021-11-06 17:00:00,0.9983909479597483,1,High
2021-11-06 18:00:00,0.9984280562233576,1,High
2021-11-06 19:00:00,0.9984280562233576,1,High
2021-11-06 20:00:00,0.9977312877956811,1,High
2021-11-06 21:00:00,0.9977030935203186,1,High
2021-11-06 22:00:00,0.9964953699401977,1,High
2021-11-06 23:00:00,0.9971037372914691,1,High
2021-11-07 00:00:00,0.9977312877956811,1,High
2021-11-07 01:00:00,0.9977124724419119,1,High
2021-11-07 02:00:00,0.9979632180133018,1,High
2021-11-07 03:00:00,0.9979799751122723,1,High
2021-11-07 04:00:00,0.9979799751122723,1,High
2021-11-07 05:00:00,0.9979799751122723,1,High
2021-11-07 06:00:00,0.997849486045319,1,High
2021-11-07 07:00:00,0.9979799751122723,1,High
2021-11-07 08:00:00,0.9979799751122723,1,High
2021-11-07 09:00:00,0.9978916678307204,1,High
2021-11-07 10:00:00,0.9978916678307204,1,High
2021-11-07 11:00:00,0.9978916678307204,1,High
2021-11-07 12:00:00,0.9978916678307204,1,High
2021-11-07 13:00:00,0.9977460984273304,1,High
2021-11-07 14:00:00,0.997692928651375,1,High
2021-11-07 15:00:00,0.9981300696860949,1,High
2021-11-07 16:00:00,0.9981300696860949,1,High
2021-11-07 17:00:00,0.9983909479597483,1,High
2021-11-07 18:00:00,0.9984280562233576,1,High
2021-11-07 19:00:00,0.9984280562233576,1,High
2021-11-07 20:00:00,0.9984280562233576,1,High
2021-11-07 21:00:00,0.9984085071807831,1,High
2021-11-07 22:00:00,0.9946733711536385,1,High
2021-11-07 23:00:00,0.9971070031934989,1,High
2021-11-08 00:00:00,0.9973936274176877,1,High
2021-11-08 01:00:00,0.9978469304601422,1,High
2021-11-08 02:00:00,0.9969705514732297,1,High
2021-11-08 03:00:00,0.9975819035680368,1,High
2021-11-08 04:00:00,0.9975819035680368,1,High
2021-11-08 05:00:00,0.9979300489064563,1,High
2021-11-08 06:00:00,0.9979300489064563,1,High
2021-11-08 07:00:00,0.9979799751122723,1,High
2021-11-08 08:00:00,0.9978988572210855,1,High
2021-11-08 09:00:00,0.9986004736576686,1,High
2021-11-08 10:00:00,0.9983560645008173,1,High
2021-11-08 11:00:00,0.9976777694485458,1,High
2021-11-08 12:00:00,0.9983909479597483,1,High
2021-11-08 13:00:00,0.9984280562233576,1,High
2021-11-08 14:00:00,0.9984280562233576,1,High
2021-11-08 15:00:00,0.9977312877956811,1,High
2021-11-08 16:00:00,0.9977312877956811,1,High
2021-11-08 17:00:00,0.9977312877956811,1,High
2021-11-08 18:00:00,0.9977312877956811,1,High
2021-11-08 19:00:00,0.9977312877956811,1,High
2021-11-08 20:00:00,0.9979799751122723,1,High
2021-11-08 21:00:00,0.9979548650476265,1,High
2021-11-08 22:00:00,0.9927112354001824,1,High
2021-11-08 23:00:00,0.9924377180209865,1,High
2021-11-09 00:00:00,0.998379859667027,1,High
2021-11-09 01:00:00,0.9979799751122723,1,High
2021-11-09 02:00:00,0.9979799751122723,1,High
2021-11-09 03:00:00,0.9979799751122723,1,High
2021-11-09 04:00:00,0.9979799751122723,1,High
2021-11-09 05:00:00,0.9979799751122723,1,High
2021-11-09 06:00:00,0.9979799751122723,1,High
2021-11-09 07:00:00,0.9979799751122723,1,High
2021-11-09 08:00:00,0.9967480348706089,1,High
2021-11-09 09:00:00,0.9967480348706089,1,High
2021-11-09 10:00:00,0.9967480348706089,1,High
2021-11-09 11:00:00,0.9977460984273304,1,High
2021-11-09 12:00:00,0.9977460984273304,1,High
2021-11-09 13:00:00,0.9977002591314806,1,High
2021-11-09 14:00:00,0.9981780345123434,1,High
2021-11-09 15:00:00,0.9981780345123434,1,High
2021-11-09 16:00:00,0.9983815374319466,1,High
2021-11-09 17:00:00,0.9980302091626416,1,High
2021-11-09 18:00:00,0.9980302091626416,1,High
2021-11-09 19:00:00,0.9971575959627461,1,High
2021-11-09 20:00:00,0.997849486045319,1,High
2021-11-09 21:00:00,0.9977189720036074,1,High
2021-11-09 22:00:00,0.9966482666830273,1,High
2021-11-09 23:00:00,0.9967699899311043,1,High
2021-11-10 00:00:00,0.9979799751122723,1,High
2021-11-10 01:00:00,0.9979799751122723,1,High
2021-11-10 02:00:00,0.9979799751122723,1,High
2021-11-10 03:00:00,0.9979799751122723,1,High
2021-11-10 04:00:00,0.9979799751122723,1,High
2021-11-10 05:00:00,0.9982151771674915,1,High
2021-11-10 06:00:00,0.9974883109296228,1,High
2021-11-10 07:00:00,0.9979799751122723,1,High
2021-11-10 08:00:00,0.995102649574124,1,High
2021-11-10 09:00:00,0.995811575092391,1,High
2021-11-10 10:00:00,0.9977460984273304,1,High
2021-11-10 11:00:00,0.9977460984273304,1,High
2021-11-10 12:00:00,0.9977460984273304,1,High
2021-11-10 13:00:00,0.9977460984273304,1,High
2021-11-10 14:00:00,0.9977460984273304,1,High
2021-11-10 15:00:00,0.9981731833653582,1,High
2021-11-10 16:00:00,0.9981731833653582,1,High
2021-11-10 17:00:00,0.9986004736576686,1,High
2021-11-10 18:00:00,0.9986004736576686,1,High
2021-11-10 19:00:00,0.9986004736576686,1,High
2021-11-10 20:00:00,0.9971575959627461,1,High
2021-11-10 21:00:00,0.9977189720036074,1,High
2021-11-10 22:00:00,0.9965124218528625,1,High
2021-11-10 23:00:00,0.9974914460468922,1,High
2021-11-11 00:00:00,0.9979799751122723,1,High
2021-11-11 01:00:00,0.9977312877956811,1,High
2021-11-11 02:00:00,0.9979799751122723,1,High
2021-11-11 03:00:00,0.9979799751122723,1,High
2021-11-11 04:00:00,0.9979300489064563,1,High
2021-11-11 05:00:00,0.9975833169292901,1,High
2021-11-11 06:00:00,0.9972650771365928,1,High
2021-11-11 07:00:00,0.9972650771365928,1,High
2021-11-11 08:00:00,0.997260238761673,1,High
2021-11-11 09:00:00,0.9955912963861118,1,High
2021-11-11 10:00:00,0.9955912963861118,1,High
2021-11-11 11:00:00,0.9976273182492913,1,High
2021-11-11 12:00:00,0.9976273182492913,1,High
2021-11-11 13:00:00,0.9977805420671668,1,High
2021-11-11 14:00:00,0.9977805420671668,1,High
2021-11-11 15:00:00,0.9980314847960096,1,High
2021-11-11 16:00:00,0.9980768670988599,1,High
2021-11-11 17:00:00,0.9985266524014988,1,High
2021-11-11 18:00:00,0.9985266524014988,1,High
2021-11-11 19:00:00,0.9986004736576686,1,High
2021-11-11 20:00:00,0.9986004736576686,1,High
2021-11-11 21:00:00,0.9984195168740141,1,High
2021-11-11 22:00:00,0.9932803776064274,1,High
2021-11-11 23:00:00,0.9965124218528625,1,High
2021-11-12 00:00:00,0.9976752294419798,1,High
2021-11-12 01:00:00,0.9979632180133018,1,High
2021-11-12 02:00:00,0.9979632180133018,1,High
2021-11-12 03:00:00,0.9975919244578779,1,High
2021-11-12 04:00:00,0.9975919244578779,1,High
2021-11-12 05:00:00,0.862791168841581,1,High
2021-11-12 06:00:00,0.8429110715820132,1,High
2021-11-12 07:00:00,0.001266064156481706,0,Low
2021-11-12 08:00:00,0.0019383056289974125,0,Low
2021-11-12 09:00:00,0.0019383056289974125,0,Low
2021-11-12 10:00:00,0.0019383056289974125,0,Low
2021-11-12 11:00:00,0.0019383056289974125,0,Low
2021-11-12 12:00:00,0.002080751920492192,0,Low
2021-11-12 13:00:00,0.0019618178516742587,0,Low
2021-11-12 14:00:00,0.0019618178516742587,0,Low
2021-11-12 15:00:00,0.0018274987623440543,0,Low
2021-11-12 16:00:00,0.0018274987623440543,0,Low
2021-11-12 17:00:00,0.0018001756113529897,0,Low
2021-11-12 18:00:00,0.0018001756113529897,0,Low
2021-11-12 19:00:00,0.0018001756113529897,0,Low
2021-11-12 20:00:00,0.0018001756113529897,0,Low
2021-11-12 21:00:00,0.0012471245933229772,0,Low
2021-11-12 22:00:00,0.0010867228681496162,0,Low
2021-11-12 23:00:00,0.0009083107822793565,0,Low
2021-11-13 00:00:00,0.001058240012307221,0,Low
2021-11-13 01:00:00,0.001058240012307221,0,Low
2021-11-13 02:00:00,0.001210936755435725,0,Low
2021-11-13 03:00:00,0.001210936755435725,0,Low
2021-11-13 04:00:00,0.001210936755435725,0,Low
2021-11-13 05:00:00,0.001210936755435725,0,Low
2021-11-13 06:00:00,0.0010280909579782626,0,Low
2021-11-13 07:00:00,0.0009082589586670293,0,Low
2021-11-13 08:00:00,0.0009969651771504914,0,Low
2021-11-13 09:00:00,0.000986483586188355,0,Low
2021-11-13 10:00:00,0.000986483586188355,0,Low
2021-11-13 11:00:00,0.000986483586188355,0,Low
2021-11-13 12:00:00,0.0009268337542517371,0,Low
2021-11-13 13:00:00,0.0009950209743714929,0,Low
2021-11-13 14:00:00,0.0009950209743714929,0,Low
2021-11-13 15:00:00,0.0009268337542517371,0,Low
2021-11-13 16:00:00,0.0009828183630584942,0,Low
2021-11-13 17:00:00,0.0009828183630584942,0,Low
2021-11-13 18:00:00,0.0008920427496561942,0,Low
2021-11-13 19:00:00,0.0008920427496561942,0,Low
2021-11-13 20:00:00,0.0006820569556126733,0,Low
2021-11-13 21:00:00,0.0006820569556126733,0,Low
2021-11-13 22:00:00,0.0006820569556126733,0,Low
2021-11-13 23:00:00,0.0006820569556126733,0,Low
2021-11-14 00:00:00,0.0009809545408365225,0,Low
2021-11-14 01:00:00,0.0010539359601310244,0,Low
2021-11-14 02:00:00,0.0010539359601310244,0,Low
2021-11-14 03:00:00,0.0010539359601310244,0,Low
2021-11-14 04:00:00,0.0011865782857611168,0,Low
2021-11-14 05:00:00,0.0011865782857611168,0,Low
2021-11-14 06:00:00,0.0011044219991174968,0,Low
2021-11-14 07:00:00,0.0010248341422447681,0,Low
2021-11-14 08:00:00,0.0009401754770599377,0,Low
2021-11-14 09:00:00,0.0010028831604527338,0,Low
2021-11-14 10:00:00,0.0009661796609042811,0,Low
2021-11-14 11:00:00,0.0009661796609042811,0,Low
2021-11-14 12:00:00,0.0010372585566403715,0,Low
2021-11-14 13:00:00,0.0010372585566403715,0,Low
2021-11-14 14:00:00,0.0009268337542517371,0,Low
2021-11-14 15:00:00,0.0009268337542517371,0,Low
2021-11-14 16:00:00,0.0009268337542517371,0,Low
2021-11-14 17:00:00,0.0010442507348352777,0,Low
2021-11-14 18:00:00,0.0012123740109932378,0,Low
2021-11-14 19:00:00,0.000947806453915477,0,Low
2021-11-14 20:00:00,0.000947806453915477,0,Low
2021-11-14 21:00:00,0.0007684879638843859,0,Low
2021-11-14 22:00:00,0.0007684879638843859,0,Low
2021-11-14 23:00:00,0.0007684879638843859,0,Low
2021-11-15 00:00:00,0.0012243809805076943,0,Low
2021-11-15 01:00:00,0.0010945797497408701,0,Low
2021-11-15 02:00:00,0.0013265003901959075,0,Low
2021-11-15 03:00:00,0.0013265003901959075,0,Low
2021-11-15 04:00:00,0.001128034269327747,0,Low
2021-11-15 05:00:00,0.0010575094953483018,0,Low
2021-11-15 06:00:00,0.001108967519305206,0,Low
2021-11-15 07:00:00,0.0010756778489724535,0,Low
2021-11-15 08:00:00,0.000745683051027078,0,Low
2021-11-15 09:00:00,0.0010976500087683532,0,Low
2021-11-15 10:00:00,0.0010442507348352777,0,Low
2021-11-15 11:00:00,0.00097319313460531,0,Low
2021-11-15 12:00:00,0.0011485132281388647,0,Low
2021-11-15 13:00:00,0.0011932021183760249,0,Low
2021-11-15 14:00:00,0.001069818689817648,0,Low
2021-11-15 15:00:00,0.001069818689817648,0,Low
2021-11-15 16:00:00,0.0011114489662811728,0,Low
2021-11-15 17:00:00,0.0011114489662811728,0,Low
2021-11-15 18:00:00,0.001008804698985345,0,Low
2021-11-15 19:00:00,0.001008804698985345,0,Low
2021-11-15 20:00:00,0.0008833057458378778,0,Low
2021-11-15 21:00:00,0.000742453287870766,0,Low
2021-11-15 22:00:00,0.001064527618594495,0,Low
2021-11-15 23:00:00,0.0014278454713905187,0,Low
2021-11-16 00:00:00,0.0014434458838978657,0,Low
2021-11-16 01:00:00,0.0013848014120227165,0,Low
2021-11-16 02:00:00,0.001214370698912495,0,Low
2021-11-16 03:00:00,0.001114218225139813,0,Low
2021-11-16 04:00:00,0.00114639588246237,0,Low
2021-11-16 05:00:00,0.0010428611293593058,0,Low
2021-11-16 06:00:00,0.0011925605010303284,0,Low
2021-11-16 07:00:00,0.0008473916213166783,0,Low
2021-11-16 08:00:00,0.001069818689817648,0,Low
2021-11-16 09:00:00,0.001069818689817648,0,Low
2021-11-16 10:00:00,0.001069818689817648,0,Low
2021-11-16 11:00:00,0.0011073199560941306,0,Low
2021-11-16 12:00:00,0.001188769758344851,0,Low
2021-11-16 13:00:00,0.0011194864829420234,0,Low
2021-11-16 14:00:00,0.0011194864829420234,0,Low
2021-11-16 15:00:00,0.0010427787407272615,0,Low
2021-11-16 16:00:00,0.0011644614180543016,0,Low
2021-11-16 17:00:00,0.0011644614180543016,0,Low
2021-11-16 18:00:00,0.0010569265378291017,0,Low
2021-11-16 19:00:00,0.000946470280546706,0,Low
2021-11-16 20:00:00,0.000946470280546706,0,Low
2021-11-16 21:00:00,0.000768262563109032,0,Low
2021-11-16 22:00:00,0.000768262563109032,0,Low
2021-11-16 23:00:00,0.000768262563109032,0,Low
2021-11-17 00:00:00,0.0006820569556126733,0,Low
2021-11-17 01:00:00,0.0010539359601310244,0,Low
2021-11-17 02:00:00,0.0010539359601310244,0,Low
2021-11-17 03:00:00,0.0011675738307297748,0,Low
2021-11-17 04:00:00,0.0010945797497408701,0,Low
2021-11-17 05:00:00,0.0010945797497408701,0,Low
2021-11-17 06:00:00,0.0010187867589586375,0,Low
2021-11-17 07:00:00,0.000768262563109032,0,Low
2021-11-17 08:00:00,0.0010427787407272615,0,Low
2021-11-17 09:00:00,0.0010427787407272615,0,Low
2021-11-17 10:00:00,0.0010427787407272615,0,Low
2021-11-17 11:00:00,0.0010427787407272615,0,Low
2021-11-17 12:00:00,0.0010427787407272615,0,Low
2021-11-17 13:00:00,0.0011194864829420234,0,Low
2021-11-17 14:00:00,0.05002863494962379,0,Low
2021-11-17 15:00:00,0.3383437058220425,0,Medium
2021-11-17 16:00:00,0.9981945742027295,1,High
2021-11-17 17:00:00,0.9981945742027295,1,High
2021-11-17 18:00:00,0.9980110363887961,1,High
2021-11-17 19:00:00,0.9980878317271589,1,High
2021-11-17 20:00:00,0.9980878317271589,1,High
2021-11-17 21:00:00,0.9979091871172436,1,High
2021-11-17 22:00:00,0.9924986162640617,1,High
2021-11-17 23:00:00,0.9924986162640617,1,High
2021-11-18 00:00:00,0.9979091871172436,1,High
2021-11-18 01:00:00,0.9980721137394671,1,High
2021-11-18 02:00:00,0.9961521822513167,1,High
2021-11-18 03:00:00,0.9980721137394671,1,High
2021-11-18 04:00:00,0.9977972496728593,1,High
2021-11-18 05:00:00,0.9976032281286794,1,High
2021-11-18 06:00:00,0.9974007789464246,1,High
2021-11-18 07:00:00,0.9981522955627065,1,High
2021-11-18 08:00:00,0.9969601519183671,1,High
2021-11-18 09:00:00,0.9969601519183671,1,High
2021-11-18 10:00:00,0.9953764767472927,1,High
2021-11-18 11:00:00,0.9945882902412961,1,High
2021-11-18 12:00:00,0.9945882902412961,1,High
2021-11-18 13:00:00,0.997086163432833,1,High
2021-11-18 14:00:00,0.997086163432833,1,High
2021-11-18 15:00:00,0.9975713532569318,1,High
2021-11-18 16:00:00,0.9981300696860949,1,High
2021-11-18 17:00:00,0.9981300696860949,1,High
2021-11-18 18:00:00,0.9986004736576686,1,High
2021-11-18 19:00:00,0.9986004736576686,1,High
2021-11-18 20:00:00,0.9977312877956811,1,High
2021-11-18 21:00:00,0.8935725483576409,1,High
2021-11-18 22:00:00,0.9348309146071029,1,High
2021-11-18 23:00:00,0.0012109442265831108,0,Low
2021-11-19 00:00:00,0.0011561178493492794,0,Low
2021-11-19 01:00:00,0.0012882613945281063,0,Low
2021-11-19 02:00:00,0.001207820946235393,0,Low
2021-11-19 03:00:00,0.001207820946235393,0,Low
2021-11-19 04:00:00,0.0012882613945281063,0,Low
2021-11-19 05:00:00,0.8618852641678868,1,High
2021-11-19 06:00:00,0.9976752294419798,1,High
2021-11-19 07:00:00,0.9957672896427789,1,High
2021-11-19 08:00:00,0.9944942612139985,1,High
2021-11-19 09:00:00,0.9967210917988183,1,High
2021-11-19 10:00:00,0.9946359089631125,1,High
2021-11-19 11:00:00,0.997727405624379,1,High
2021-11-19 12:00:00,0.997727405624379,1,High
2021-11-19 13:00:00,0.997727405624379,1,High
2021-11-19 14:00:00,0.997692928651375,1,High
2021-11-19 15:00:00,0.9957682837929877,1,High
2021-11-19 16:00:00,0.9981300696860949,1,High
2021-11-19 17:00:00,0.9967475516936318,1,High
2021-11-19 18:00:00,0.9966591786342807,1,High
2021-11-19 19:00:00,0.9964056130299455,1,High
2021-11-19 20:00:00,0.1858970581305828,0,Low
2021-11-19 21:00:00,0.0013896556803188508,0,Low
2021-11-19 22:00:00,0.0006820569556126733,0,Low
2021-11-19 23:00:00,0.0006820569556126733,0,Low
2021-11-20 00:00:00,0.0008478470272477356,0,Low
2021-11-20 01:00:00,0.0010539359601310244,0,Low
2021-11-20 02:00:00,0.0011237919806885107,0,Low
2021-11-20 03:00:00,0.0011237919806885107,0,Low
2021-11-20 04:00:00,0.0011237919806885107,0,Low
2021-11-20 05:00:00,0.0010668560033126788,0,Low
2021-11-20 06:00:00,0.0010668560033126788,0,Low
2021-11-20 07:00:00,0.0010668560033126788,0,Low
2021-11-20 08:00:00,0.0010060891514466913,0,Low
2021-11-20 09:00:00,0.0007389564458561783,0,Low
2021-11-20 10:00:00,0.001048767292788355,0,Low
2021-11-20 11:00:00,0.0013029558483296007,0,Low
2021-11-20 12:00:00,0.0013816283752222395,0,Low
2021-11-20 13:00:00,0.0013816283752222395,0,Low
2021-11-20 14:00:00,0.0013816283752222395,0,Low
2021-11-20 15:00:00,0.0012869816896001391,0,Low
2021-11-20 16:00:00,0.0012869816896001391,0,Low
2021-11-20 17:00:00,0.0012869816896001391,0,Low
2021-11-20 18:00:00,0.0011820139938421756,0,Low
2021-11-20 19:00:00,0.000768262563109032,0,Low
2021-11-20 20:00:00,0.000768262563109032,0,Low
2021-11-20 21:00:00,0.000768262563109032,0,Low
2021-11-20 22:00:00,0.000768262563109032,0,Low
2021-11-20 23:00:00,0.000768262563109032,0,Low
2021-11-21 00:00:00,0.0009809545408365225,0,Low
2021-11-21 01:00:00,0.0010539359601310244,0,Low
2021-11-21 02:00:00,0.0011237919806885107,0,Low
2021-11-21 03:00:00,0.0011237919806885107,0,Low
2021-11-21 04:00:00,0.0011237919806885107,0,Low
2021-11-21 05:00:00,0.0011237919806885107,0,Low
2021-11-21 06:00:00,0.001177620344400357,0,Low
2021-11-21 07:00:00,0.001177620344400357,0,Low
2021-11-21 08:00:00,0.001152400601245716,0,Low
2021-11-21 09:00:00,0.001152400601245716,0,Low
2021-11-21 10:00:00,0.0010427787407272615,0,Low
2021-11-21 11:00:00,0.0010427787407272615,0,Low
2021-11-21 12:00:00,0.0010427787407272615,0,Low
2021-11-21 13:00:00,0.0010427787407272615,0,Low
2021-11-21 14:00:00,0.0010427787407272615,0,Low
2021-11-21 15:00:00,0.0010427787407272615,0,Low
2021-11-21 16:00:00,0.0010427787407272615,0,Low
2021-11-21 17:00:00,0.0010427787407272615,0,Low
2021-11-21 18:00:00,0.0010656020205654878,0,Low
2021-11-21 19:00:00,0.0008649828077562119,0,Low
2021-11-21 20:00:00,0.0009827621327506177,0,Low
2021-11-21 21:00:00,0.0008649828077562119,0,Low
2021-11-21 22:00:00,0.0008649828077562119,0,Low
2021-11-21 23:00:00,0.0008474830281852394,0,Low
2021-11-22 00:00:00,0.001177620344400357,0,Low
2021-11-22 01:00:00,0.0012652148486830442,0,Low
2021-11-22 02:00:00,0.0012652148486830442,0,Low
2021-11-22 03:00:00,0.0012652148486830442,0,Low
2021-11-22 04:00:00,0.0012652148486830442,0,Low
2021-11-22 05:00:00,0.0012496034148957093,0,Low
2021-11-22 06:00:00,0.0011630884768977115,0,Low
2021-11-22 07:00:00,0.0011630884768977115,0,Low
2021-11-22 08:00:00,0.0007422029771925544,0,Low
2021-11-22 09:00:00,0.0007422029771925544,0,Low
2021-11-22 10:00:00,0.0009706880212229705,0,Low
2021-11-22 11:00:00,0.0009828183630584942,0,Low
2021-11-22 12:00:00,0.0009828183630584942,0,Low
2021-11-22 13:00:00,0.0009828183630584942,0,Low
2021-11-22 14:00:00,0.0009828183630584942,0,Low
2021-11-22 15:00:00,0.0009828183630584942,0,Low
2021-11-22 16:00:00,0.000751480170745196,0,Low
2021-11-22 17:00:00,0.0010043306105830113,0,Low
2021-11-22 18:00:00,0.0008920427496561942,0,Low
2021-11-22 19:00:00,0.0006820569556126733,0,Low
2021-11-22 20:00:00,0.0006820569556126733,0,Low
2021-11-22 21:00:00,0.0006736362296628227,0,Low
2021-11-22 22:00:00,0.0006820569556126733,0,Low
2021-11-22 23:00:00,0.001157324771758438,0,Low
2021-11-23 00:00:00,0.0011207205103200561,0,Low
2021-11-23 01:00:00,0.0012583223272442034,0,Low
2021-11-23 02:00:00,0.0008709410113432057,0,Low
2021-11-23 03:00:00,0.0010827833833151432,0,Low
2021-11-23 04:00:00,0.0010827833833151432,0,Low
2021-11-23 05:00:00,0.000776036835924599,0,Low
2021-11-23 06:00:00,0.000776036835924599,0,Low
2021-11-23 07:00:00,0.0008458173211462412,0,Low
2021-11-23 08:00:00,0.0008458173211462412,0,Low
2021-11-23 09:00:00,0.0008473916213166783,0,Low
2021-11-23 10:00:00,0.0007086640083983772,0,Low
2021-11-23 11:00:00,0.0007086640083983772,0,Low
2021-11-23 12:00:00,0.0006604268110301264,0,Low
2021-11-23 13:00:00,0.0007422029771925544,0,Low
2021-11-23 14:00:00,0.0009706880212229705,0,Low
2021-11-23 15:00:00,0.0009706880212229705,0,Low
2021-11-23 16:00:00,0.0007422029771925544,0,Low
2021-11-23 17:00:00,0.0007422029771925544,0,Low
2021-11-23 18:00:00,0.0007584525554529384,0,Low
2021-11-23 19:00:00,0.0007584525554529384,0,Low
2021-11-23 20:00:00,0.0005994102383803927,0,Low
2021-11-23 21:00:00,0.0006589484404437836,0,Low
2021-11-23 22:00:00,0.0007679327051174353,0,Low
2021-11-23 23:00:00,0.0007679327051174353,0,Low
2021-11-24 00:00:00,0.0008474830281852394,0,Low
2021-11-24 01:00:00,0.0012948467246179014,0,Low
2021-11-24 02:00:00,0.0012018261808678066,0,Low
2021-11-24 03:00:00,0.0012018261808678066,0,Low
2021-11-24 04:00:00,0.0011554036677650765,0,Low
2021-11-24 05:00:00,0.0008458173211462412,0,Low
2021-11-24 06:00:00,0.0008458173211462412,0,Low
2021-11-24 07:00:00,0.0007681837326455806,0,Low
2021-11-24 08:00:00,0.0007910032632262282,0,Low
2021-11-24 09:00:00,0.0007910032632262282,0,Low
2021-11-24 10:00:00,0.0008264528856291388,0,Low
2021-11-24 11:00:00,0.0008264528856291388,0,Low
2021-11-24 12:00:00,0.0009854559847077603,0,Low
2021-11-24 13:00:00,0.0009202178440206307,0,Low
2021-11-24 14:00:00,0.0008921826132551844,0,Low
2021-11-24 15:00:00,0.0007781564532890868,0,Low
2021-11-24 16:00:00,0.0007781564532890868,0,Low
2021-11-24 17:00:00,0.0007781564532890868,0,Low
2021-11-24 18:00:00,0.0007974976021652737,0,Low
2021-11-24 19:00:00,0.0007681837326455806,0,Low
2021-11-24 20:00:00,0.0007974976021652737,0,Low
2021-11-24 21:00:00,0.0008458173211462412,0,Low
2021-11-24 22:00:00,0.0007681837326455806,0,Low
2021-11-24 23:00:00,0.0008458173211462412,0,Low
2021-11-25 00:00:00,0.0008458173211462412,0,Low
2021-11-25 01:00:00,0.0008458173211462412,0,Low
2021-11-25 02:00:00,0.0008458173211462412,0,Low
2021-11-25 03:00:00,0.0008458173211462412,0,Low
2021-11-25 04:00:00,0.0008458173211462412,0,Low
2021-11-25 05:00:00,0.0008458173211462412,0,Low
2021-11-25 06:00:00,0.0008458173211462412,0,Low
2021-11-25 07:00:00,0.0008458173211462412,0,Low
2021-11-25 08:00:00,0.0008458173211462412,0,Low
2021-11-25 09:00:00,0.0008458173211462412,0,Low
2021-11-25 10:00:00,0.0008567970329561422,0,Low
2021-11-25 11:00:00,0.0008567970329561422,0,Low
2021-11-25 12:00:00,0.0008567970329561422,0,Low
2021-11-25 13:00:00,0.0007781564532890868,0,Low
2021-11-25 14:00:00,0.0008264528856291388,0,Low
2021-11-25 15:00:00,0.0008026114958494883,0,Low
2021-11-25 16:00:00,0.0007781564532890868,0,Low
2021-11-25 17:00:00,0.0008932850356172727,0,Low
2021-11-25 18:00:00,0.0007781564532890868,0,Low
2021-11-25 19:00:00,0.0008727940439367009,0,Low
2021-11-25 20:00:00,0.0008436039652093576,0,Low
2021-11-25 21:00:00,0.0008436039652093576,0,Low
2021-11-25 22:00:00,0.0007974976021652737,0,Low
2021-11-25 23:00:00,0.0007974976021652737,0,Low
2021-11-26 00:00:00,0.0007974976021652737,0,Low
2021-11-26 01:00:00,0.0007974976021652737,0,Low
2021-11-26 02:00:00,0.0007974976021652737,0,Low
2021-11-26 03:00:00,0.0007974976021652737,0,Low
2021-11-26 04:00:00,0.0007974976021652737,0,Low
2021-11-26 05:00:00,0.0007681837326455806,0,Low
2021-11-26 06:00:00,0.0007974976021652737,0,Low
2021-11-26 07:00:00,0.0007974976021652737,0,Low
2021-11-26 08:00:00,0.0007974976021652737,0,Low
2021-11-26 09:00:00,0.0007974976021652737,0,Low
2021-11-26 10:00:00,0.0007974976021652737,0,Low
2021-11-26 11:00:00,0.0007974976021652737,0,Low
2021-11-26 12:00:00,0.0007974976021652737,0,Low
2021-11-26 13:00:00,0.0007974976021652737,0,Low
2021-11-26 14:00:00,0.0007974976021652737,0,Low
2021-11-26 15:00:00,0.0007974976021652737,0,Low
2021-11-26 16:00:00,0.0007974976021652737,0,Low
2021-11-26 17:00:00,0.0007974976021652737,0,Low
2021-11-26 18:00:00,0.0007974976021652737,0,Low
2021-11-26 19:00:00,0.0008513504777592988,0,Low
2021-11-26 20:00:00,0.0008513504777592988,0,Low
2021-11-26 21:00:00,0.0008513504777592988,0,Low
2021-11-26 22:00:00,0.0008513504777592988,0,Low
2021-11-26 23:00:00,0.0008513504777592988,0,Low
2021-11-27 00:00:00,0.0009373811146589232,0,Low
2021-11-27 01:00:00,0.0009373811146589232,0,Low
2021-11-27 02:00:00,0.0009373811146589232,0,Low
2021-11-27 03:00:00,0.0013088745503796152,0,Low
2021-11-27 04:00:00,0.0013088745503796152,0,Low
2021-11-27 05:00:00,0.0009373811146589232,0,Low
2021-11-27 06:00:00,0.0009373811146589232,0,Low
2021-11-27 07:00:00,0.0008513504777592988,0,Low
2021-11-27 08:00:00,0.0008513504777592988,0,Low
2021-11-27 09:00:00,0.0008513504777592988,0,Low
2021-11-27 10:00:00,0.0009373811146589232,0,Low
2021-11-27 11:00:00,0.000820581977740219,0,Low
2021-11-27 12:00:00,0.001108222772648013,0,Low
2021-11-27 13:00:00,0.001108222772648013,0,Low
2021-11-27 14:00:00,0.001108222772648013,0,Low
2021-11-27 15:00:00,0.0008473916213166783,0,Low
2021-11-27 16:00:00,0.000820581977740219,0,Low
2021-11-27 17:00:00,0.000820581977740219,0,Low
2021-11-27 18:00:00,0.0009371492536800398,0,Low
2021-11-27 19:00:00,0.0011207972269550045,0,Low
2021-11-27 20:00:00,0.0008473916213166783,0,Low
2021-11-27 21:00:00,0.0008458173211462412,0,Low
2021-11-27 22:00:00,0.0008458173211462412,0,Low
2021-11-27 23:00:00,0.0008458173211462412,0,Low
2021-11-28 00:00:00,0.0008709410113432057,0,Low
2021-11-28 01:00:00,0.0008458173211462412,0,Low
2021-11-28 02:00:00,0.0008458173211462412,0,Low
2021-11-28 03:00:00,0.000776036835924599,0,Low
2021-11-28 04:00:00,0.0008458173211462412,0,Low
2021-11-28 05:00:00,0.0008458173211462412,0,Low
2021-11-28 06:00:00,0.0008458173211462412,0,Low
2021-11-28 07:00:00,0.0012186554028655908,0,Low
2021-11-28 08:00:00,0.0012994150053585406,0,Low
2021-11-28 09:00:00,0.0012994150053585406,0,Low
2021-11-28 10:00:00,0.0008473916213166783,0,Low
2021-11-28 11:00:00,0.001108222772648013,0,Low
2021-11-28 12:00:00,0.0009693109834740953,0,Low
2021-11-28 13:00:00,0.001027858753647789,0,Low
2021-11-28 14:00:00,0.001027858753647789,0,Low
2021-11-28 15:00:00,0.0009828183630584942,0,Low
2021-11-28 16:00:00,0.001108222772648013,0,Low
2021-11-28 17:00:00,0.001108222772648013,0,Low
2021-11-28 18:00:00,0.0010043306105830113,0,Low
2021-11-28 19:00:00,0.0007679327051174353,0,Low
2021-11-28 20:00:00,0.0007679327051174353,0,Low
2021-11-28 21:00:00,0.0008473916213166783,0,Low
2021-11-28 22:00:00,0.0007780569562516728,0,Low
2021-11-28 23:00:00,0.0008586551515635317,0,Low
2021-11-29 00:00:00,0.001193139375357706,0,Low
2021-11-29 01:00:00,0.0012018261808678066,0,Low
2021-11-29 02:00:00,0.001214370698912495,0,Low
2021-11-29 03:00:00,0.001194921648030055,0,Low
2021-11-29 04:00:00,0.001194921648030055,0,Low
2021-11-29 05:00:00,0.0011820040456587725,0,Low
2021-11-29 06:00:00,0.001100098658973378,0,Low
2021-11-29 07:00:00,0.0010093609888413826,0,Low
2021-11-29 08:00:00,0.0010028831604527338,0,Low
2021-11-29 09:00:00,0.0009268337542517371,0,Low
2021-11-29 10:00:00,0.0009268337542517371,0,Low
2021-11-29 11:00:00,0.0009950209743714929,0,Low
2021-11-29 12:00:00,0.0009950209743714929,0,Low
2021-11-29 13:00:00,0.0009950209743714929,0,Low
2021-11-29 14:00:00,0.0009950209743714929,0,Low
2021-11-29 15:00:00,0.0008637590592710145,0,Low
2021-11-29 16:00:00,0.0009495295460651365,0,Low
2021-11-29 17:00:00,0.0009706880212229705,0,Low
2021-11-29 18:00:00,0.0011076912815238522,0,Low
2021-11-29 19:00:00,0.0008826676005892556,0,Low
2021-11-29 20:00:00,0.0007679327051174353,0,Low
2021-11-29 21:00:00,0.0006820569556126733,0,Low
2021-11-29 22:00:00,0.0006820569556126733,0,Low
2021-11-29 23:00:00,0.0007555258510345966,0,Low
2021-11-30 00:00:00,0.0010527454523409363,0,Low
2021-11-30 01:00:00,0.001191002484571016,0,Low
2021-11-30 02:00:00,0.001098661306088581,0,Low
2021-11-30 03:00:00,0.0011719272539016574,0,Low
2021-11-30 04:00:00,0.0011719272539016574,0,Low
2021-11-30 05:00:00,0.0011719272539016574,0,Low
2021-11-30 06:00:00,0.0011630797900865633,0,Low
2021-11-30 07:00:00,0.0011630797900865633,0,Low
2021-11-30 08:00:00,0.0007542833160644231,0,Low
2021-11-30 09:00:00,0.000986483586188355,0,Low
2021-11-30 10:00:00,0.000986483586188355,0,Low
2021-11-30 11:00:00,0.000986483586188355,0,Low
2021-11-30 12:00:00,0.0010590545964466777,0,Low
2021-11-30 13:00:00,0.0010590545964466777,0,Low
2021-11-30 14:00:00,0.000986483586188355,0,Low
2021-11-30 15:00:00,0.0009828183630584942,0,Low
2021-11-30 16:00:00,0.0009828183630584942,0,Low
2021-11-30 17:00:00,0.001168803249844364,0,Low
2021-11-30 18:00:00,0.0010608678389881234,0,Low
2021-11-30 19:00:00,0.0009961534649087142,0,Low
2021-11-30 20:00:00,0.0008920427496561942,0,Low
2021-11-30 21:00:00,0.000771128261217525,0,Low
2021-11-30 22:00:00,0.000771128261217525,0,Low
2021-11-30 23:00:00,0.000771128261217525,0,Low
2021-12-01 00:00:00,0.0008510093307416559,0,Low
2021-12-01 01:00:00,0.0010578661211730067,0,Low
2021-12-01 02:00:00,0.0010578661211730067,0,Low
2021-12-01 03:00:00,0.001040920995346312,0,Low
2021-12-01 04:00:00,0.001040920995346312,0,Low
2021-12-01 05:00:00,0.001040920995346312,0,Low
2021-12-01 06:00:00,0.0009688399432599125,0,Low
2021-12-01 07:00:00,0.0009688399432599125,0,Low
2021-12-01 08:00:00,0.0010674222053705976,0,Low
2021-12-01 09:00:00,0.000986483586188355,0,Low
2021-12-01 10:00:00,0.001053026061535714,0,Low
2021-12-01 11:00:00,0.0010590545964466777,0,Low
2021-12-01 12:00:00,0.0011236608090312513,0,Low
2021-12-01 13:00:00,0.0010590545964466777,0,Low
2021-12-01 14:00:00,0.0010590545964466777,0,Low
2021-12-01 15:00:00,0.0010466673397329764,0,Low
2021-12-01 16:00:00,0.001168803249844364,0,Low
2021-12-01 17:00:00,0.001168803249844364,0,Low
2021-12-01 18:00:00,0.0010608678389881234,0,Low
2021-12-01 19:00:00,0.0010608678389881234,0,Low
2021-12-01 20:00:00,0.0010608678389881234,0,Low
2021-12-01 21:00:00,0.000895369746826663,0,Low
2021-12-01 22:00:00,0.0012539223204261318,0,Low
2021-12-01 23:00:00,0.0012539223204261318,0,Low
2021-12-02 00:00:00,0.0008510093307416559,0,Low
2021-12-02 01:00:00,0.0011279823429303877,0,Low
2021-12-02 02:00:00,0.0011279823429303877,0,Low
2021-12-02 03:00:00,0.0011279823429303877,0,Low
2021-12-02 04:00:00,0.0011279823429303877,0,Low
2021-12-02 05:00:00,0.0011279823429303877,0,Low
2021-12-02 06:00:00,0.001049878856667205,0,Low
2021-12-02 07:00:00,0.001049878856667205,0,Low
2021-12-02 08:00:00,0.0007542833160644231,0,Low
2021-12-02 09:00:00,0.0011794961705750482,0,Low
2021-12-02 10:00:00,0.0011794961705750482,0,Low
2021-12-02 11:00:00,0.000986483586188355,0,Low
2021-12-02 12:00:00,0.0009833819511022145,0,Low
2021-12-02 13:00:00,0.0010551200246710984,0,Low
2021-12-02 14:00:00,0.0009828183630584942,0,Low
2021-12-02 15:00:00,0.0009828183630584942,0,Low
2021-12-02 16:00:00,0.0009828183630584942,0,Low
2021-12-02 17:00:00,0.0009828183630584942,0,Low
2021-12-02 18:00:00,0.0008920427496561942,0,Low
2021-12-02 19:00:00,0.0008920427496561942,0,Low
2021-12-02 20:00:00,0.0008920427496561942,0,Low
2021-12-02 21:00:00,0.0009413222159415832,0,Low
2021-12-02 22:00:00,0.0009413222159415832,0,Low
2021-12-02 23:00:00,0.0006820569556126733,0,Low
2021-12-03 00:00:00,0.0007527180915573856,0,Low
2021-12-03 01:00:00,0.0011237919806885107,0,Low
2021-12-03 02:00:00,0.0011237919806885107,0,Low
2021-12-03 03:00:00,0.0011237919806885107,0,Low
2021-12-03 04:00:00,0.0010539359601310244,0,Low
2021-12-03 05:00:00,0.0011262914044212519,0,Low
2021-12-03 06:00:00,0.0011181499534384147,0,Low
2021-12-03 07:00:00,0.0012810620650049176,0,Low
2021-12-03 08:00:00,0.0008648076931750626,0,Low
2021-12-03 09:00:00,0.001332627994508102,0,Low
2021-12-03 10:00:00,0.0014254487779373696,0,Low
2021-12-03 11:00:00,0.001332627994508102,0,Low
2021-12-03 12:00:00,0.0010878610253267727,0,Low
2021-12-03 13:00:00,0.0009780333121704985,0,Low
2021-12-03 14:00:00,0.0008876992655725853,0,Low
2021-12-03 15:00:00,0.0011553040657492262,0,Low
2021-12-03 16:00:00,0.0012296398564973499,0,Low
2021-12-03 17:00:00,0.0013853649762731828,0,Low
2021-12-03 18:00:00,0.0011814405533248306,0,Low
2021-12-03 19:00:00,0.000771354502111846,0,Low
2021-12-03 20:00:00,0.000771354502111846,0,Low
2021-12-03 21:00:00,0.000771354502111846,0,Low
2021-12-03 22:00:00,0.0007247034721943898,0,Low
2021-12-03 23:00:00,0.0007247034721943898,0,Low
2021-12-04 00:00:00,0.0007247034721943898,0,Low
2021-12-04 01:00:00,0.0012948467246179014,0,Low
2021-12-04 02:00:00,0.0011021720977689175,0,Low
2021-12-04 03:00:00,0.001016711134050855,0,Low
2021-12-04 04:00:00,0.0011021720977689175,0,Low
2021-12-04 05:00:00,0.0011659663484518174,0,Low
2021-12-04 06:00:00,0.0012188983962524856,0,Low
2021-12-04 07:00:00,0.0012100883421883569,0,Low
2021-12-04 08:00:00,0.0012096967533100043,0,Low
2021-12-04 09:00:00,0.001156697514934808,0,Low
2021-12-04 10:00:00,0.0008390062478159438,0,Low
2021-12-04 11:00:00,0.0007542833160644231,0,Low
2021-12-04 12:00:00,0.0007542833160644231,0,Low
2021-12-04 13:00:00,0.0006846013182757424,0,Low
2021-12-04 14:00:00,0.0006846013182757424,0,Low
2021-12-04 15:00:00,0.0007542833160644231,0,Low
2021-12-04 16:00:00,0.0006846013182757424,0,Low
2021-12-04 17:00:00,0.0006846013182757424,0,Low
2021-12-04 18:00:00,0.0006846013182757424,0,Low
2021-12-04 19:00:00,0.0006846013182757424,0,Low
2021-12-04 20:00:00,0.0006846013182757424,0,Low
2021-12-04 21:00:00,0.9282745783205645,1,High
2021-12-04 22:00:00,0.7391920146626657,1,High
2021-12-04 23:00:00,0.9957661121145926,1,High
2021-12-05 00:00:00,0.9989224253215256,1,High
2021-12-05 01:00:00,0.9990648043839907,1,High
2021-12-05 02:00:00,0.9990648043839907,1,High
2021-12-05 03:00:00,0.9990648043839907,1,High
2021-12-05 04:00:00,0.9990648043839907,1,High
2021-12-05 05:00:00,0.9984235828606621,1,High
2021-12-05 06:00:00,0.9984235828606621,1,High
2021-12-05 07:00:00,0.9979722327500735,1,High
2021-12-05 08:00:00,0.9976684808457057,1,High
2021-12-05 09:00:00,0.9976684808457057,1,High
2021-12-05 10:00:00,0.9981873186992145,1,High
2021-12-05 11:00:00,0.9983898374769445,1,High
2021-12-05 12:00:00,0.9983898374769445,1,High
2021-12-05 13:00:00,0.9980108830808435,1,High
2021-12-05 14:00:00,0.9983866742668367,1,High
2021-12-05 15:00:00,0.9983866742668367,1,High
2021-12-05 16:00:00,0.9982118807194336,1,High
2021-12-05 17:00:00,0.998142721861965,1,High
2021-12-05 18:00:00,0.998142721861965,1,High
2021-12-05 19:00:00,0.998142721861965,1,High
2021-12-05 20:00:00,0.998142721861965,1,High
2021-12-05 21:00:00,0.7264742318974076,1,High
2021-12-05 22:00:00,0.7182354341782681,1,High
2021-12-05 23:00:00,0.0010867228681496162,0,Low
2021-12-06 00:00:00,0.0011561178493492794,0,Low
2021-12-06 01:00:00,0.001207820946235393,0,Low
2021-12-06 02:00:00,0.001207820946235393,0,Low
2021-12-06 03:00:00,0.001207820946235393,0,Low
2021-12-06 04:00:00,0.0011561178493492794,0,Low
2021-12-06 05:00:00,0.0011561178493492794,0,Low
2021-12-06 06:00:00,0.0012511747926102052,0,Low
2021-12-06 07:00:00,0.0013481780240767601,0,Low
2021-12-06 08:00:00,0.0013481780240767601,0,Low
2021-12-06 09:00:00,0.0013496540738955189,0,Low
2021-12-06 10:00:00,0.001948084223845265,0,Low
2021-12-06 11:00:00,0.001948084223845265,0,Low
2021-12-06 12:00:00,0.0018001756113529897,0,Low
2021-12-06 13:00:00,0.001932490368002047,0,Low
2021-12-06 14:00:00,0.001932490368002047,0,Low
2021-12-06 15:00:00,0.0018001756113529897,0,Low
2021-12-06 16:00:00,0.0017638288259635225,0,Low
2021-12-06 17:00:00,0.0016298869886061326,0,Low
2021-12-06 18:00:00,0.0016298869886061326,0,Low
2021-12-06 19:00:00,0.0018127814273355973,0,Low
2021-12-06 20:00:00,0.0012558625154829265,0,Low
2021-12-06 21:00:00,0.0011290929658132978,0,Low
2021-12-06 22:00:00,0.0006846013182757424,0,Low
2021-12-06 23:00:00,0.0007555258510345966,0,Low
2021-12-07 00:00:00,0.0009350497002803093,0,Low
2021-12-07 01:00:00,0.001040920995346312,0,Low
2021-12-07 02:00:00,0.001040920995346312,0,Low
2021-12-07 03:00:00,0.001040920995346312,0,Low
2021-12-07 04:00:00,0.001040920995346312,0,Low
2021-12-07 05:00:00,0.001040920995346312,0,Low
2021-12-07 06:00:00,0.001091572711020491,0,Low
2021-12-07 07:00:00,0.001091572711020491,0,Low
2021-12-07 08:00:00,0.0012026283532018463,0,Low
2021-12-07 09:00:00,0.0011114489662811728,0,Low
2021-12-07 10:00:00,0.0011114489662811728,0,Low
2021-12-07 11:00:00,0.0011932021183760249,0,Low
2021-12-07 12:00:00,0.0011932021183760249,0,Low
2021-12-07 13:00:00,0.0011932021183760249,0,Low
2021-12-07 14:00:00,0.0011932021183760249,0,Low
2021-12-07 15:00:00,0.0011114489662811728,0,Low
2021-12-07 16:00:00,0.0011114489662811728,0,Low
2021-12-07 17:00:00,0.0011114489662811728,0,Low
2021-12-07 18:00:00,0.001008804698985345,0,Low
2021-12-07 19:00:00,0.000771354502111846,0,Low
2021-12-07 20:00:00,0.000771354502111846,0,Low
2021-12-07 21:00:00,0.000771354502111846,0,Low
2021-12-07 22:00:00,0.000771354502111846,0,Low
2021-12-07 23:00:00,0.000771354502111846,0,Low
2021-12-08 00:00:00,0.0008512589879330852,0,Low
2021-12-08 01:00:00,0.0010578661211730067,0,Low
2021-12-08 02:00:00,0.001040920995346312,0,Low
2021-12-08 03:00:00,0.001040920995346312,0,Low
2021-12-08 04:00:00,0.0011719272539016574,0,Low
2021-12-08 05:00:00,0.0013314455980397806,0,Low
2021-12-08 06:00:00,0.0012289459545684637,0,Low
2021-12-08 07:00:00,0.0010907842673315868,0,Low
2021-12-08 08:00:00,0.0010674222053705976,0,Low
2021-12-08 09:00:00,0.000986483586188355,0,Low
2021-12-08 10:00:00,0.000986483586188355,0,Low
2021-12-08 11:00:00,0.000986483586188355,0,Low
2021-12-08 12:00:00,0.000986483586188355,0,Low
2021-12-08 13:00:00,0.000986483586188355,0,Low
2021-12-08 14:00:00,0.000986483586188355,0,Low
2021-12-08 15:00:00,0.000986483586188355,0,Low
2021-12-08 16:00:00,0.000986483586188355,0,Low
2021-12-08 17:00:00,0.000986483586188355,0,Low
2021-12-08 18:00:00,0.0010080759783540514,0,Low
2021-12-08 19:00:00,0.0010080759783540514,0,Low
2021-12-08 20:00:00,0.000895369746826663,0,Low
2021-12-08 21:00:00,0.0006846013182757424,0,Low
2021-12-08 22:00:00,0.0006846013182757424,0,Low
2021-12-08 23:00:00,0.0007555258510345966,0,Low
2021-12-09 00:00:00,0.0010527454523409363,0,Low
2021-12-09 01:00:00,0.0012699318738941035,0,Low
2021-12-09 02:00:00,0.0012699318738941035,0,Low
2021-12-09 03:00:00,0.0012699318738941035,0,Low
2021-12-09 04:00:00,0.0012699318738941035,0,Low
2021-12-09 05:00:00,0.0012699318738941035,0,Low
2021-12-09 06:00:00,0.0012699318738941035,0,Low
2021-12-09 07:00:00,0.0011820111827373718,0,Low
2021-12-09 08:00:00,0.001156697514934808,0,Low
2021-12-09 09:00:00,0.000986483586188355,0,Low
2021-12-09 10:00:00,0.000986483586188355,0,Low
2021-12-09 11:00:00,0.000986483586188355,0,Low
2021-12-09 12:00:00,0.000986483586188355,0,Low
2021-12-09 13:00:00,0.000986483586188355,0,Low
2021-12-09 14:00:00,0.000986483586188355,0,Low
2021-12-09 15:00:00,0.000986483586188355,0,Low
2021-12-09 16:00:00,0.000986483586188355,0,Low
2021-12-09 17:00:00,0.0010466673397329764,0,Low
2021-12-09 18:00:00,0.000895369746826663,0,Low
2021-12-09 19:00:00,0.0009500000797258261,0,Low
2021-12-09 20:00:00,0.0009500000797258261,0,Low
2021-12-09 21:00:00,0.000771128261217525,0,Low
2021-12-09 22:00:00,0.000771128261217525,0,Low
2021-12-09 23:00:00,0.0008510093307416559,0,Low
2021-12-10 00:00:00,0.0010531975199201235,0,Low
2021-12-10 01:00:00,0.0009758372280438123,0,Low
2021-12-10 02:00:00,0.0010578661211730067,0,Low
2021-12-10 03:00:00,0.0010578661211730067,0,Low
2021-12-10 04:00:00,0.0011279823429303877,0,Low
2021-12-10 05:00:00,0.0011279823429303877,0,Low
2021-12-10 06:00:00,0.001049878856667205,0,Low
2021-12-10 07:00:00,0.001049878856667205,0,Low
2021-12-10 08:00:00,0.001156697514934808,0,Low
2021-12-10 09:00:00,0.0010466673397329764,0,Low
2021-12-10 10:00:00,0.0010466673397329764,0,Low
2021-12-10 11:00:00,0.0010466673397329764,0,Low
2021-12-10 12:00:00,0.000986483586188355,0,Low
2021-12-10 13:00:00,0.0010466673397329764,0,Low
2021-12-10 14:00:00,0.0010466673397329764,0,Low
2021-12-10 15:00:00,0.0009833819511022145,0,Low
2021-12-10 16:00:00,0.0010427787407272615,0,Low
2021-12-10 17:00:00,0.0009828183630584942,0,Low
2021-12-10 18:00:00,0.0008920427496561942,0,Low
2021-12-10 19:00:00,0.000768262563109032,0,Low
2021-12-10 20:00:00,0.0009500000797258261,0,Low
2021-12-10 21:00:00,0.000768262563109032,0,Low
2021-12-10 22:00:00,0.000768262563109032,0,Low
2021-12-10 23:00:00,0.0006846013182757424,0,Low
2021-12-11 00:00:00,0.0007555258510345966,0,Low
2021-12-11 01:00:00,0.0011279823429303877,0,Low
2021-12-11 02:00:00,0.0011279823429303877,0,Low
2021-12-11 03:00:00,0.0011279823429303877,0,Low
2021-12-11 04:00:00,0.0011279823429303877,0,Low
2021-12-11 05:00:00,0.0011279823429303877,0,Low
2021-12-11 06:00:00,0.001049878856667205,0,Low
2021-12-11 07:00:00,0.001049878856667205,0,Low
2021-12-11 08:00:00,0.001156697514934808,0,Low
2021-12-11 09:00:00,0.001156697514934808,0,Low
2021-12-11 10:00:00,0.000986483586188355,0,Low
2021-12-11 11:00:00,0.000986483586188355,0,Low
2021-12-11 12:00:00,0.000986483586188355,0,Low
2021-12-11 13:00:00,0.0010466673397329764,0,Low
2021-12-11 14:00:00,0.0010466673397329764,0,Low
2021-12-11 15:00:00,0.0010466673397329764,0,Low
2021-12-11 16:00:00,0.0010466673397329764,0,Low
2021-12-11 17:00:00,0.0010466673397329764,0,Low
2021-12-11 18:00:00,0.0009500000797258261,0,Low
2021-12-11 19:00:00,0.0009500000797258261,0,Low
2021-12-11 20:00:00,0.0010641264892092689,0,Low
2021-12-11 21:00:00,0.000771128261217525,0,Low
2021-12-11 22:00:00,0.000771128261217525,0,Low
2021-12-11 23:00:00,0.000771128261217525,0,Low
2021-12-12 00:00:00,0.0009684687103282631,0,Low
2021-12-12 01:00:00,0.001040522171696217,0,Low
2021-12-12 02:00:00,0.001040522171696217,0,Low
2021-12-12 03:00:00,0.001040522171696217,0,Low
2021-12-12 04:00:00,0.001040522171696217,0,Low
2021-12-12 05:00:00,0.001040522171696217,0,Low
2021-12-12 06:00:00,0.0009684687103282631,0,Low
2021-12-12 07:00:00,0.0009684687103282631,0,Low
2021-12-12 08:00:00,0.0010670132387605503,0,Low
2021-12-12 09:00:00,0.0010670132387605503,0,Low
2021-12-12 10:00:00,0.0011381710904504348,0,Low
2021-12-12 11:00:00,0.0010466673397329764,0,Low
2021-12-12 12:00:00,0.0010466673397329764,0,Low
2021-12-12 13:00:00,0.0010466673397329764,0,Low
2021-12-12 14:00:00,0.0010466673397329764,0,Low
2021-12-12 15:00:00,0.0010466673397329764,0,Low
2021-12-12 16:00:00,0.0010466673397329764,0,Low
2021-12-12 17:00:00,0.0010466673397329764,0,Low
2021-12-12 18:00:00,0.000895369746826663,0,Low
2021-12-12 19:00:00,0.000895369746826663,0,Low
2021-12-12 20:00:00,0.000895369746826663,0,Low
2021-12-12 21:00:00,0.000895369746826663,0,Low
2021-12-12 22:00:00,0.0006846013182757424,0,Low
2021-12-12 23:00:00,0.0007555258510345966,0,Low
2021-12-13 00:00:00,0.00098461282006734,0,Low
2021-12-13 01:00:00,0.0011279823429303877,0,Low
2021-12-13 02:00:00,0.0011279823429303877,0,Low
2021-12-13 03:00:00,0.0011279823429303877,0,Low
2021-12-13 04:00:00,0.0011279823429303877,0,Low
2021-12-13 05:00:00,0.0011279823429303877,0,Low
2021-12-13 06:00:00,0.0011279823429303877,0,Low
2021-12-13 07:00:00,0.001049878856667205,0,Low
2021-12-13 08:00:00,0.001156697514934808,0,Low
2021-12-13 09:00:00,0.000986483586188355,0,Low
2021-12-13 10:00:00,0.0010466673397329764,0,Low
2021-12-13 11:00:00,0.0010466673397329764,0,Low
2021-12-13 12:00:00,0.0011236608090312513,0,Low
2021-12-13 13:00:00,0.0010466673397329764,0,Low
2021-12-13 14:00:00,0.0010466673397329764,0,Low
2021-12-13 15:00:00,0.0010466673397329764,0,Low
2021-12-13 16:00:00,0.0010466673397329764,0,Low
2021-12-13 17:00:00,0.000986483586188355,0,Low
2021-12-13 18:00:00,0.000895369746826663,0,Low
2021-12-13 19:00:00,0.000895369746826663,0,Low
2021-12-13 20:00:00,0.0006846013182757424,0,Low
2021-12-13 21:00:00,0.000771128261217525,0,Low
2021-12-13 22:00:00,0.000771128261217525,0,Low
2021-12-13 23:00:00,0.0009350497002803093,0,Low
2021-12-14 00:00:00,0.0009350497002803093,0,Low
2021-12-14 01:00:00,0.0011279823429303877,0,Low
2021-12-14 02:00:00,0.0011279823429303877,0,Low
2021-12-14 03:00:00,0.0011279823429303877,0,Low
2021-12-14 04:00:00,0.0011279823429303877,0,Low
2021-12-14 05:00:00,0.0012699318738941035,0,Low
2021-12-14 06:00:00,0.0011630797900865633,0,Low
2021-12-14 07:00:00,0.0011630797900865633,0,Low
2021-12-14 08:00:00,0.0011381710904504348,0,Low
2021-12-14 09:00:00,0.0010283591384590964,0,Low
2021-12-14 10:00:00,0.0010283591384590964,0,Low
2021-12-14 11:00:00,0.000986483586188355,0,Low
2021-12-14 12:00:00,0.000986483586188355,0,Low
2021-12-14 13:00:00,0.0010466673397329764,0,Low
2021-12-14 14:00:00,0.0010695756381425181,0,Low
2021-12-14 15:00:00,0.0010466673397329764,0,Low
2021-12-14 16:00:00,0.0011641932918071533,0,Low
2021-12-14 17:00:00,0.0011641932918071533,0,Low
2021-12-14 18:00:00,0.0011212735297353362,0,Low
2021-12-14 19:00:00,0.0011212735297353362,0,Low
2021-12-14 20:00:00,0.0008573733905560214,0,Low
2021-12-14 21:00:00,0.0006846013182757424,0,Low
2021-12-14 22:00:00,0.0006820569556126733,0,Low
2021-12-14 23:00:00,0.0008474830281852394,0,Low
2021-12-15 00:00:00,0.0010527454523409363,0,Low
2021-12-15 01:00:00,0.0012652148486830442,0,Low
2021-12-15 02:00:00,0.0012449525058928956,0,Low
2021-12-15 03:00:00,0.0011675738307297748,0,Low
2021-12-15 04:00:00,0.0011865782857611168,0,Low
2021-12-15 05:00:00,0.0011865782857611168,0,Low
2021-12-15 06:00:00,0.0011820111827373718,0,Low
2021-12-15 07:00:00,0.0011820111827373718,0,Low
2021-12-15 08:00:00,0.0012865623889579429,0,Low
2021-12-15 09:00:00,0.0010972591759909923,0,Low
2021-12-15 10:00:00,0.0010972591759909923,0,Low
2021-12-15 11:00:00,0.0011431260236669243,0,Low
2021-12-15 12:00:00,0.0010972591759909923,0,Low
2021-12-15 13:00:00,0.0011431260236669243,0,Low
2021-12-15 14:00:00,0.0011794961705750482,0,Low
2021-12-15 15:00:00,0.000986483586188355,0,Low
2021-12-15 16:00:00,0.000986483586188355,0,Low
2021-12-15 17:00:00,0.0007542833160644231,0,Low
2021-12-15 18:00:00,0.0010080759783540514,0,Low
2021-12-15 19:00:00,0.000921648098109979,0,Low
2021-12-15 20:00:00,0.0009182235461022131,0,Low
2021-12-15 21:00:00,0.0008155549127807692,0,Low
2021-12-15 22:00:00,0.0006846013182757424,0,Low
2021-12-15 23:00:00,0.0006846013182757424,0,Low
2021-12-16 00:00:00,0.00098461282006734,0,Low
2021-12-16 01:00:00,0.0010578661211730067,0,Low
2021-12-16 02:00:00,0.001191002484571016,0,Low
2021-12-16 03:00:00,0.001191002484571016,0,Low
2021-12-16 04:00:00,0.001191002484571016,0,Low
2021-12-16 05:00:00,0.001191002484571016,0,Low
2021-12-16 06:00:00,0.001108540215301726,0,Low
2021-12-16 07:00:00,0.001108540215301726,0,Low
2021-12-16 08:00:00,0.001297021859088091,0,Low
2021-12-16 09:00:00,0.001084798275223235,0,Low
2021-12-16 10:00:00,0.001084798275223235,0,Low
2021-12-16 11:00:00,0.0012252254510652907,0,Low
2021-12-16 12:00:00,0.0011014170246879836,0,Low
2021-12-16 13:00:00,0.0011014170246879836,0,Low
2021-12-16 14:00:00,0.000986483586188355,0,Low
2021-12-16 15:00:00,0.000986483586188355,0,Low
2021-12-16 16:00:00,0.0011114489662811728,0,Low
2021-12-16 17:00:00,0.0011114489662811728,0,Low
2021-12-16 18:00:00,0.001008804698985345,0,Low
2021-12-16 19:00:00,0.000771354502111846,0,Low
2021-12-16 20:00:00,0.000771354502111846,0,Low
2021-12-16 21:00:00,0.0008414323197960662,0,Low
2021-12-16 22:00:00,0.0008414323197960662,0,Low
2021-12-16 23:00:00,0.0012902809438587804,0,Low
2021-12-17 00:00:00,0.0012902809438587804,0,Low
2021-12-17 01:00:00,0.0012996740808251604,0,Low
2021-12-17 02:00:00,0.0012996740808251604,0,Low
2021-12-17 03:00:00,0.0012996740808251604,0,Low
2021-12-17 04:00:00,0.0012996740808251604,0,Low
2021-12-17 05:00:00,0.0012996740808251604,0,Low
2021-12-17 06:00:00,0.0012902809438587804,0,Low
2021-12-17 07:00:00,0.0012902809438587804,0,Low
2021-12-17 08:00:00,0.0012902809438587804,0,Low
2021-12-17 09:00:00,0.0012096967533100043,0,Low
2021-12-17 10:00:00,0.0012902809438587804,0,Low
2021-12-17 11:00:00,0.0011004311901510909,0,Low
2021-12-17 12:00:00,0.0011004311901510909,0,Low
2021-12-17 13:00:00,0.0011004311901510909,0,Low
2021-12-17 14:00:00,0.0011004311901510909,0,Low
2021-12-17 15:00:00,0.0011004311901510909,0,Low
2021-12-17 16:00:00,0.0011004311901510909,0,Low
2021-12-17 17:00:00,0.0011004311901510909,0,Low
2021-12-17 18:00:00,0.0011004311901510909,0,Low
2021-12-17 19:00:00,0.0008414323197960662,0,Low
2021-12-17 20:00:00,0.0008414323197960662,0,Low
2021-12-17 21:00:00,0.0008414323197960662,0,Low
2021-12-17 22:00:00,0.0008148110619147148,0,Low
2021-12-17 23:00:00,0.000899213154533259,0,Low
2021-12-18 00:00:00,0.0012494767597628497,0,Low
2021-12-18 01:00:00,0.0012996740808251604,0,Low
2021-12-18 02:00:00,0.00090809711871376,0,Low
2021-12-18 03:00:00,0.00090809711871376,0,Low
2021-12-18 04:00:00,0.00090809711871376,0,Low
2021-12-18 05:00:00,0.00090809711871376,0,Low
2021-12-18 06:00:00,0.0012494767597628497,0,Low
2021-12-18 07:00:00,0.00090809711871376,0,Low
2021-12-18 08:00:00,0.0013897436625796035,0,Low
2021-12-18 09:00:00,0.0012902809438587804,0,Low
2021-12-18 10:00:00,0.0012902809438587804,0,Low
2021-12-18 11:00:00,0.0008414323197960662,0,Low
2021-12-18 12:00:00,0.0008414323197960662,0,Low
2021-12-18 13:00:00,0.0011612093606307805,0,Low
2021-12-18 14:00:00,0.0010737747753176725,0,Low
2021-12-18 15:00:00,0.0011694307780233358,0,Low
2021-12-18 16:00:00,0.0007780569562516728,0,Low
2021-12-18 17:00:00,0.0008292399398180678,0,Low
2021-12-18 18:00:00,0.0008292399398180678,0,Low
2021-12-18 19:00:00,0.0008292399398180678,0,Low
2021-12-18 20:00:00,0.0008414323197960662,0,Low
2021-12-18 21:00:00,0.0008414323197960662,0,Low
2021-12-18 22:00:00,0.0008414323197960662,0,Low
2021-12-18 23:00:00,0.0009285894090496215,0,Low
2021-12-19 00:00:00,0.0012902809438587804,0,Low
2021-12-19 01:00:00,0.0012996740808251604,0,Low
2021-12-19 02:00:00,0.0012996740808251604,0,Low
2021-12-19 03:00:00,0.0012996740808251604,0,Low
2021-12-19 04:00:00,0.0012996740808251604,0,Low
2021-12-19 05:00:00,0.0008747214669510832,0,Low
2021-12-19 06:00:00,0.0008747214669510832,0,Low
2021-12-19 07:00:00,0.0011902516493430865,0,Low
2021-12-19 08:00:00,0.0011902516493430865,0,Low
2021-12-19 09:00:00,0.0011902516493430865,0,Low
2021-12-19 10:00:00,0.0011902516493430865,0,Low
2021-12-19 11:00:00,0.0011902516493430865,0,Low
2021-12-19 12:00:00,0.0011004311901510909,0,Low
2021-12-19 13:00:00,0.0011004311901510909,0,Low
2021-12-19 14:00:00,0.0010656244584996539,0,Low
2021-12-19 15:00:00,0.0011004311901510909,0,Low
2021-12-19 16:00:00,0.0011004311901510909,0,Low
2021-12-19 17:00:00,0.0011004311901510909,0,Low
2021-12-19 18:00:00,0.0011004311901510909,0,Low
2021-12-19 19:00:00,0.0011004311901510909,0,Low
2021-12-19 20:00:00,0.0007237739539937528,0,Low
2021-12-19 21:00:00,0.0007720133205452739,0,Low
2021-12-19 22:00:00,0.0009560079897381146,0,Low
2021-12-19 23:00:00,0.001149188364972228,0,Low
2021-12-20 00:00:00,0.0012186554028655908,0,Low
2021-12-20 01:00:00,0.0012275277527999018,0,Low
2021-12-20 02:00:00,0.0012275277527999018,0,Low
2021-12-20 03:00:00,0.001201243097039803,0,Low
2021-12-20 04:00:00,0.001180113647190977,0,Low
2021-12-20 05:00:00,0.0009007029359631599,0,Low
2021-12-20 06:00:00,0.0008747214669510832,0,Low
2021-12-20 07:00:00,0.0008263980966055937,0,Low
2021-12-20 08:00:00,0.0009918010933348757,0,Low
2021-12-20 09:00:00,0.0012781994964142017,0,Low
2021-12-20 10:00:00,0.0010656244584996539,0,Low
2021-12-20 11:00:00,0.0010656244584996539,0,Low
2021-12-20 12:00:00,0.0008860760561023345,0,Low
2021-12-20 13:00:00,0.0008860760561023345,0,Low
2021-12-20 14:00:00,0.0009139195748406404,0,Low
2021-12-20 15:00:00,0.0009139195748406404,0,Low
2021-12-20 16:00:00,0.0011004311901510909,0,Low
2021-12-20 17:00:00,0.0011004311901510909,0,Low
2021-12-20 18:00:00,0.0011004311901510909,0,Low
2021-12-20 19:00:00,0.0011004311901510909,0,Low
2021-12-20 20:00:00,0.0008634326040540741,0,Low
2021-12-20 21:00:00,0.0008385253241303338,0,Low
2021-12-20 22:00:00,0.0009160583767008648,0,Low
2021-12-20 23:00:00,0.0008025582861020068,0,Low
2021-12-21 00:00:00,0.0008025582861020068,0,Low
2021-12-21 01:00:00,0.0012996740808251604,0,Low
2021-12-21 02:00:00,0.0012699318738941035,0,Low
2021-12-21 03:00:00,0.0012699318738941035,0,Low
2021-12-21 04:00:00,0.0012699318738941035,0,Low
2021-12-21 05:00:00,0.0012699318738941035,0,Low
2021-12-21 06:00:00,0.0012699318738941035,0,Low
2021-12-21 07:00:00,0.001108540215301726,0,Low
2021-12-21 08:00:00,0.0012865623889579429,0,Low
2021-12-21 09:00:00,0.0012865623889579429,0,Low
2021-12-21 10:00:00,0.0010972591759909923,0,Low
2021-12-21 11:00:00,0.000986483586188355,0,Low
2021-12-21 12:00:00,0.0010590545964466777,0,Low
2021-12-21 13:00:00,0.0010590545964466777,0,Low
2021-12-21 14:00:00,0.000986483586188355,0,Low
2021-12-21 15:00:00,0.000986483586188355,0,Low
2021-12-21 16:00:00,0.000986483586188355,0,Low
2021-12-21 17:00:00,0.000986483586188355,0,Low
2021-12-21 18:00:00,0.000895369746826663,0,Low
2021-12-21 19:00:00,0.000895369746826663,0,Low
2021-12-21 20:00:00,0.0007615033636780359,0,Low
2021-12-21 21:00:00,0.0006846013182757424,0,Low
2021-12-21 22:00:00,0.0006846013182757424,0,Low
2021-12-21 23:00:00,0.0007555258510345966,0,Low
2021-12-22 00:00:00,0.0009082589586670293,0,Low
2021-12-22 01:00:00,0.0009758372280438123,0,Low
2021-12-22 02:00:00,0.0010539359601310244,0,Low
2021-12-22 03:00:00,0.0010539359601310244,0,Low
2021-12-22 04:00:00,0.0010539359601310244,0,Low
2021-12-22 05:00:00,0.0010539359601310244,0,Low
2021-12-22 06:00:00,0.0010578661211730067,0,Low
2021-12-22 07:00:00,0.0009809545408365225,0,Low
2021-12-22 08:00:00,0.0009809545408365225,0,Low
2021-12-22 09:00:00,0.0010807681646861917,0,Low
2021-12-22 10:00:00,0.000986483586188355,0,Low
2021-12-22 11:00:00,0.000986483586188355,0,Low
2021-12-22 12:00:00,0.000986483586188355,0,Low
2021-12-22 13:00:00,0.000986483586188355,0,Low
2021-12-22 14:00:00,0.0007542833160644231,0,Low
2021-12-22 15:00:00,0.0010371073765553375,0,Low
2021-12-22 16:00:00,0.0009828183630584942,0,Low
2021-12-22 17:00:00,0.0012252254510652907,0,Low
2021-12-22 18:00:00,0.0006846013182757424,0,Low
2021-12-22 19:00:00,0.0006846013182757424,0,Low
2021-12-22 20:00:00,0.0007615033636780359,0,Low
2021-12-22 21:00:00,0.0006846013182757424,0,Low
2021-12-22 22:00:00,0.0006846013182757424,0,Low
2021-12-22 23:00:00,0.0007555258510345966,0,Low
2021-12-23 00:00:00,0.00098461282006734,0,Low
2021-12-23 01:00:00,0.0010578661211730067,0,Low
2021-12-23 02:00:00,0.0010578661211730067,0,Low
2021-12-23 03:00:00,0.0010578661211730067,0,Low
2021-12-23 04:00:00,0.0011279823429303877,0,Low
2021-12-23 05:00:00,0.0011279823429303877,0,Low
2021-12-23 06:00:00,0.001049878856667205,0,Low
2021-12-23 07:00:00,0.001049878856667205,0,Low
2021-12-23 08:00:00,0.001156697514934808,0,Low
2021-12-23 09:00:00,0.001152400601245716,0,Low
2021-12-23 10:00:00,0.001152400601245716,0,Low
2021-12-23 11:00:00,0.000986483586188355,0,Low
2021-12-23 12:00:00,0.0007542833160644231,0,Low
2021-12-23 13:00:00,0.0007542833160644231,0,Low
2021-12-23 14:00:00,0.001104479349813619,0,Low
2021-12-23 15:00:00,0.000771128261217525,0,Low
2021-12-23 16:00:00,0.0010466673397329764,0,Low
2021-12-23 17:00:00,0.0008496098975168591,0,Low
2021-12-23 18:00:00,0.000771128261217525,0,Low
2021-12-23 19:00:00,0.000771128261217525,0,Low
2021-12-23 20:00:00,0.000771128261217525,0,Low
2021-12-23 21:00:00,0.000771128261217525,0,Low
2021-12-23 22:00:00,0.000771128261217525,0,Low
2021-12-23 23:00:00,0.00098461282006734,0,Low
2021-12-24 00:00:00,0.00098461282006734,0,Low
2021-12-24 01:00:00,0.0010578661211730067,0,Low
2021-12-24 02:00:00,0.0010578661211730067,0,Low
2021-12-24 03:00:00,0.0010539359601310244,0,Low
2021-12-24 04:00:00,0.0010539359601310244,0,Low
2021-12-24 05:00:00,0.0010539359601310244,0,Low
2021-12-24 06:00:00,0.0009652402107346372,0,Low
2021-12-24 07:00:00,0.0009652402107346372,0,Low
2021-12-24 08:00:00,0.0010634565795693278,0,Low
2021-12-24 09:00:00,0.0009969651771504914,0,Low
2021-12-24 10:00:00,0.001084798275223235,0,Low
2021-12-24 11:00:00,0.001084798275223235,0,Low
2021-12-24 12:00:00,0.001084798275223235,0,Low
2021-12-24 13:00:00,0.001164593408685024,0,Low
2021-12-24 14:00:00,0.0012417748077625185,0,Low
2021-12-24 15:00:00,0.001156697514934808,0,Low
2021-12-24 16:00:00,0.001156697514934808,0,Low
2021-12-24 17:00:00,0.001156697514934808,0,Low
2021-12-24 18:00:00,0.001049878856667205,0,Low
2021-12-24 19:00:00,0.0010459783386640165,0,Low
2021-12-24 20:00:00,0.0010459783386640165,0,Low
2021-12-24 21:00:00,0.0010459783386640165,0,Low
2021-12-24 22:00:00,0.0009809545408365225,0,Low
2021-12-24 23:00:00,0.0009809545408365225,0,Low
2021-12-25 00:00:00,0.0009809545408365225,0,Low
2021-12-25 01:00:00,0.0010539359601310244,0,Low
2021-12-25 02:00:00,0.0010539359601310244,0,Low
2021-12-25 03:00:00,0.0010539359601310244,0,Low
2021-12-25 04:00:00,0.0010539359601310244,0,Low
2021-12-25 05:00:00,0.0010539359601310244,0,Low
2021-12-25 06:00:00,0.0009809545408365225,0,Low
2021-12-25 07:00:00,0.0009048841113953892,0,Low
2021-12-25 08:00:00,0.0009969651771504914,0,Low
2021-12-25 09:00:00,0.0009401754770599377,0,Low
2021-12-25 10:00:00,0.0010867665315464987,0,Low
2021-12-25 11:00:00,0.0010867665315464987,0,Low
2021-12-25 12:00:00,0.0010867665315464987,0,Low
2021-12-25 13:00:00,0.0010867665315464987,0,Low
2021-12-25 14:00:00,0.001152400601245716,0,Low
2021-12-25 15:00:00,0.001152400601245716,0,Low
2021-12-25 16:00:00,0.001152400601245716,0,Low
2021-12-25 17:00:00,0.001152400601245716,0,Low
2021-12-25 18:00:00,0.0010459783386640165,0,Low
2021-12-25 19:00:00,0.0010459783386640165,0,Low
2021-12-25 20:00:00,0.0010459783386640165,0,Low
2021-12-25 21:00:00,0.0010459783386640165,0,Low
2021-12-25 22:00:00,0.0010459783386640165,0,Low
2021-12-25 23:00:00,0.0010459783386640165,0,Low
2021-12-26 00:00:00,0.0010459783386640165,0,Low
2021-12-26 01:00:00,0.0011237919806885107,0,Low
2021-12-26 02:00:00,0.0011237919806885107,0,Low
2021-12-26 03:00:00,0.0011237919806885107,0,Low
2021-12-26 04:00:00,0.0012652148486830442,0,Low
2021-12-26 05:00:00,0.0012652148486830442,0,Low
2021-12-26 06:00:00,0.001177620344400357,0,Low
2021-12-26 07:00:00,0.001177620344400357,0,Low
2021-12-26 08:00:00,0.0011105515010730207,0,Low
2021-12-26 09:00:00,0.0010867665315464987,0,Low
2021-12-26 10:00:00,0.0010867665315464987,0,Low
2021-12-26 11:00:00,0.0010867665315464987,0,Low
2021-12-26 12:00:00,0.001152400601245716,0,Low
2021-12-26 13:00:00,0.0010867665315464987,0,Low
2021-12-26 14:00:00,0.001152400601245716,0,Low
2021-12-26 15:00:00,0.001152400601245716,0,Low
2021-12-26 16:00:00,0.001152400601245716,0,Low
2021-12-26 17:00:00,0.001152400601245716,0,Low
2021-12-26 18:00:00,0.0010459783386640165,0,Low
2021-12-26 19:00:00,0.0010459783386640165,0,Low
2021-12-26 20:00:00,0.0010459783386640165,0,Low
2021-12-26 21:00:00,0.0010459783386640165,0,Low
2021-12-26 22:00:00,0.0010459783386640165,0,Low
2021-12-26 23:00:00,0.0010459783386640165,0,Low
2021-12-27 00:00:00,0.0010459783386640165,0,Low
2021-12-27 01:00:00,0.0011237919806885107,0,Low
2021-12-27 02:00:00,0.0011237919806885107,0,Low
2021-12-27 03:00:00,0.0011237919806885107,0,Low
2021-12-27 04:00:00,0.0011237919806885107,0,Low
2021-12-27 05:00:00,0.0011237919806885107,0,Low
2021-12-27 06:00:00,0.0012652148486830442,0,Low
2021-12-27 07:00:00,0.001177620344400357,0,Low
2021-12-27 08:00:00,0.001152400601245716,0,Low
2021-12-27 09:00:00,0.001152400601245716,0,Low
2021-12-27 10:00:00,0.0010807681646861917,0,Low
2021-12-27 11:00:00,0.001152400601245716,0,Low
2021-12-27 12:00:00,0.001152400601245716,0,Low
2021-12-27 13:00:00,0.0012371622393870533,0,Low
2021-12-27 14:00:00,0.001152400601245716,0,Low
2021-12-27 15:00:00,0.001152400601245716,0,Low
2021-12-27 16:00:00,0.0010459783386640165,0,Low
2021-12-27 17:00:00,0.0010459783386640165,0,Low
2021-12-27 18:00:00,0.0010459783386640165,0,Low
2021-12-27 19:00:00,0.0011634270157571765,0,Low
2021-12-27 20:00:00,0.001188373385667723,0,Low
2021-12-27 21:00:00,0.0010459783386640165,0,Low
2021-12-27 22:00:00,0.0010459783386640165,0,Low
2021-12-27 23:00:00,0.0009809545408365225,0,Low
2021-12-28 00:00:00,0.0009809545408365225,0,Low
2021-12-28 01:00:00,0.0010539359601310244,0,Low
2021-12-28 02:00:00,0.0010539359601310244,0,Low
2021-12-28 03:00:00,0.0010539359601310244,0,Low
2021-12-28 04:00:00,0.0010539359601310244,0,Low
2021-12-28 05:00:00,0.0011865782857611168,0,Low
2021-12-28 06:00:00,0.0011044219991174968,0,Low
2021-12-28 07:00:00,0.0011044219991174968,0,Low
2021-12-28 08:00:00,0.0011044219991174968,0,Low
2021-12-28 09:00:00,0.0011044219991174968,0,Low
2021-12-28 10:00:00,0.0011044219991174968,0,Low
2021-12-28 11:00:00,0.0012284250086022866,0,Low
2021-12-28 12:00:00,0.001152400601245716,0,Low
2021-12-28 13:00:00,0.001152400601245716,0,Low
2021-12-28 14:00:00,0.001152400601245716,0,Low
2021-12-28 15:00:00,0.001152400601245716,0,Low
2021-12-28 16:00:00,0.001152400601245716,0,Low
2021-12-28 17:00:00,0.001152400601245716,0,Low
2021-12-28 18:00:00,0.001177620344400357,0,Low
2021-12-28 19:00:00,0.001177620344400357,0,Low
2021-12-28 20:00:00,0.0010459783386640165,0,Low
2021-12-28 21:00:00,0.0010459783386640165,0,Low
2021-12-28 22:00:00,0.0010459783386640165,0,Low
2021-12-28 23:00:00,0.0010459783386640165,0,Low
2021-12-29 00:00:00,0.0009652402107346372,0,Low
2021-12-29 01:00:00,0.0010370537231086522,0,Low
2021-12-29 02:00:00,0.0010370537231086522,0,Low
2021-12-29 03:00:00,0.0011675738307297748,0,Low
2021-12-29 04:00:00,0.0011675738307297748,0,Low
2021-12-29 05:00:00,0.0011675738307297748,0,Low
2021-12-29 06:00:00,0.0010867319425585877,0,Low
2021-12-29 07:00:00,0.0011328581432557938,0,Low
2021-12-29 08:00:00,0.0010634565795693278,0,Low
2021-12-29 09:00:00,0.0010028831604527338,0,Low
2021-12-29 10:00:00,0.001019209701123429,0,Low
2021-12-29 11:00:00,0.001019209701123429,0,Low
2021-12-29 12:00:00,0.0010941855826182602,0,Low
2021-12-29 13:00:00,0.0010941855826182602,0,Low
2021-12-29 14:00:00,0.0011667062760764297,0,Low
2021-12-29 15:00:00,0.001152400601245716,0,Low
2021-12-29 16:00:00,0.001152400601245716,0,Low
2021-12-29 17:00:00,0.001152400601245716,0,Low
2021-12-29 18:00:00,0.001177620344400357,0,Low
2021-12-29 19:00:00,0.001177620344400357,0,Low
2021-12-29 20:00:00,0.000768262563109032,0,Low
2021-12-29 21:00:00,0.0010459783386640165,0,Low
2021-12-29 22:00:00,0.0010459783386640165,0,Low
2021-12-29 23:00:00,0.0010459783386640165,0,Low
2021-12-30 00:00:00,0.0009809545408365225,0,Low
2021-12-30 01:00:00,0.0011865782857611168,0,Low
2021-12-30 02:00:00,0.0011865782857611168,0,Low
2021-12-30 03:00:00,0.0011865782857611168,0,Low
2021-12-30 04:00:00,0.0011675738307297748,0,Low
2021-12-30 05:00:00,0.0011675738307297748,0,Low
2021-12-30 06:00:00,0.001234668154908579,0,Low
2021-12-30 07:00:00,0.0010867319425585877,0,Low
2021-12-30 08:00:00,0.0010634565795693278,0,Low
2021-12-30 09:00:00,0.0012278935292301047,0,Low
2021-12-30 10:00:00,0.0011579648037810205,0,Low
2021-12-30 11:00:00,0.0011579648037810205,0,Low
2021-12-30 12:00:00,0.0010941855826182602,0,Low
2021-12-30 13:00:00,0.0010807681646861917,0,Low
2021-12-30 14:00:00,0.0012983566360069935,0,Low
2021-12-30 15:00:00,0.0012983566360069935,0,Low
2021-12-30 16:00:00,0.0012983566360069935,0,Low
2021-12-30 17:00:00,0.0012983566360069935,0,Low
2021-12-30 18:00:00,0.0011784714811316952,0,Low
2021-12-30 19:00:00,0.0010050566264768355,0,Low
2021-12-30 20:00:00,0.0007684879638843859,0,Low
2021-12-30 21:00:00,0.0011052202895624724,0,Low
2021-12-30 22:00:00,0.0011052202895624724,0,Low
2021-12-30 23:00:00,0.0011052202895624724,0,Low
2021-12-31 00:00:00,0.0011052202895624724,0,Low
2021-12-31 01:00:00,0.0010539359601310244,0,Low
2021-12-31 02:00:00,0.0010539359601310244,0,Low
2021-12-31 03:00:00,0.0011865782857611168,0,Low
2021-12-31 04:00:00,0.0011865782857611168,0,Low
2021-12-31 05:00:00,0.0011865782857611168,0,Low
2021-12-31 06:00:00,0.0011044219991174968,0,Low
2021-12-31 07:00:00,0.001177620344400357,0,Low
2021-12-31 08:00:00,0.0011339429208126162,0,Low
2021-12-31 09:00:00,0.0011339429208126162,0,Low
2021-12-31 10:00:00,0.0010630491307117012,0,Low
2021-12-31 11:00:00,0.0010867665315464987,0,Low
2021-12-31 12:00:00,0.0012371622393870533,0,Low
2021-12-31 13:00:00,0.001152400601245716,0,Low
2021-12-31 14:00:00,0.001152400601245716,0,Low
2021-12-31 15:00:00,0.001152400601245716,0,Low
2021-12-31 16:00:00,0.001152400601245716,0,Low
2021-12-31 17:00:00,0.001152400601245716,0,Low
2021-12-31 18:00:00,0.0010459783386640165,0,Low
2021-12-31 19:00:00,0.0010459783386640165,0,Low
2021-12-31 20:00:00,0.0010459783386640165,0,Low
2021-12-31 21:00:00,0.0010459783386640165,0,Low
2021-12-31 22:00:00,0.0010459783386640165,0,Low
2021-12-31 23:00:00,0.0010459783386640165,0,Low
2022-01-01 00:00:00,0.0014564181797664755,0,Low
2022-01-01 01:00:00,0.0014674937691046626,0,Low
2022-01-01 02:00:00,0.0014674937691046626,0,Low
2022-01-01 03:00:00,0.0014674937691046626,0,Low
2022-01-01 04:00:00,0.0014674937691046626,0,Low
2022-01-01 05:00:00,0.0014674937691046626,0,Low
2022-01-01 06:00:00,0.0013659140597462509,0,Low
2022-01-01 07:00:00,0.0014649501018633934,0,Low
2022-01-01 08:00:00,0.0011459763518066831,0,Low
2022-01-01 09:00:00,0.0012219254472615876,0,Low
2022-01-01 10:00:00,0.0012219254472615876,0,Low
2022-01-01 11:00:00,0.0012219254472615876,0,Low
2022-01-01 12:00:00,0.0013117940772422645,0,Low
2022-01-01 13:00:00,0.0014035576596742962,0,Low
2022-01-01 14:00:00,0.0014035576596742962,0,Low
2022-01-01 15:00:00,0.0013074107032132356,0,Low
2022-01-01 16:00:00,0.0013863518410307527,0,Low
2022-01-01 17:00:00,0.0013863518410307527,0,Low
2022-01-01 18:00:00,0.0013863518410307527,0,Low
2022-01-01 19:00:00,0.0014785900240159042,0,Low
2022-01-01 20:00:00,0.001651623721565867,0,Low
2022-01-01 21:00:00,0.0015184315441047439,0,Low
2022-01-01 22:00:00,0.0014330981205264767,0,Low
2022-01-01 23:00:00,0.0014330981205264767,0,Low
2022-01-02 00:00:00,0.0014330981205264767,0,Low
2022-01-02 01:00:00,0.0015396664420422913,0,Low
2022-01-02 02:00:00,0.0014674937691046626,0,Low
2022-01-02 03:00:00,0.0014674937691046626,0,Low
2022-01-02 04:00:00,0.0014439966248085089,0,Low
2022-01-02 05:00:00,0.0014439966248085089,0,Low
2022-01-02 06:00:00,0.0013440411951723696,0,Low
2022-01-02 07:00:00,0.0012904459239287851,0,Low
2022-01-02 08:00:00,0.0011276214506320255,0,Low
2022-01-02 09:00:00,0.0010812606355168465,0,Low
2022-01-02 10:00:00,0.0010812606355168465,0,Low
2022-01-02 11:00:00,0.0010812606355168465,0,Low
2022-01-02 12:00:00,0.0011607958511614877,0,Low
2022-01-02 13:00:00,0.0012907867348944657,0,Low
2022-01-02 14:00:00,0.0014035576596742962,0,Low
2022-01-02 15:00:00,0.0013863518410307527,0,Low
2022-01-02 16:00:00,0.0013863518410307527,0,Low
2022-01-02 17:00:00,0.0015486080000275597,0,Low
2022-01-02 18:00:00,0.0013845773378673588,0,Low
2022-01-02 19:00:00,0.0013845773378673588,0,Low
2022-01-02 20:00:00,0.0013845773378673588,0,Low
2022-01-02 21:00:00,0.0014439245529667003,0,Low
2022-01-02 22:00:00,0.0014564181797664755,0,Low
2022-01-02 23:00:00,0.0014564181797664755,0,Low
2022-01-03 00:00:00,0.0013659140597462509,0,Low
2022-01-03 01:00:00,0.0014674937691046626,0,Low
2022-01-03 02:00:00,0.0014674937691046626,0,Low
2022-01-03 03:00:00,0.0014674937691046626,0,Low
2022-01-03 04:00:00,0.0014674937691046626,0,Low
2022-01-03 05:00:00,0.0013537446364012017,0,Low
2022-01-03 06:00:00,0.0013537446364012017,0,Low
2022-01-03 07:00:00,0.001260028690115292,0,Low
2022-01-03 08:00:00,0.0011600447398101928,0,Low
2022-01-03 09:00:00,0.0010136571845107212,0,Low
2022-01-03 10:00:00,0.0010136571845107212,0,Low
2022-01-03 11:00:00,0.001080846372659168,0,Low
2022-01-03 12:00:00,0.0013243150661587206,0,Low
2022-01-03 13:00:00,0.0013458673412512499,0,Low
2022-01-03 14:00:00,0.0012914057850263604,0,Low
2022-01-03 15:00:00,0.001202932237499257,0,Low
2022-01-03 16:00:00,0.0014945844260351605,0,Low
2022-01-03 17:00:00,0.0013935477899752406,0,Low
2022-01-03 18:00:00,0.001252897418095691,0,Low
2022-01-03 19:00:00,0.001252897418095691,0,Low
2022-01-03 20:00:00,0.0011808693776552204,0,Low
2022-01-03 21:00:00,0.001122379988695033,0,Low
2022-01-03 22:00:00,0.0014484869871362232,0,Low
2022-01-03 23:00:00,0.0014564181797664755,0,Low
2022-01-04 00:00:00,0.0014564181797664755,0,Low
2022-01-04 01:00:00,0.0015647179147490794,0,Low
2022-01-04 02:00:00,0.0015647179147490794,0,Low
2022-01-04 03:00:00,0.0015647179147490794,0,Low
2022-01-04 04:00:00,0.0015647179147490794,0,Low
2022-01-04 05:00:00,0.0015647179147490794,0,Low
2022-01-04 06:00:00,0.001500413392172567,0,Low
2022-01-04 07:00:00,0.0013965581782037157,0,Low
2022-01-04 08:00:00,0.0012424486530286918,0,Low
2022-01-04 09:00:00,0.0012424486530286918,0,Low
2022-01-04 10:00:00,0.0013597987216689635,0,Low
2022-01-04 11:00:00,0.00114612331110446,0,Low
2022-01-04 12:00:00,0.0012171666282550446,0,Low
2022-01-04 13:00:00,0.0011337733933295493,0,Low
2022-01-04 14:00:00,0.0011337733933295493,0,Low
2022-01-04 15:00:00,0.0012665057106539097,0,Low
2022-01-04 16:00:00,0.0011808693776552204,0,Low
2022-01-04 17:00:00,0.0011808693776552204,0,Low
2022-01-04 18:00:00,0.0011808693776552204,0,Low
2022-01-04 19:00:00,0.0011808693776552204,0,Low
2022-01-04 20:00:00,0.0011808693776552204,0,Low
2022-01-04 21:00:00,0.0009029555878350969,0,Low
2022-01-04 22:00:00,0.000996479013428525,0,Low
2022-01-04 23:00:00,0.0014439245529667003,0,Low
2022-01-05 00:00:00,0.0013495253789277838,0,Low
2022-01-05 01:00:00,0.0015647179147490794,0,Low
2022-01-05 02:00:00,0.0015647179147490794,0,Low
2022-01-05 03:00:00,0.0015647179147490794,0,Low
2022-01-05 04:00:00,0.0015647179147490794,0,Low
2022-01-05 05:00:00,0.0015647179147490794,0,Low
2022-01-05 06:00:00,0.001500413392172567,0,Low
2022-01-05 07:00:00,0.0013408715404297912,0,Low
2022-01-05 08:00:00,0.0011716919834683075,0,Low
2022-01-05 09:00:00,0.0010988617269361537,0,Low
2022-01-05 10:00:00,0.0010988617269361537,0,Low
2022-01-05 11:00:00,0.0010691990859841294,0,Low
2022-01-05 12:00:00,0.0011478480993862953,0,Low
2022-01-05 13:00:00,0.0011478480993862953,0,Low
2022-01-05 14:00:00,0.0011478480993862953,0,Low
2022-01-05 15:00:00,0.0010691990859841294,0,Low
2022-01-05 16:00:00,0.0011344234468339555,0,Low
2022-01-05 17:00:00,0.001202932237499257,0,Low
2022-01-05 18:00:00,0.0013432782232581486,0,Low
2022-01-05 19:00:00,0.001202932237499257,0,Low
2022-01-05 20:00:00,0.001252897418095691,0,Low
2022-01-05 21:00:00,0.001252897418095691,0,Low
2022-01-05 22:00:00,0.0010170522973692276,0,Low
2022-01-05 23:00:00,0.0014484869871362232,0,Low
2022-01-06 00:00:00,0.0013659140597462509,0,Low
2022-01-06 01:00:00,0.0014674937691046626,0,Low
2022-01-06 02:00:00,0.0014089826223912495,0,Low
2022-01-06 03:00:00,0.0014089826223912495,0,Low
2022-01-06 04:00:00,0.0015738832733945259,0,Low
2022-01-06 05:00:00,0.0015092026554671563,0,Low
2022-01-06 06:00:00,0.001351069623846172,0,Low
2022-01-06 07:00:00,0.0011859236142519342,0,Low
2022-01-06 08:00:00,0.0012222412004635262,0,Low
2022-01-06 09:00:00,0.0012222412004635262,0,Low
2022-01-06 10:00:00,0.0010988617269361537,0,Low
2022-01-06 11:00:00,0.0011945340945951684,0,Low
2022-01-06 12:00:00,0.0012781055182580032,0,Low
2022-01-06 13:00:00,0.0012781055182580032,0,Low
2022-01-06 14:00:00,0.0012781055182580032,0,Low
2022-01-06 15:00:00,0.0014215817257003588,0,Low
2022-01-06 16:00:00,0.0012781055182580032,0,Low
2022-01-06 17:00:00,0.0012781055182580032,0,Low
2022-01-06 18:00:00,0.0013552796174157355,0,Low
2022-01-06 19:00:00,0.0013552796174157355,0,Low
2022-01-06 20:00:00,0.0012781055182580032,0,Low
2022-01-06 21:00:00,0.0012781055182580032,0,Low
2022-01-06 22:00:00,0.000969664606021391,0,Low
2022-01-06 23:00:00,0.001115972394205145,0,Low
2022-01-07 00:00:00,0.0012911197820379668,0,Low
2022-01-07 01:00:00,0.0012312199939548637,0,Low
2022-01-07 02:00:00,0.0012312199939548637,0,Low
2022-01-07 03:00:00,0.0013287545655807063,0,Low
2022-01-07 04:00:00,0.0014168000272714112,0,Low
2022-01-07 05:00:00,0.0013585661493771845,0,Low
2022-01-07 06:00:00,0.0013585661493771845,0,Low
2022-01-07 07:00:00,0.0011716919834683075,0,Low
2022-01-07 08:00:00,0.0011716919834683075,0,Low
2022-01-07 09:00:00,0.0011716919834683075,0,Low
2022-01-07 10:00:00,0.0010602369822188462,0,Low
2022-01-07 11:00:00,0.0010602369822188462,0,Low
2022-01-07 12:00:00,0.0010602369822188462,0,Low
2022-01-07 13:00:00,0.0011344234468339555,0,Low
2022-01-07 14:00:00,0.0011344234468339555,0,Low
2022-01-07 15:00:00,0.0011344234468339555,0,Low
2022-01-07 16:00:00,0.0011344234468339555,0,Low
2022-01-07 17:00:00,0.0011344234468339555,0,Low
2022-01-07 18:00:00,0.0011344234468339555,0,Low
2022-01-07 19:00:00,0.001202932237499257,0,Low
2022-01-07 20:00:00,0.001202932237499257,0,Low
2022-01-07 21:00:00,0.0011344234468339555,0,Low
2022-01-07 22:00:00,0.0011970768016234768,0,Low
2022-01-07 23:00:00,0.0010689845104633077,0,Low
2022-01-08 00:00:00,0.001067524493183417,0,Low
2022-01-08 01:00:00,0.0012229520100169643,0,Low
2022-01-08 02:00:00,0.0012229520100169643,0,Low
2022-01-08 03:00:00,0.0012229520100169643,0,Low
2022-01-08 04:00:00,0.0012229520100169643,0,Low
2022-01-08 05:00:00,0.0012229520100169643,0,Low
2022-01-08 06:00:00,0.0012229520100169643,0,Low
2022-01-08 07:00:00,0.0011382801501876418,0,Low
2022-01-08 08:00:00,0.0010547122061437412,0,Low
2022-01-08 09:00:00,0.0010547122061437412,0,Low
2022-01-08 10:00:00,0.0010547122061437412,0,Low
2022-01-08 11:00:00,0.0010547122061437412,0,Low
2022-01-08 12:00:00,0.0009624421689885572,0,Low
2022-01-08 13:00:00,0.0009624421689885572,0,Low
2022-01-08 14:00:00,0.0009624421689885572,0,Low
2022-01-08 15:00:00,0.0009624421689885572,0,Low
2022-01-08 16:00:00,0.0009624421689885572,0,Low
2022-01-08 17:00:00,0.001021160694151611,0,Low
2022-01-08 18:00:00,0.001021160694151611,0,Low
2022-01-08 19:00:00,0.001021160694151611,0,Low
2022-01-08 20:00:00,0.001021160694151611,0,Low
2022-01-08 21:00:00,0.0009624421689885572,0,Low
2022-01-08 22:00:00,0.001077565380469419,0,Low
2022-01-08 23:00:00,0.0010547122061437412,0,Low
2022-01-09 00:00:00,0.0010547122061437412,0,Low
2022-01-09 01:00:00,0.0011331748511968394,0,Low
2022-01-09 02:00:00,0.0011331748511968394,0,Low
2022-01-09 03:00:00,0.0012229520100169643,0,Low
2022-01-09 04:00:00,0.0012229520100169643,0,Low
2022-01-09 05:00:00,0.0012229520100169643,0,Low
2022-01-09 06:00:00,0.0012229520100169643,0,Low
2022-01-09 07:00:00,0.0009891460004298246,0,Low
2022-01-09 08:00:00,0.0009891460004298246,0,Low
2022-01-09 09:00:00,0.0010547122061437412,0,Low
2022-01-09 10:00:00,0.0010547122061437412,0,Low
2022-01-09 11:00:00,0.0010547122061437412,0,Low
2022-01-09 12:00:00,0.0010999090940065712,0,Low
2022-01-09 13:00:00,0.0010156067845870616,0,Low
2022-01-09 14:00:00,0.0010156067845870616,0,Low
2022-01-09 15:00:00,0.0010769478729559748,0,Low
2022-01-09 16:00:00,0.0009900534207274154,0,Low
2022-01-09 17:00:00,0.001084489982053653,0,Low
2022-01-09 18:00:00,0.001039149747679779,0,Low
2022-01-09 19:00:00,0.0014406711035067803,0,Low
2022-01-09 20:00:00,0.0012952707584295003,0,Low
2022-01-09 21:00:00,0.0012403007788775323,0,Low
2022-01-09 22:00:00,0.001267438979589684,0,Low
2022-01-09 23:00:00,0.0010827833833151432,0,Low
2022-01-10 00:00:00,0.001094204803354282,0,Low
2022-01-10 01:00:00,0.0011262914044212519,0,Low
2022-01-10 02:00:00,0.0011021720977689175,0,Low
2022-01-10 03:00:00,0.0010265532081183818,0,Low
2022-01-10 04:00:00,0.00112712495075552,0,Low
2022-01-10 05:00:00,0.00112712495075552,0,Low
2022-01-10 06:00:00,0.0008986732897653874,0,Low
2022-01-10 07:00:00,0.0010148193833080256,0,Low
2022-01-10 08:00:00,0.0010316936307406082,0,Low
2022-01-10 09:00:00,0.0011184125575806208,0,Low
2022-01-10 10:00:00,0.0010065162787739831,0,Low
2022-01-10 11:00:00,0.0010065162787739831,0,Low
2022-01-10 12:00:00,0.0009538270753208513,0,Low
2022-01-10 13:00:00,0.0010120205266965815,0,Low
2022-01-10 14:00:00,0.0010120205266965815,0,Low
2022-01-10 15:00:00,0.0010120205266965815,0,Low
2022-01-10 16:00:00,0.0010120205266965815,0,Low
2022-01-10 17:00:00,0.0010120205266965815,0,Low
2022-01-10 18:00:00,0.0010120205266965815,0,Low
2022-01-10 19:00:00,0.0010120205266965815,0,Low
2022-01-10 20:00:00,0.0008214807215890472,0,Low
2022-01-10 21:00:00,0.0007293079415652911,0,Low
2022-01-10 22:00:00,0.0007293079415652911,0,Low
2022-01-10 23:00:00,0.000996095089723565,0,Low
2022-01-11 00:00:00,0.0012070215689816456,0,Low
2022-01-11 01:00:00,0.0012162028877259286,0,Low
2022-01-11 02:00:00,0.0012162028877259286,0,Low
2022-01-11 03:00:00,0.0012162028877259286,0,Low
2022-01-11 04:00:00,0.0011219100583286603,0,Low
2022-01-11 05:00:00,0.0012162028877259286,0,Low
2022-01-11 06:00:00,0.0012162028877259286,0,Low
2022-01-11 07:00:00,0.001044226588211033,0,Low
2022-01-11 08:00:00,0.0010992878351568248,0,Low
2022-01-11 09:00:00,0.0008994924199459876,0,Low
2022-01-11 10:00:00,0.0008994924199459876,0,Low
2022-01-11 11:00:00,0.0008994924199459876,0,Low
2022-01-11 12:00:00,0.0008994924199459876,0,Low
2022-01-11 13:00:00,0.0009538270753208513,0,Low
2022-01-11 14:00:00,0.0009215193098504756,0,Low
2022-01-11 15:00:00,0.00103826372372141,0,Low
2022-01-11 16:00:00,0.001179609775988264,0,Low
2022-01-11 17:00:00,0.001179609775988264,0,Low
2022-01-11 18:00:00,0.00103826372372141,0,Low
2022-01-11 19:00:00,0.00103826372372141,0,Low
2022-01-11 20:00:00,0.0011598066926273222,0,Low
2022-01-11 21:00:00,0.0011598066926273222,0,Low
2022-01-11 22:00:00,0.001445623190979539,0,Low
2022-01-11 23:00:00,0.001445623190979539,0,Low
2022-01-12 00:00:00,0.0013768359283009204,0,Low
2022-01-12 01:00:00,0.0012169003515396688,0,Low
2022-01-12 02:00:00,0.0012169003515396688,0,Low
2022-01-12 03:00:00,0.0012169003515396688,0,Low
2022-01-12 04:00:00,0.0012162028877259286,0,Low
2022-01-12 05:00:00,0.0012162028877259286,0,Low
2022-01-12 06:00:00,0.0012162028877259286,0,Low
2022-01-12 07:00:00,0.001202743581807376,0,Low
2022-01-12 08:00:00,0.0012824500708935496,0,Low
2022-01-12 09:00:00,0.0010134491463327853,0,Low
2022-01-12 10:00:00,0.0010134491463327853,0,Low
2022-01-12 11:00:00,0.0010134491463327853,0,Low
2022-01-12 12:00:00,0.0010134491463327853,0,Low
2022-01-12 13:00:00,0.0010134491463327853,0,Low
2022-01-12 14:00:00,0.0010134491463327853,0,Low
2022-01-12 15:00:00,0.0010843653455860662,0,Low
2022-01-12 16:00:00,0.0010843653455860662,0,Low
2022-01-12 17:00:00,0.0011109143944080793,0,Low
2022-01-12 18:00:00,0.0011109143944080793,0,Low
2022-01-12 19:00:00,0.0011109143944080793,0,Low
2022-01-12 20:00:00,0.0010843653455860662,0,Low
2022-01-12 21:00:00,0.001069428334689069,0,Low
2022-01-12 22:00:00,0.001263243696336483,0,Low
2022-01-12 23:00:00,0.001263243696336483,0,Low
2022-01-13 00:00:00,0.0009229516576414076,0,Low
2022-01-13 01:00:00,0.0011469391815572166,0,Low
2022-01-13 02:00:00,0.0011469391815572166,0,Low
2022-01-13 03:00:00,0.0011469391815572166,0,Low
2022-01-13 04:00:00,0.0011469391815572166,0,Low
2022-01-13 05:00:00,0.0011469391815572166,0,Low
2022-01-13 06:00:00,0.0012229520100169643,0,Low
2022-01-13 07:00:00,0.001037817547916513,0,Low
2022-01-13 08:00:00,0.001037817547916513,0,Low
2022-01-13 09:00:00,0.0008994924199459876,0,Low
2022-01-13 10:00:00,0.0008994924199459876,0,Low
2022-01-13 11:00:00,0.0008994924199459876,0,Low
2022-01-13 12:00:00,0.0008994924199459876,0,Low
2022-01-13 13:00:00,0.0009656700805577073,0,Low
2022-01-13 14:00:00,0.0010156067845870616,0,Low
2022-01-13 15:00:00,0.001021160694151611,0,Low
2022-01-13 16:00:00,0.001021160694151611,0,Low
2022-01-13 17:00:00,0.001021160694151611,0,Low
2022-01-13 18:00:00,0.001021160694151611,0,Low
2022-01-13 19:00:00,0.001021160694151611,0,Low
2022-01-13 20:00:00,0.0009543740544622968,0,Low
2022-01-13 21:00:00,0.001007093442467718,0,Low
2022-01-13 22:00:00,0.0007746793158707934,0,Low
2022-01-13 23:00:00,0.0007746793158707934,0,Low
2022-01-14 00:00:00,0.0009393549054470337,0,Low
2022-01-14 01:00:00,0.0012229520100169643,0,Low
2022-01-14 02:00:00,0.0012229520100169643,0,Low
2022-01-14 03:00:00,0.0012229520100169643,0,Low
2022-01-14 04:00:00,0.0012229520100169643,0,Low
2022-01-14 05:00:00,0.0011469391815572166,0,Low
2022-01-14 06:00:00,0.0011469391815572166,0,Low
2022-01-14 07:00:00,0.001067524493183417,0,Low
2022-01-14 08:00:00,0.0009724255763748111,0,Low
2022-01-14 09:00:00,0.0008845887348645102,0,Low
2022-01-14 10:00:00,0.0009491830402986424,0,Low
2022-01-14 11:00:00,0.0009491830402986424,0,Low
2022-01-14 12:00:00,0.0009724255763748111,0,Low
2022-01-14 13:00:00,0.0009491830402986424,0,Low
2022-01-14 14:00:00,0.0009491830402986424,0,Low
2022-01-14 15:00:00,0.0009491830402986424,0,Low
2022-01-14 16:00:00,0.001007093442467718,0,Low
2022-01-14 17:00:00,0.0010120205266965815,0,Low
2022-01-14 18:00:00,0.0010120205266965815,0,Low
2022-01-14 19:00:00,0.0010065162787739831,0,Low
2022-01-14 20:00:00,0.00132242389521615,0,Low
2022-01-14 21:00:00,0.0011280709073266614,0,Low
2022-01-14 22:00:00,0.0012174441928241798,0,Low
2022-01-14 23:00:00,0.0013716269398355264,0,Low
2022-01-15 00:00:00,0.0009226809938443982,0,Low
2022-01-15 01:00:00,0.0012968001744532343,0,Low
2022-01-15 02:00:00,0.0012968001744532343,0,Low
2022-01-15 03:00:00,0.0012968001744532343,0,Low
2022-01-15 04:00:00,0.0012968001744532343,0,Low
2022-01-15 05:00:00,0.0012229520100169643,0,Low
2022-01-15 06:00:00,0.0012229520100169643,0,Low
2022-01-15 07:00:00,0.0011382801501876418,0,Low
2022-01-15 08:00:00,0.0010547122061437412,0,Low
2022-01-15 09:00:00,0.0010547122061437412,0,Low
2022-01-15 10:00:00,0.0009491830402986424,0,Low
2022-01-15 11:00:00,0.0009491830402986424,0,Low
2022-01-15 12:00:00,0.0009491830402986424,0,Low
2022-01-15 13:00:00,0.0009491830402986424,0,Low
2022-01-15 14:00:00,0.001007093442467718,0,Low
2022-01-15 15:00:00,0.001007093442467718,0,Low
2022-01-15 16:00:00,0.0012132994720232752,0,Low
2022-01-15 17:00:00,0.0010679208877367146,0,Low
2022-01-15 18:00:00,0.0011889434905267447,0,Low
2022-01-15 19:00:00,0.0013507748886816546,0,Low
2022-01-15 20:00:00,0.0011889434905267447,0,Low
2022-01-15 21:00:00,0.0011889434905267447,0,Low
2022-01-15 22:00:00,0.0011889434905267447,0,Low
2022-01-15 23:00:00,0.0011889434905267447,0,Low
2022-01-16 00:00:00,0.0011319977780614133,0,Low
2022-01-16 01:00:00,0.0012162028877259286,0,Low
2022-01-16 02:00:00,0.0012162028877259286,0,Low
2022-01-16 03:00:00,0.0011084905848116606,0,Low
2022-01-16 04:00:00,0.0011762144530273637,0,Low
2022-01-16 05:00:00,0.0011510272861497005,0,Low
2022-01-16 06:00:00,0.0010800041656112828,0,Low
2022-01-16 07:00:00,0.0012596863257037984,0,Low
2022-01-16 08:00:00,0.0012101630024290682,0,Low
2022-01-16 09:00:00,0.0010048810682081958,0,Low
2022-01-16 10:00:00,0.001089348724848293,0,Low
2022-01-16 11:00:00,0.0009290362953964828,0,Low
2022-01-16 12:00:00,0.0010746600568583122,0,Low
2022-01-16 13:00:00,0.0010746600568583122,0,Low
2022-01-16 14:00:00,0.0010746600568583122,0,Low
2022-01-16 15:00:00,0.0009538270753208513,0,Low
2022-01-16 16:00:00,0.0009538270753208513,0,Low
2022-01-16 17:00:00,0.0009538270753208513,0,Low
2022-01-16 18:00:00,0.0009538270753208513,0,Low
2022-01-16 19:00:00,0.0012532182773839593,0,Low
2022-01-16 20:00:00,0.0012831333120256957,0,Low
2022-01-16 21:00:00,0.0012831333120256957,0,Low
2022-01-16 22:00:00,0.0012831333120256957,0,Low
2022-01-16 23:00:00,0.0012403007788775323,0,Low
2022-01-17 00:00:00,0.0010766782241202573,0,Low
2022-01-17 01:00:00,0.00124561822404005,0,Low
2022-01-17 02:00:00,0.0010963714299557109,0,Low
2022-01-17 03:00:00,0.0010845180398315868,0,Low
2022-01-17 04:00:00,0.001016711134050855,0,Low
2022-01-17 05:00:00,0.0008793321863016132,0,Low
2022-01-17 06:00:00,0.0008250921394967853,0,Low
2022-01-17 07:00:00,0.001066186043588031,0,Low
2022-01-17 08:00:00,0.0008618068975085822,0,Low
2022-01-17 09:00:00,0.0008983947691718986,0,Low
2022-01-17 10:00:00,0.0009477618172510909,0,Low
2022-01-17 11:00:00,0.0009184582867080245,0,Low
2022-01-17 12:00:00,0.0009798232038761695,0,Low
2022-01-17 13:00:00,0.0010603032485300855,0,Low
2022-01-17 14:00:00,0.0009798232038761695,0,Low
2022-01-17 15:00:00,0.0009091652611669756,0,Low
2022-01-17 16:00:00,0.0008740722311067492,0,Low
2022-01-17 17:00:00,0.0008467839065992995,0,Low
2022-01-17 18:00:00,0.0009420054069447252,0,Low
2022-01-17 19:00:00,0.0009187367202266119,0,Low
2022-01-17 20:00:00,0.0009798232038761695,0,Low
2022-01-17 21:00:00,0.0009146108591286193,0,Low
2022-01-17 22:00:00,0.0009648681254163664,0,Low
2022-01-17 23:00:00,0.0009648681254163664,0,Low
2022-01-18 00:00:00,0.0009094408800400807,0,Low
2022-01-18 01:00:00,0.0008533452180752094,0,Low
2022-01-18 02:00:00,0.0008530865852667055,0,Low
2022-01-18 03:00:00,0.0008164954784837988,0,Low
2022-01-18 04:00:00,0.0008476513589487086,0,Low
2022-01-18 05:00:00,0.0008701708886956886,0,Low
2022-01-18 06:00:00,0.0008164954784837988,0,Low
2022-01-18 07:00:00,0.0008270948730912292,0,Low
2022-01-18 08:00:00,0.0008270948730912292,0,Low
2022-01-18 09:00:00,0.0008270948730912292,0,Low
2022-01-18 10:00:00,0.0008270948730912292,0,Low
2022-01-18 11:00:00,0.0008270948730912292,0,Low
2022-01-18 12:00:00,0.0010290347746874347,0,Low
2022-01-18 13:00:00,0.0009648831887173828,0,Low
2022-01-18 14:00:00,0.0009344791347028936,0,Low
2022-01-18 15:00:00,0.0009574650914459757,0,Low
2022-01-18 16:00:00,0.0009574650914459757,0,Low
2022-01-18 17:00:00,0.0009574650914459757,0,Low
2022-01-18 18:00:00,0.0009987205942103337,0,Low
2022-01-18 19:00:00,0.0010643624990936034,0,Low
2022-01-18 20:00:00,0.0010353782918990227,0,Low
2022-01-18 21:00:00,0.000882360921232586,0,Low
2022-01-18 22:00:00,0.0010966669220321217,0,Low
2022-01-18 23:00:00,0.000881466459790059,0,Low
2022-01-19 00:00:00,0.000881466459790059,0,Low
2022-01-19 01:00:00,0.000881466459790059,0,Low
2022-01-19 02:00:00,0.0009094408800400807,0,Low
2022-01-19 03:00:00,0.0008533452180752094,0,Low
2022-01-19 04:00:00,0.0009183187913528216,0,Low
2022-01-19 05:00:00,0.001326745040486067,0,Low
2022-01-19 06:00:00,0.0009183187913528216,0,Low
2022-01-19 07:00:00,0.000862068171799149,0,Low
2022-01-19 08:00:00,0.0011934576748906642,0,Low
2022-01-19 09:00:00,0.0010740599854257569,0,Low
2022-01-19 10:00:00,0.0010740599854257569,0,Low
2022-01-19 11:00:00,0.001051058027273026,0,Low
2022-01-19 12:00:00,0.001173506080889529,0,Low
2022-01-19 13:00:00,0.0011130155481328368,0,Low
2022-01-19 14:00:00,0.0011130155481328368,0,Low
2022-01-19 15:00:00,0.000996873005546206,0,Low
2022-01-19 16:00:00,0.000996873005546206,0,Low
2022-01-19 17:00:00,0.001051058027273026,0,Low
2022-01-19 18:00:00,0.001036260740268696,0,Low
2022-01-19 19:00:00,0.0011030850218260147,0,Low
2022-01-19 20:00:00,0.0010436936039066051,0,Low
2022-01-19 21:00:00,0.00123525630675459,0,Low
2022-01-19 22:00:00,0.0013397644402420032,0,Low
2022-01-19 23:00:00,0.0008576769864245765,0,Low
2022-01-20 00:00:00,0.0009465151337804096,0,Low
2022-01-20 01:00:00,0.0012541650495316175,0,Low
2022-01-20 02:00:00,0.0011515860233085834,0,Low
2022-01-20 03:00:00,0.0011515860233085834,0,Low
2022-01-20 04:00:00,0.0011515860233085834,0,Low
2022-01-20 05:00:00,0.0011515860233085834,0,Low
2022-01-20 06:00:00,0.0011515860233085834,0,Low
2022-01-20 07:00:00,0.001193139375357706,0,Low
2022-01-20 08:00:00,0.0007780569562516728,0,Low
2022-01-20 09:00:00,0.000910676667567739,0,Low
2022-01-20 10:00:00,0.0009705374196558227,0,Low
2022-01-20 11:00:00,0.000881466459790059,0,Low
2022-01-20 12:00:00,0.001001032342103187,0,Low
2022-01-20 13:00:00,0.001084489982053653,0,Low
2022-01-20 14:00:00,0.001084489982053653,0,Low
2022-01-20 15:00:00,0.001084489982053653,0,Low
2022-01-20 16:00:00,0.0009323535131308167,0,Low
2022-01-20 17:00:00,0.0009323535131308167,0,Low
2022-01-20 18:00:00,0.0008554398475679233,0,Low
2022-01-20 19:00:00,0.0011378861367533732,0,Low
2022-01-20 20:00:00,0.0009950384548925544,0,Low
2022-01-20 21:00:00,0.0010729806408285743,0,Low
2022-01-20 22:00:00,0.001267438979589684,0,Low
2022-01-20 23:00:00,0.001267438979589684,0,Low
2022-01-21 00:00:00,0.0011637755345318588,0,Low
2022-01-21 01:00:00,0.0010341604222766066,0,Low
2022-01-21 02:00:00,0.0011262914044212519,0,Low
2022-01-21 03:00:00,0.0011021720977689175,0,Low
2022-01-21 04:00:00,0.0011262914044212519,0,Low
2022-01-21 05:00:00,0.0011262914044212519,0,Low
2022-01-21 06:00:00,0.0010389622068207429,0,Low
2022-01-21 07:00:00,0.001089518710860629,0,Low
2022-01-21 08:00:00,0.001133383294383715,0,Low
2022-01-21 09:00:00,0.0012202732786228765,0,Low
2022-01-21 10:00:00,0.0011325906404183357,0,Low
2022-01-21 11:00:00,0.0011325906404183357,0,Low
2022-01-21 12:00:00,0.0011325906404183357,0,Low
2022-01-21 13:00:00,0.0011325906404183357,0,Low
2022-01-21 14:00:00,0.0010843653455860662,0,Low
2022-01-21 15:00:00,0.000996873005546206,0,Low
2022-01-21 16:00:00,0.000996873005546206,0,Low
2022-01-21 17:00:00,0.000996873005546206,0,Low
2022-01-21 18:00:00,0.000996873005546206,0,Low
2022-01-21 19:00:00,0.0012061191402216837,0,Low
2022-01-21 20:00:00,0.0008291446139550436,0,Low
2022-01-21 21:00:00,0.0011442571961352032,0,Low
2022-01-21 22:00:00,0.0013516156433066278,0,Low
2022-01-21 23:00:00,0.0007749065977991231,0,Low
2022-01-22 00:00:00,0.000855178729712191,0,Low
2022-01-22 01:00:00,0.0011331748511968394,0,Low
2022-01-22 02:00:00,0.0012229520100169643,0,Low
2022-01-22 03:00:00,0.0012229520100169643,0,Low
2022-01-22 04:00:00,0.0012229520100169643,0,Low
2022-01-22 05:00:00,0.0011146426420728976,0,Low
2022-01-22 06:00:00,0.0011146426420728976,0,Low
2022-01-22 07:00:00,0.0010374618608686907,0,Low
2022-01-22 08:00:00,0.0010374618608686907,0,Low
2022-01-22 09:00:00,0.0010547122061437412,0,Low
2022-01-22 10:00:00,0.0008994924199459876,0,Low
2022-01-22 11:00:00,0.0008994924199459876,0,Low
2022-01-22 12:00:00,0.0009498746789596464,0,Low
2022-01-22 13:00:00,0.0010406200011260933,0,Low
2022-01-22 14:00:00,0.0010406200011260933,0,Low
2022-01-22 15:00:00,0.0009693109834740953,0,Low
2022-01-22 16:00:00,0.000884778523296493,0,Low
2022-01-22 17:00:00,0.000884778523296493,0,Low
2022-01-22 18:00:00,0.001084489982053653,0,Low
2022-01-22 19:00:00,0.0009950384548925544,0,Low
2022-01-22 20:00:00,0.0010876633419485528,0,Low
2022-01-22 21:00:00,0.000906445187109117,0,Low
2022-01-22 22:00:00,0.000868542157196478,0,Low
2022-01-22 23:00:00,0.0008119559110449049,0,Low
2022-01-23 00:00:00,0.0008227488176495038,0,Low
2022-01-23 01:00:00,0.0011515860233085834,0,Low
2022-01-23 02:00:00,0.0011515860233085834,0,Low
2022-01-23 03:00:00,0.0012541650495316175,0,Low
2022-01-23 04:00:00,0.001205723302048892,0,Low
2022-01-23 05:00:00,0.0008104473906072324,0,Low
2022-01-23 06:00:00,0.0007974976021652737,0,Low
2022-01-23 07:00:00,0.0008104473906072324,0,Low
2022-01-23 08:00:00,0.0008413726821276496,0,Low
2022-01-23 09:00:00,0.0007974976021652737,0,Low
2022-01-23 10:00:00,0.0007781564532890868,0,Low
2022-01-23 11:00:00,0.0007781564532890868,0,Low
2022-01-23 12:00:00,0.0011039464331210043,0,Low
2022-01-23 13:00:00,0.0011400034555725193,0,Low
2022-01-23 14:00:00,0.001006279400581132,0,Low
2022-01-23 15:00:00,0.001006279400581132,0,Low
2022-01-23 16:00:00,0.001084489982053653,0,Low
2022-01-23 17:00:00,0.0007973003137248219,0,Low
2022-01-23 18:00:00,0.0008482957784436074,0,Low
2022-01-23 19:00:00,0.0007780569562516728,0,Low
2022-01-23 20:00:00,0.0007534392578185205,0,Low
2022-01-23 21:00:00,0.000820581977740219,0,Low
2022-01-23 22:00:00,0.000820581977740219,0,Low
2022-01-23 23:00:00,0.0008392182127989067,0,Low
2022-01-24 00:00:00,0.0007681837326455806,0,Low
2022-01-24 01:00:00,0.0007681837326455806,0,Low
2022-01-24 02:00:00,0.0007681837326455806,0,Low
2022-01-24 03:00:00,0.0007910032632262282,0,Low
2022-01-24 04:00:00,0.0007910032632262282,0,Low
2022-01-24 05:00:00,0.0007681837326455806,0,Low
2022-01-24 06:00:00,0.0007681837326455806,0,Low
2022-01-24 07:00:00,0.0007681837326455806,0,Low
2022-01-24 08:00:00,0.0007681837326455806,0,Low
2022-01-24 09:00:00,0.0008026114958494883,0,Low
2022-01-24 10:00:00,0.0008026114958494883,0,Low
2022-01-24 11:00:00,0.0008026114958494883,0,Low
2022-01-24 12:00:00,0.0009202178440206307,0,Low
2022-01-24 13:00:00,0.0009475493904141494,0,Low
2022-01-24 14:00:00,0.0009475493904141494,0,Low
2022-01-24 15:00:00,0.0008554398475679233,0,Low
2022-01-24 16:00:00,0.0008554398475679233,0,Low
2022-01-24 17:00:00,0.0008554398475679233,0,Low
2022-01-24 18:00:00,0.0008554398475679233,0,Low
2022-01-24 19:00:00,0.0009101505396364598,0,Low
2022-01-24 20:00:00,0.0009212268714889956,0,Low
2022-01-24 21:00:00,0.0008857895121408456,0,Low
2022-01-24 22:00:00,0.000776036835924599,0,Low
2022-01-24 23:00:00,0.0007681837326455806,0,Low
2022-01-25 00:00:00,0.0007681837326455806,0,Low
2022-01-25 01:00:00,0.0007681837326455806,0,Low
2022-01-25 02:00:00,0.0007910032632262282,0,Low
2022-01-25 03:00:00,0.0007910032632262282,0,Low
2022-01-25 04:00:00,0.0007681837326455806,0,Low
2022-01-25 05:00:00,0.0007910032632262282,0,Low
2022-01-25 06:00:00,0.0007990894628500377,0,Low
2022-01-25 07:00:00,0.0007990894628500377,0,Low
2022-01-25 08:00:00,0.0009344791347028936,0,Low
2022-01-25 09:00:00,0.0010100381322543412,0,Low
2022-01-25 10:00:00,0.001147546052787155,0,Low
2022-01-25 11:00:00,0.0010617112864228255,0,Low
2022-01-25 12:00:00,0.0012659189244378062,0,Low
2022-01-25 13:00:00,0.001278853837077942,0,Low
2022-01-25 14:00:00,0.0009393520314192438,0,Low
2022-01-25 15:00:00,0.0009393520314192438,0,Low
2022-01-25 16:00:00,0.0009393520314192438,0,Low
2022-01-25 17:00:00,0.0010238026154351315,0,Low
2022-01-25 18:00:00,0.0010238026154351315,0,Low
2022-01-25 19:00:00,0.0010542075043576573,0,Low
2022-01-25 20:00:00,0.0009992256802224665,0,Low
2022-01-25 21:00:00,0.0009992256802224665,0,Low
2022-01-25 22:00:00,0.0010916014292259248,0,Low
2022-01-25 23:00:00,0.0009992256802224665,0,Low
2022-01-26 00:00:00,0.0009858829466851422,0,Low
2022-01-26 01:00:00,0.0009858829466851422,0,Low
2022-01-26 02:00:00,0.0009858829466851422,0,Low
2022-01-26 03:00:00,0.0008104473906072324,0,Low
2022-01-26 04:00:00,0.0008104473906072324,0,Low
2022-01-26 05:00:00,0.0008413726821276496,0,Low
2022-01-26 06:00:00,0.0008104473906072324,0,Low
2022-01-26 07:00:00,0.0008104473906072324,0,Low
2022-01-26 08:00:00,0.0008209683360380882,0,Low
2022-01-26 09:00:00,0.0008209683360380882,0,Low
2022-01-26 10:00:00,0.001039149747679779,0,Low
2022-01-26 11:00:00,0.0008245634906546373,0,Low
2022-01-26 12:00:00,0.0009064454242453447,0,Low
2022-01-26 13:00:00,0.0009930459002745532,0,Low
2022-01-26 14:00:00,0.0011443887086588335,0,Low
2022-01-26 15:00:00,0.0011081931394848052,0,Low
2022-01-26 16:00:00,0.0009064454242453447,0,Low
2022-01-26 17:00:00,0.0009064454242453447,0,Low
2022-01-26 18:00:00,0.0009064454242453447,0,Low
2022-01-26 19:00:00,0.0012889955022600704,0,Low
2022-01-26 20:00:00,0.0010707546180970218,0,Low
2022-01-26 21:00:00,0.0009740446126794014,0,Low
2022-01-26 22:00:00,0.0012683768538507651,0,Low
2022-01-26 23:00:00,0.0012683768538507651,0,Low
2022-01-27 00:00:00,0.0008567970329561422,0,Low
2022-01-27 01:00:00,0.0008567970329561422,0,Low
2022-01-27 02:00:00,0.0009075242502557762,0,Low
2022-01-27 03:00:00,0.0009075242502557762,0,Low
2022-01-27 04:00:00,0.0007681837326455806,0,Low
2022-01-27 05:00:00,0.0007681837326455806,0,Low
2022-01-27 06:00:00,0.0007681837326455806,0,Low
2022-01-27 07:00:00,0.0009075242502557762,0,Low
2022-01-27 08:00:00,0.0009075242502557762,0,Low
2022-01-27 09:00:00,0.0007781564532890868,0,Low
2022-01-27 10:00:00,0.0007781564532890868,0,Low
2022-01-27 11:00:00,0.0009075242502557762,0,Low
2022-01-27 12:00:00,0.0009075242502557762,0,Low
2022-01-27 13:00:00,0.0010713872778296755,0,Low
2022-01-27 14:00:00,0.0009574650914459757,0,Low
2022-01-27 15:00:00,0.0009574650914459757,0,Low
2022-01-27 16:00:00,0.0009574650914459757,0,Low
2022-01-27 17:00:00,0.0009574650914459757,0,Low
2022-01-27 18:00:00,0.0010233975945492693,0,Low
2022-01-27 19:00:00,0.0010649855697646632,0,Low
2022-01-27 20:00:00,0.0008906220393231972,0,Low
2022-01-27 21:00:00,0.0010807729342570407,0,Low
2022-01-27 22:00:00,0.0009700210901451462,0,Low
2022-01-27 23:00:00,0.0009700210901451462,0,Low
2022-01-28 00:00:00,0.0009075242502557762,0,Low
2022-01-28 01:00:00,0.0007781564532890868,0,Low
2022-01-28 02:00:00,0.0007781564532890868,0,Low
2022-01-28 03:00:00,0.0009992256802224665,0,Low
2022-01-28 04:00:00,0.0009992256802224665,0,Low
2022-01-28 05:00:00,0.0009992256802224665,0,Low
2022-01-28 06:00:00,0.0009992256802224665,0,Low
2022-01-28 07:00:00,0.0009992256802224665,0,Low
2022-01-28 08:00:00,0.001084489982053653,0,Low
2022-01-28 09:00:00,0.0010175683044395783,0,Low
2022-01-28 10:00:00,0.001108222772648013,0,Low
2022-01-28 11:00:00,0.001006279400581132,0,Low
2022-01-28 12:00:00,0.001006279400581132,0,Low
2022-01-28 13:00:00,0.0010924235722994805,0,Low
2022-01-28 14:00:00,0.001084489982053653,0,Low
2022-01-28 15:00:00,0.0010175683044395783,0,Low
2022-01-28 16:00:00,0.0010175683044395783,0,Low
2022-01-28 17:00:00,0.0009750231930517785,0,Low
2022-01-28 18:00:00,0.0010175683044395783,0,Low
2022-01-28 19:00:00,0.0010087770016791616,0,Low
2022-01-28 20:00:00,0.0008245634906546373,0,Low
2022-01-28 21:00:00,0.0008969463564269812,0,Low
2022-01-28 22:00:00,0.0009464964579507315,0,Low
2022-01-28 23:00:00,0.0010769478729559748,0,Low
2022-01-29 00:00:00,0.0010769478729559748,0,Low
2022-01-29 01:00:00,0.0011269206243411042,0,Low
2022-01-29 02:00:00,0.0011269206243411042,0,Low
2022-01-29 03:00:00,0.0011269206243411042,0,Low
2022-01-29 04:00:00,0.0011269206243411042,0,Low
2022-01-29 05:00:00,0.0011269206243411042,0,Low
2022-01-29 06:00:00,0.0014095916064595427,0,Low
2022-01-29 07:00:00,0.0011277223661053687,0,Low
2022-01-29 08:00:00,0.0010213515554182346,0,Low
2022-01-29 09:00:00,0.0011677125527822538,0,Low
2022-01-29 10:00:00,0.00092878166232921,0,Low
2022-01-29 11:00:00,0.000884778523296493,0,Low
2022-01-29 12:00:00,0.0009576167440445472,0,Low
2022-01-29 13:00:00,0.0010332463931966285,0,Low
2022-01-29 14:00:00,0.0009624421689885572,0,Low
2022-01-29 15:00:00,0.0009624421689885572,0,Low
2022-01-29 16:00:00,0.0009624421689885572,0,Low
2022-01-29 17:00:00,0.0009624421689885572,0,Low
2022-01-29 18:00:00,0.0011498545652293267,0,Low
2022-01-29 19:00:00,0.0011498545652293267,0,Low
2022-01-29 20:00:00,0.0011498545652293267,0,Low
2022-01-29 21:00:00,0.0013516156433066278,0,Low
2022-01-29 22:00:00,0.0013516156433066278,0,Low
2022-01-29 23:00:00,0.0011996796370153657,0,Low
2022-01-30 00:00:00,0.0012224536813010263,0,Low
2022-01-30 01:00:00,0.0012115608477923756,0,Low
2022-01-30 02:00:00,0.0014174123853470135,0,Low
2022-01-30 03:00:00,0.0015029854020616087,0,Low
2022-01-30 04:00:00,0.0015029854020616087,0,Low
2022-01-30 05:00:00,0.0013075401034063087,0,Low
2022-01-30 06:00:00,0.0013947160116259058,0,Low
2022-01-30 07:00:00,0.0012981674189133962,0,Low
2022-01-30 08:00:00,0.0012028753313451177,0,Low
2022-01-30 09:00:00,0.0010547122061437412,0,Low
2022-01-30 10:00:00,0.0010547122061437412,0,Low
2022-01-30 11:00:00,0.0009491830402986424,0,Low
2022-01-30 12:00:00,0.0009491830402986424,0,Low
2022-01-30 13:00:00,0.001077565380469419,0,Low
2022-01-30 14:00:00,0.001077565380469419,0,Low
2022-01-30 15:00:00,0.001077565380469419,0,Low
2022-01-30 16:00:00,0.0010156067845870616,0,Low
2022-01-30 17:00:00,0.0010156067845870616,0,Low
2022-01-30 18:00:00,0.001077565380469419,0,Low
2022-01-30 19:00:00,0.0009491830402986424,0,Low
2022-01-30 20:00:00,0.001007093442467718,0,Low
2022-01-30 21:00:00,0.0011212304855926654,0,Low
2022-01-30 22:00:00,0.0006877541895980833,0,Low
2022-01-30 23:00:00,0.0008196324842397334,0,Low
2022-01-31 00:00:00,0.0010547122061437412,0,Low
2022-01-31 01:00:00,0.00106273620266883,0,Low
2022-01-31 02:00:00,0.0011475969699003114,0,Low
2022-01-31 03:00:00,0.0009803300450235142,0,Low
2022-01-31 04:00:00,0.0011219100583286603,0,Low
2022-01-31 05:00:00,0.0011219100583286603,0,Low
2022-01-31 06:00:00,0.0010580107140916572,0,Low
2022-01-31 07:00:00,0.001067524493183417,0,Low
2022-01-31 08:00:00,0.0006877541895980833,0,Low
2022-01-31 09:00:00,0.0006877541895980833,0,Low
2022-01-31 10:00:00,0.0009491830402986424,0,Low
2022-01-31 11:00:00,0.0009491830402986424,0,Low
2022-01-31 12:00:00,0.0011212304855926654,0,Low
2022-01-31 13:00:00,0.0011212304855926654,0,Low
2022-01-31 14:00:00,0.0011212304855926654,0,Low
2022-01-31 15:00:00,0.0011961965221868403,0,Low
2022-01-31 16:00:00,0.0011486810838156497,0,Low
2022-01-31 17:00:00,0.0011486810838156497,0,Low
2022-01-31 18:00:00,0.0011486810838156497,0,Low
2022-01-31 19:00:00,0.0008005581106472788,0,Low
2022-01-31 20:00:00,0.0006409393646300874,0,Low
2022-01-31 21:00:00,0.0007045996622724643,0,Low
2022-01-31 22:00:00,0.0007608845775602223,0,Low
2022-01-31 23:00:00,0.0008397053970505301,0,Low
2022-02-01 00:00:00,0.0010386149920918505,0,Low
2022-02-01 01:00:00,0.0011549955403305963,0,Low
2022-02-01 02:00:00,0.0012169003515396688,0,Low
2022-02-01 03:00:00,0.001084536892010867,0,Low
2022-02-01 04:00:00,0.0010839152096985287,0,Low
2022-02-01 05:00:00,0.0011750184541955556,0,Low
2022-02-01 06:00:00,0.0011750184541955556,0,Low
2022-02-01 07:00:00,0.0012321873679307595,0,Low
2022-02-01 08:00:00,0.000856804605140019,0,Low
2022-02-01 09:00:00,0.0011824167993161024,0,Low
2022-02-01 10:00:00,0.001069428334689069,0,Low
2022-02-01 11:00:00,0.001069428334689069,0,Low
2022-02-01 12:00:00,0.0009491830402986424,0,Low
2022-02-01 13:00:00,0.0009491830402986424,0,Low
2022-02-01 14:00:00,0.0010679208877367146,0,Low
2022-02-01 15:00:00,0.0011878304752278618,0,Low
2022-02-01 16:00:00,0.0011525341869226225,0,Low
2022-02-01 17:00:00,0.0011889434905267447,0,Low
2022-02-01 18:00:00,0.0010449401626276597,0,Low
2022-02-01 19:00:00,0.001239685218134402,0,Low
2022-02-01 20:00:00,0.0012831333120256957,0,Low
2022-02-01 21:00:00,0.0012909601966723894,0,Low
2022-02-01 22:00:00,0.0012909601966723894,0,Low
2022-02-01 23:00:00,0.0012909601966723894,0,Low
2022-02-02 00:00:00,0.0012917004766037242,0,Low
2022-02-02 01:00:00,0.0011949987078776038,0,Low
2022-02-02 02:00:00,0.0012169003515396688,0,Low
2022-02-02 03:00:00,0.0012162028877259286,0,Low
2022-02-02 04:00:00,0.0011219100583286603,0,Low
2022-02-02 05:00:00,0.0010839152096985287,0,Low
2022-02-02 06:00:00,0.0010839152096985287,0,Low
2022-02-02 07:00:00,0.001093661670583964,0,Low
2022-02-02 08:00:00,0.0010494805588414494,0,Low
2022-02-02 09:00:00,0.0009724255763748111,0,Low
2022-02-02 10:00:00,0.0009940937387235113,0,Low
2022-02-02 11:00:00,0.5988105253693132,1,Medium
2022-02-02 12:00:00,0.6816828839701553,1,Medium
2022-02-02 13:00:00,0.9979056776078593,1,High
2022-02-02 14:00:00,0.9983046410595788,1,High
2022-02-02 15:00:00,0.9984154521261296,1,High
2022-02-02 16:00:00,0.9984154521261296,1,High
2022-02-02 17:00:00,0.9983284650332857,1,High
2022-02-02 18:00:00,0.9985117897678784,1,High
2022-02-02 19:00:00,0.9985117897678784,1,High
2022-02-02 20:00:00,0.9985117897678784,1,High
2022-02-02 21:00:00,0.9982444481955309,1,High
2022-02-02 22:00:00,0.9980090269721438,1,High
2022-02-02 23:00:00,0.998156137314093,1,High
2022-02-03 00:00:00,0.9985994072887007,1,High
2022-02-03 01:00:00,0.9985986042300191,1,High
2022-02-03 02:00:00,0.9985124222391654,1,High
2022-02-03 03:00:00,0.9985124222391654,1,High
2022-02-03 04:00:00,0.9983812919713995,1,High
2022-02-03 05:00:00,0.9977219213336292,1,High
2022-02-03 06:00:00,0.9981963967895225,1,High
2022-02-03 07:00:00,0.9981963967895225,1,High
2022-02-03 08:00:00,0.9972611229910545,1,High
2022-02-03 09:00:00,0.9984905747256355,1,High
2022-02-03 10:00:00,0.9984905747256355,1,High
2022-02-03 11:00:00,0.9984905747256355,1,High
2022-02-03 12:00:00,0.9983655574419523,1,High
2022-02-03 13:00:00,0.9984280562233576,1,High
2022-02-03 14:00:00,0.9986004736576686,1,High
2022-02-03 15:00:00,0.9986004736576686,1,High
2022-02-03 16:00:00,0.9984280562233576,1,High
2022-02-03 17:00:00,0.9978003256552438,1,High
2022-02-03 18:00:00,0.9973902844160222,1,High
2022-02-03 19:00:00,0.9983963949681309,1,High
2022-02-03 20:00:00,0.9980784007669937,1,High
2022-02-03 21:00:00,0.9975918866437776,1,High
2022-02-03 22:00:00,0.9940850422380939,1,High
2022-02-03 23:00:00,0.9968968332973657,1,High
2022-02-04 00:00:00,0.9979632180133018,1,High
2022-02-04 01:00:00,0.9979632180133018,1,High
2022-02-04 02:00:00,0.9979632180133018,1,High
2022-02-04 03:00:00,0.9979799751122723,1,High
2022-02-04 04:00:00,0.9980328632863948,1,High
2022-02-04 05:00:00,0.9982325591241351,1,High
2022-02-04 06:00:00,0.998292759670443,1,High
2022-02-04 07:00:00,0.9983963949681309,1,High
2022-02-04 08:00:00,0.9980328632863948,1,High
2022-02-04 09:00:00,0.9986004736576686,1,High
2022-02-04 10:00:00,0.9978916678307204,1,High
2022-02-04 11:00:00,0.9978916678307204,1,High
2022-02-04 12:00:00,0.9978916678307204,1,High
2022-02-04 13:00:00,0.9978916678307204,1,High
2022-02-04 14:00:00,0.9978916678307204,1,High
2022-02-04 15:00:00,0.9986004736576686,1,High
2022-02-04 16:00:00,0.9986004736576686,1,High
2022-02-04 17:00:00,0.9986004736576686,1,High
2022-02-04 18:00:00,0.9986004736576686,1,High
2022-02-04 19:00:00,0.9986004736576686,1,High
2022-02-04 20:00:00,0.9984280562233576,1,High
2022-02-04 21:00:00,0.9984085071807831,1,High
2022-02-04 22:00:00,0.9967481982888979,1,High
2022-02-04 23:00:00,0.9953103256217345,1,High
2022-02-05 00:00:00,0.9976752294419798,1,High
2022-02-05 01:00:00,0.9979300489064563,1,High
2022-02-05 02:00:00,0.9976752294419798,1,High
2022-02-05 03:00:00,0.9976752294419798,1,High
2022-02-05 04:00:00,0.9978047132596716,1,High
2022-02-05 05:00:00,0.9978047132596716,1,High
2022-02-05 06:00:00,0.9976752294419798,1,High
2022-02-05 07:00:00,0.9983891867532697,1,High
2022-02-05 08:00:00,0.9985658614313827,1,High
2022-02-05 09:00:00,0.9985658614313827,1,High
2022-02-05 10:00:00,0.9978419246247864,1,High
2022-02-05 11:00:00,0.9978419246247864,1,High
2022-02-05 12:00:00,0.9978419246247864,1,High
2022-02-05 13:00:00,0.9978419246247864,1,High
2022-02-05 14:00:00,0.9985674297451657,1,High
2022-02-05 15:00:00,0.9985674297451657,1,High
2022-02-05 16:00:00,0.9985674297451657,1,High
2022-02-05 17:00:00,0.9985674297451657,1,High
2022-02-05 18:00:00,0.9985674297451657,1,High
2022-02-05 19:00:00,0.9985674297451657,1,High
2022-02-05 20:00:00,0.9983909479597483,1,High
2022-02-05 21:00:00,0.9984348655319601,1,High
2022-02-05 22:00:00,0.9913336775622325,1,High
2022-02-05 23:00:00,0.9958937782531064,1,High
2022-02-06 00:00:00,0.9984540913040325,1,High
2022-02-06 01:00:00,0.9984540913040325,1,High
2022-02-06 02:00:00,0.9984540913040325,1,High
2022-02-06 03:00:00,0.9984540913040325,1,High
2022-02-06 04:00:00,0.9984540913040325,1,High
2022-02-06 05:00:00,0.9984540913040325,1,High
2022-02-06 06:00:00,0.9983193505266854,1,High
2022-02-06 07:00:00,0.9983193505266854,1,High
2022-02-06 08:00:00,0.9968507225573581,1,High
2022-02-06 09:00:00,0.9978186905207244,1,High
2022-02-06 10:00:00,0.9967303211027552,1,High
2022-02-06 11:00:00,0.9970884102628,1,High
2022-02-06 12:00:00,0.9970884102628,1,High
2022-02-06 13:00:00,0.9980667422204214,1,High
2022-02-06 14:00:00,0.9980667422204214,1,High
2022-02-06 15:00:00,0.998506607547597,1,High
2022-02-06 16:00:00,0.998506607547597,1,High
2022-02-06 17:00:00,0.998506607547597,1,High
2022-02-06 18:00:00,0.998506607547597,1,High
2022-02-06 19:00:00,0.998506607547597,1,High
2022-02-06 20:00:00,0.998506607547597,1,High
2022-02-06 21:00:00,0.8511578381614271,1,High
2022-02-06 22:00:00,0.3759953231697162,0,Medium
2022-02-06 23:00:00,0.0009036952753215466,0,Low
2022-02-07 00:00:00,0.0012685425483404875,0,Low
2022-02-07 01:00:00,0.0012477488265516747,0,Low
2022-02-07 02:00:00,0.0013526036665207342,0,Low
2022-02-07 03:00:00,0.0013526036665207342,0,Low
2022-02-07 04:00:00,0.0013857110153588203,0,Low
2022-02-07 05:00:00,0.0014779813479717475,0,Low
2022-02-07 06:00:00,0.001261038029334559,0,Low
2022-02-07 07:00:00,0.0010335258745087865,0,Low
2022-02-07 08:00:00,0.0014345655093611711,0,Low
2022-02-07 09:00:00,0.001049443620635505,0,Low
2022-02-07 10:00:00,0.001160723710781331,0,Low
2022-02-07 11:00:00,0.0011908178137288125,0,Low
2022-02-07 12:00:00,0.0012155644391713672,0,Low
2022-02-07 13:00:00,0.0011908178137288125,0,Low
2022-02-07 14:00:00,0.0011908178137288125,0,Low
2022-02-07 15:00:00,0.0013389963638462882,0,Low
2022-02-07 16:00:00,0.0013389963638462882,0,Low
2022-02-07 17:00:00,0.0014997839308496619,0,Low
2022-02-07 18:00:00,0.0014997839308496619,0,Low
2022-02-07 19:00:00,0.0012940373239989434,0,Low
2022-02-07 20:00:00,0.0012070234756507306,0,Low
2022-02-07 21:00:00,0.8586186918042973,1,High
2022-02-07 22:00:00,0.8204586948627519,1,High
2022-02-07 23:00:00,0.9984142147522417,1,High
2022-02-08 00:00:00,0.9985994072887007,1,High
2022-02-08 01:00:00,0.9985994072887007,1,High
2022-02-08 02:00:00,0.9985994072887007,1,High
2022-02-08 03:00:00,0.9985994072887007,1,High
2022-02-08 04:00:00,0.9985986042300191,1,High
2022-02-08 05:00:00,0.802688157754341,1,High
2022-02-08 06:00:00,0.8538114953809942,1,High
2022-02-08 07:00:00,0.0007808973163917452,0,Low
2022-02-08 08:00:00,0.0010776935130636543,0,Low
2022-02-08 09:00:00,0.00103826372372141,0,Low
2022-02-08 10:00:00,0.001179609775988264,0,Low
2022-02-08 11:00:00,0.001179609775988264,0,Low
2022-02-08 12:00:00,0.00103826372372141,0,Low
2022-02-08 13:00:00,0.00103826372372141,0,Low
2022-02-08 14:00:00,0.00103826372372141,0,Low
2022-02-08 15:00:00,0.00103826372372141,0,Low
2022-02-08 16:00:00,0.00103826372372141,0,Low
2022-02-08 17:00:00,0.0010212821265586812,0,Low
2022-02-08 18:00:00,0.0010212821265586812,0,Low
2022-02-08 19:00:00,0.0011156824326398627,0,Low
2022-02-08 20:00:00,0.0012264379738400172,0,Low
2022-02-08 21:00:00,0.0012264379738400172,0,Low
2022-02-08 22:00:00,0.0017074183083307995,0,Low
2022-02-08 23:00:00,0.0014856911231259087,0,Low
2022-02-09 00:00:00,0.0015216212892862214,0,Low
2022-02-09 01:00:00,0.0013670904412594342,0,Low
2022-02-09 02:00:00,0.0015784376631771786,0,Low
2022-02-09 03:00:00,0.0014030377874893044,0,Low
2022-02-09 04:00:00,0.0015148879094863022,0,Low
2022-02-09 05:00:00,0.0009588232797202783,0,Low
2022-02-09 06:00:00,0.001016711134050855,0,Low
2022-02-09 07:00:00,0.0008036703373302978,0,Low
2022-02-09 08:00:00,0.001051058027273026,0,Low
2022-02-09 09:00:00,0.0010212821265586812,0,Low
2022-02-09 10:00:00,0.00103826372372141,0,Low
2022-02-09 11:00:00,0.00103826372372141,0,Low
2022-02-09 12:00:00,0.0011109143944080793,0,Low
2022-02-09 13:00:00,0.0011109143944080793,0,Low
2022-02-09 14:00:00,0.0011498545652293267,0,Low
2022-02-09 15:00:00,0.0011498545652293267,0,Low
2022-02-09 16:00:00,0.0011356649386346268,0,Low
2022-02-09 17:00:00,0.0010212821265586812,0,Low
2022-02-09 18:00:00,0.0010212821265586812,0,Low
2022-02-09 19:00:00,0.0011188416476029994,0,Low
2022-02-09 20:00:00,0.0012696525037508412,0,Low
2022-02-09 21:00:00,0.0010974359843546435,0,Low
2022-02-09 22:00:00,0.0012730048862254122,0,Low
2022-02-09 23:00:00,0.0007727129086658031,0,Low
2022-02-10 00:00:00,0.0007938850377597984,0,Low
2022-02-10 01:00:00,0.0007570363091610857,0,Low
2022-02-10 02:00:00,0.0011568620220334229,0,Low
2022-02-10 03:00:00,0.001111382202411495,0,Low
2022-02-10 04:00:00,0.001060789425158185,0,Low
2022-02-10 05:00:00,0.0011305503780579024,0,Low
2022-02-10 06:00:00,0.000776036835924599,0,Low
2022-02-10 07:00:00,0.0007910032632262282,0,Low
2022-02-10 08:00:00,0.0009440306613164706,0,Low
2022-02-10 09:00:00,0.0009440306613164706,0,Low
2022-02-10 10:00:00,0.0009440306613164706,0,Low
2022-02-10 11:00:00,0.0009440306613164706,0,Low
2022-02-10 12:00:00,0.0010511213368542451,0,Low
2022-02-10 13:00:00,0.0010511213368542451,0,Low
2022-02-10 14:00:00,0.0010064972806631597,0,Low
2022-02-10 15:00:00,0.0008778738743763854,0,Low
2022-02-10 16:00:00,0.0008778738743763854,0,Low
2022-02-10 17:00:00,0.0008778738743763854,0,Low
2022-02-10 18:00:00,0.0009383307528699522,0,Low
2022-02-10 19:00:00,0.0010542075043576573,0,Low
2022-02-10 20:00:00,0.0010892694132175502,0,Low
2022-02-10 21:00:00,0.0011954526516570123,0,Low
2022-02-10 22:00:00,0.0009992256802224665,0,Low
2022-02-10 23:00:00,0.0009992256802224665,0,Low
2022-02-11 00:00:00,0.0007681837326455806,0,Low
2022-02-11 01:00:00,0.0007681837326455806,0,Low
2022-02-11 02:00:00,0.0007681837326455806,0,Low
2022-02-11 03:00:00,0.0007681837326455806,0,Low
2022-02-11 04:00:00,0.0007910032632262282,0,Low
2022-02-11 05:00:00,0.0008008000338025896,0,Low
2022-02-11 06:00:00,0.000824587658924938,0,Low
2022-02-11 07:00:00,0.000824587658924938,0,Low
2022-02-11 08:00:00,0.0010529125050456538,0,Low
2022-02-11 09:00:00,0.001147546052787155,0,Low
2022-02-11 10:00:00,0.0010947496333511787,0,Low
2022-02-11 11:00:00,0.0011663141698178684,0,Low
2022-02-11 12:00:00,0.0012954794742087911,0,Low
2022-02-11 13:00:00,0.0011402652532063367,0,Low
2022-02-11 14:00:00,0.0010964102940722938,0,Low
2022-02-11 15:00:00,0.001026559618410085,0,Low
2022-02-11 16:00:00,0.0010740599854257569,0,Low
2022-02-11 17:00:00,0.001170607031116345,0,Low
2022-02-11 18:00:00,0.001170607031116345,0,Low
2022-02-11 19:00:00,0.0010748549178998716,0,Low
2022-02-11 20:00:00,0.0012696525037508412,0,Low
2022-02-11 21:00:00,0.0008759334222061765,0,Low
2022-02-11 22:00:00,0.0008759334222061765,0,Low
2022-02-11 23:00:00,0.0008555133799194366,0,Low
2022-02-12 00:00:00,0.0008555133799194366,0,Low
2022-02-12 01:00:00,0.0007837240718255478,0,Low
2022-02-12 02:00:00,0.0011825778019013229,0,Low
2022-02-12 03:00:00,0.0011825778019013229,0,Low
2022-02-12 04:00:00,0.0011825778019013229,0,Low
2022-02-12 05:00:00,0.0011825778019013229,0,Low
2022-02-12 06:00:00,0.0011825778019013229,0,Low
2022-02-12 07:00:00,0.0011740299602322312,0,Low
2022-02-12 08:00:00,0.0011740299602322312,0,Low
2022-02-12 09:00:00,0.0010175683044395783,0,Low
2022-02-12 10:00:00,0.0009853799473875239,0,Low
2022-02-12 11:00:00,0.0010175683044395783,0,Low
2022-02-12 12:00:00,0.001084489982053653,0,Low
2022-02-12 13:00:00,0.0009693109834740953,0,Low
2022-02-12 14:00:00,0.001084489982053653,0,Low
2022-02-12 15:00:00,0.0010228546389876862,0,Low
2022-02-12 16:00:00,0.0011443887086588335,0,Low
2022-02-12 17:00:00,0.001084489982053653,0,Low
2022-02-12 18:00:00,0.0010175683044395783,0,Low
2022-02-12 19:00:00,0.0013702633993319079,0,Low
2022-02-12 20:00:00,0.0014459231626153405,0,Low
2022-02-12 21:00:00,0.0013567284687451317,0,Low
2022-02-12 22:00:00,0.0012082395342877391,0,Low
2022-02-12 23:00:00,0.0011212304855926654,0,Low
2022-02-13 00:00:00,0.0011212304855926654,0,Low
2022-02-13 01:00:00,0.0011475969699003114,0,Low
2022-02-13 02:00:00,0.0011475969699003114,0,Low
2022-02-13 03:00:00,0.0011475969699003114,0,Low
2022-02-13 04:00:00,0.0012169003515396688,0,Low
2022-02-13 05:00:00,0.0011756923275048736,0,Low
2022-02-13 06:00:00,0.0010709497157156574,0,Low
2022-02-13 07:00:00,0.000996791328306087,0,Low
2022-02-13 08:00:00,0.0009733005756795851,0,Low
2022-02-13 09:00:00,0.0009733005756795851,0,Low
2022-02-13 10:00:00,0.0008994924199459876,0,Low
2022-02-13 11:00:00,0.0009624421689885572,0,Low
2022-02-13 12:00:00,0.0009624421689885572,0,Low
2022-02-13 13:00:00,0.0011310882477733196,0,Low
2022-02-13 14:00:00,0.0010156067845870616,0,Low
2022-02-13 15:00:00,0.0010156067845870616,0,Low
2022-02-13 16:00:00,0.0009624421689885572,0,Low
2022-02-13 17:00:00,0.0009624421689885572,0,Low
2022-02-13 18:00:00,0.0009624421689885572,0,Low
2022-02-13 19:00:00,0.0012055477891515021,0,Low
2022-02-13 20:00:00,0.0012055477891515021,0,Low
2022-02-13 21:00:00,0.0007803568647385015,0,Low
2022-02-13 22:00:00,0.0011996796370153657,0,Low
2022-02-13 23:00:00,0.0007045996622724643,0,Low
2022-02-14 00:00:00,0.0007775944065419258,0,Low
2022-02-14 01:00:00,0.0010695145498797933,0,Low
2022-02-14 02:00:00,0.0011756923275048736,0,Low
2022-02-14 03:00:00,0.0011756923275048736,0,Low
2022-02-14 04:00:00,0.0011750184541955556,0,Low
2022-02-14 05:00:00,0.0010689014695163786,0,Low
2022-02-14 06:00:00,0.0011750184541955556,0,Low
2022-02-14 07:00:00,0.001093661670583964,0,Low
2022-02-14 08:00:00,0.0008845887348645102,0,Low
2022-02-14 09:00:00,0.0009215193098504756,0,Low
2022-02-14 10:00:00,0.0009215193098504756,0,Low
2022-02-14 11:00:00,0.0009860090593894857,0,Low
2022-02-14 12:00:00,0.0010404741373095192,0,Low
2022-02-14 13:00:00,0.0010404741373095192,0,Low
2022-02-14 14:00:00,0.0009464964579507315,0,Low
2022-02-14 15:00:00,0.0011722708856823844,0,Low
2022-02-14 16:00:00,0.0010404741373095192,0,Low
2022-02-14 17:00:00,0.0011983867778209915,0,Low
2022-02-14 18:00:00,0.0010664017714898154,0,Low
2022-02-14 19:00:00,0.0010664017714898154,0,Low
2022-02-14 20:00:00,0.0011722708856823844,0,Low
2022-02-14 21:00:00,0.0008845887348645102,0,Low
2022-02-14 22:00:00,0.0006409393646300874,0,Low
2022-02-14 23:00:00,0.0007778427282173752,0,Low
2022-02-15 00:00:00,0.0008584187509113114,0,Low
2022-02-15 01:00:00,0.0008206899728262648,0,Low
2022-02-15 02:00:00,0.0011404019575097573,0,Low
2022-02-15 03:00:00,0.0012815339713626102,0,Low
2022-02-15 04:00:00,0.001139748288552658,0,Low
2022-02-15 05:00:00,0.00103880010039905,0,Low
2022-02-15 06:00:00,0.00103880010039905,0,Low
2022-02-15 07:00:00,0.0007780569562516728,0,Low
2022-02-15 08:00:00,0.0007780569562516728,0,Low
2022-02-15 09:00:00,0.0010737747753176725,0,Low
2022-02-15 10:00:00,0.0009778338682877232,0,Low
2022-02-15 11:00:00,0.0009940937387235113,0,Low
2022-02-15 12:00:00,0.0010636569835851429,0,Low
2022-02-15 13:00:00,0.0010636569835851429,0,Low
2022-02-15 14:00:00,0.0009464964579507315,0,Low
2022-02-15 15:00:00,0.0010636569835851429,0,Low
2022-02-15 16:00:00,0.0010583246324918864,0,Low
2022-02-15 17:00:00,0.0008701184203686358,0,Low
2022-02-15 18:00:00,0.0011180574824693932,0,Low
2022-02-15 19:00:00,0.0011180574824693932,0,Low
2022-02-15 20:00:00,0.001129895568959755,0,Low
2022-02-15 21:00:00,0.0012228880275980466,0,Low
2022-02-15 22:00:00,0.0012228880275980466,0,Low
2022-02-15 23:00:00,0.0007608845775602223,0,Low
2022-02-16 00:00:00,0.0008645017588997012,0,Low
2022-02-16 01:00:00,0.000817506548260768,0,Low
2022-02-16 02:00:00,0.0011305700295117693,0,Low
2022-02-16 03:00:00,0.001084536892010867,0,Low
2022-02-16 04:00:00,0.0009930124981478508,0,Low
2022-02-16 05:00:00,0.0011262914044212519,0,Low
2022-02-16 06:00:00,0.0011262914044212519,0,Low
2022-02-16 07:00:00,0.0007774813563610653,0,Low
2022-02-16 08:00:00,0.0010728436857940804,0,Low
2022-02-16 09:00:00,0.0011074535969055803,0,Low
2022-02-16 10:00:00,0.0012190471806413595,0,Low
2022-02-16 11:00:00,0.0011216704677213683,0,Low
2022-02-16 12:00:00,0.001170607031116345,0,Low
2022-02-16 13:00:00,0.00123525630675459,0,Low
2022-02-16 14:00:00,0.00123525630675459,0,Low
2022-02-16 15:00:00,0.001170607031116345,0,Low
2022-02-16 16:00:00,0.001170607031116345,0,Low
2022-02-16 17:00:00,0.001170607031116345,0,Low
2022-02-16 18:00:00,0.0010976500087683532,0,Low
2022-02-16 19:00:00,0.0010976500087683532,0,Low
2022-02-16 20:00:00,0.0012088063622520118,0,Low
2022-02-16 21:00:00,0.0012088063622520118,0,Low
2022-02-16 22:00:00,0.0008036703373302978,0,Low
2022-02-16 23:00:00,0.0008036703373302978,0,Low
2022-02-17 00:00:00,0.0008036703373302978,0,Low
2022-02-17 01:00:00,0.0007663677655707561,0,Low
2022-02-17 02:00:00,0.0011021720977689175,0,Low
2022-02-17 03:00:00,0.0010709497157156574,0,Low
2022-02-17 04:00:00,0.0011590964530564273,0,Low
2022-02-17 05:00:00,0.0011750184541955556,0,Low
2022-02-17 06:00:00,0.0011750184541955556,0,Low
2022-02-17 07:00:00,0.000856804605140019,0,Low
2022-02-17 08:00:00,0.0010956120744555673,0,Low
2022-02-17 09:00:00,0.0010956120744555673,0,Low
2022-02-17 10:00:00,0.0010956120744555673,0,Low
2022-02-17 11:00:00,0.0010956120744555673,0,Low
2022-02-17 12:00:00,0.0010956120744555673,0,Low
2022-02-17 13:00:00,0.0010956120744555673,0,Low
2022-02-17 14:00:00,0.0010956120744555673,0,Low
2022-02-17 15:00:00,0.0010956120744555673,0,Low
2022-02-17 16:00:00,0.0009966591963977151,0,Low
2022-02-17 17:00:00,0.0011773019552465441,0,Low
2022-02-17 18:00:00,0.0012941666375487421,0,Low
2022-02-17 19:00:00,0.0012941666375487421,0,Low
2022-02-17 20:00:00,0.0013966807323246332,0,Low
2022-02-17 21:00:00,0.0012941666375487421,0,Low
2022-02-17 22:00:00,0.0013966807323246332,0,Low
2022-02-17 23:00:00,0.0013966807323246332,0,Low
2022-02-18 00:00:00,0.000856804605140019,0,Low
2022-02-18 01:00:00,0.0010764835890639853,0,Low
2022-02-18 02:00:00,0.0011021720977689175,0,Low
2022-02-18 03:00:00,0.0011021720977689175,0,Low
2022-02-18 04:00:00,0.0011021720977689175,0,Low
2022-02-18 05:00:00,0.0011021720977689175,0,Low
2022-02-18 06:00:00,0.0011021720977689175,0,Low
2022-02-18 07:00:00,0.0008036703373302978,0,Low
2022-02-18 08:00:00,0.0011091122849492432,0,Low
2022-02-18 09:00:00,0.0011091122849492432,0,Low
2022-02-18 10:00:00,0.001051058027273026,0,Low
2022-02-18 11:00:00,0.001051058027273026,0,Low
2022-02-18 12:00:00,0.0010212821265586812,0,Low
2022-02-18 13:00:00,0.0010212821265586812,0,Low
2022-02-18 14:00:00,0.0010212821265586812,0,Low
2022-02-18 15:00:00,0.0009290362953964828,0,Low
2022-02-18 16:00:00,0.0010610256867292869,0,Low
2022-02-18 17:00:00,0.0010610256867292869,0,Low
2022-02-18 18:00:00,0.0010610256867292869,0,Low
2022-02-18 19:00:00,0.0010610256867292869,0,Low
2022-02-18 20:00:00,0.0010610256867292869,0,Low
2022-02-18 21:00:00,0.001502518532308954,0,Low
2022-02-18 22:00:00,0.0013225313592472167,0,Low
2022-02-18 23:00:00,0.0008112938126140025,0,Low
2022-02-19 00:00:00,0.0008901531670153091,0,Low
2022-02-19 01:00:00,0.0012207374079062324,0,Low
2022-02-19 02:00:00,0.0012207374079062324,0,Low
2022-02-19 03:00:00,0.0013016348038826294,0,Low
2022-02-19 04:00:00,0.0013016348038826294,0,Low
2022-02-19 05:00:00,0.0013016348038826294,0,Low
2022-02-19 06:00:00,0.0013016348038826294,0,Low
2022-02-19 07:00:00,0.0013649556442247499,0,Low
2022-02-19 08:00:00,0.0011225828837318065,0,Low
2022-02-19 09:00:00,0.0009573842848939077,0,Low
2022-02-19 10:00:00,0.0009573842848939077,0,Low
2022-02-19 11:00:00,0.0009573842848939077,0,Low
2022-02-19 12:00:00,0.0009573842848939077,0,Low
2022-02-19 13:00:00,0.0009573842848939077,0,Low
2022-02-19 14:00:00,0.0009573842848939077,0,Low
2022-02-19 15:00:00,0.0009573842848939077,0,Low
2022-02-19 16:00:00,0.0009573842848939077,0,Low
2022-02-19 17:00:00,0.0009573842848939077,0,Low
2022-02-19 18:00:00,0.0009573842848939077,0,Low
2022-02-19 19:00:00,0.0009573842848939077,0,Low
2022-02-19 20:00:00,0.0010877316464946816,0,Low
2022-02-19 21:00:00,0.0007320284413914939,0,Low
2022-02-19 22:00:00,0.0007320284413914939,0,Low
2022-02-19 23:00:00,0.0007900494242280763,0,Low
2022-02-20 00:00:00,0.0012115218988348348,0,Low
2022-02-20 01:00:00,0.0013016348038826294,0,Low
2022-02-20 02:00:00,0.0013016348038826294,0,Low
2022-02-20 03:00:00,0.0012207374079062324,0,Low
2022-02-20 04:00:00,0.0012207374079062324,0,Low
2022-02-20 05:00:00,0.0012207374079062324,0,Low
2022-02-20 06:00:00,0.0012207374079062324,0,Low
2022-02-20 07:00:00,0.0011362187030328089,0,Low
2022-02-20 08:00:00,0.0010528019426203153,0,Low
2022-02-20 09:00:00,0.0010528019426203153,0,Low
2022-02-20 10:00:00,0.0010528019426203153,0,Low
2022-02-20 11:00:00,0.0010157945426814531,0,Low
2022-02-20 12:00:00,0.0010157945426814531,0,Low
2022-02-20 13:00:00,0.0008994924199459876,0,Low
2022-02-20 14:00:00,0.0008994924199459876,0,Low
2022-02-20 15:00:00,0.0008994924199459876,0,Low
2022-02-20 16:00:00,0.0008382768494581114,0,Low
2022-02-20 17:00:00,0.0009573842848939077,0,Low
2022-02-20 18:00:00,0.0009573842848939077,0,Low
2022-02-20 19:00:00,0.0009573842848939077,0,Low
2022-02-20 20:00:00,0.0009573842848939077,0,Low
2022-02-20 21:00:00,0.0007900494242280763,0,Low
2022-02-20 22:00:00,0.0007200519461682783,0,Low
2022-02-20 23:00:00,0.0007200519461682783,0,Low
2022-02-21 00:00:00,0.000996791328306087,0,Low
2022-02-21 01:00:00,0.0011561989292245911,0,Low
2022-02-21 02:00:00,0.0011561989292245911,0,Low
2022-02-21 03:00:00,0.0011561989292245911,0,Low
2022-02-21 04:00:00,0.0010537952351566218,0,Low
2022-02-21 05:00:00,0.0010537952351566218,0,Low
2022-02-21 06:00:00,0.0010985249788508901,0,Low
2022-02-21 07:00:00,0.0010277426521148943,0,Low
2022-02-21 08:00:00,0.0007927364014341182,0,Low
2022-02-21 09:00:00,0.0009417242857516909,0,Low
2022-02-21 10:00:00,0.0009573842848939077,0,Low
2022-02-21 11:00:00,0.0009573842848939077,0,Low
2022-02-21 12:00:00,0.0009573842848939077,0,Low
2022-02-21 13:00:00,0.0010278167972889616,0,Low
2022-02-21 14:00:00,0.0010278167972889616,0,Low
2022-02-21 15:00:00,0.0010243813630718425,0,Low
2022-02-21 16:00:00,0.001086874682706536,0,Low
2022-02-21 17:00:00,0.0010243813630718425,0,Low
2022-02-21 18:00:00,0.0010243813630718425,0,Low
2022-02-21 19:00:00,0.0008822540364966175,0,Low
2022-02-21 20:00:00,0.0008822540364966175,0,Low
2022-02-21 21:00:00,0.0008822540364966175,0,Low
2022-02-21 22:00:00,0.0008245447650780578,0,Low
2022-02-21 23:00:00,0.0008718888241452894,0,Low
2022-02-22 00:00:00,0.0010790323383727477,0,Low
2022-02-22 01:00:00,0.001159302118443558,0,Low
2022-02-22 02:00:00,0.0012011865120700384,0,Low
2022-02-22 03:00:00,0.0012011865120700384,0,Low
2022-02-22 04:00:00,0.0012011865120700384,0,Low
2022-02-22 05:00:00,0.0012011865120700384,0,Low
2022-02-22 06:00:00,0.0012011865120700384,0,Low
2022-02-22 07:00:00,0.0007900494242280763,0,Low
2022-02-22 08:00:00,0.0008235933552360926,0,Low
2022-02-22 09:00:00,0.0007631107979643723,0,Low
2022-02-22 10:00:00,0.000998025825788416,0,Low
2022-02-22 11:00:00,0.0009606398248676153,0,Low
2022-02-22 12:00:00,0.0009606398248676153,0,Low
2022-02-22 13:00:00,0.0010725654856469742,0,Low
2022-02-22 14:00:00,0.0010288916719283924,0,Low
2022-02-22 15:00:00,0.0009215193098504756,0,Low
2022-02-22 16:00:00,0.00103826372372141,0,Low
2022-02-22 17:00:00,0.00103826372372141,0,Low
2022-02-22 18:00:00,0.00103826372372141,0,Low
2022-02-22 19:00:00,0.001274155064484793,0,Low
2022-02-22 20:00:00,0.0012255071548789075,0,Low
2022-02-22 21:00:00,0.0012255071548789075,0,Low
2022-02-22 22:00:00,0.0014510118446795746,0,Low
2022-02-22 23:00:00,0.0013966807323246332,0,Low
2022-02-23 00:00:00,0.0015867430777714586,0,Low
2022-02-23 01:00:00,0.0009282948273116375,0,Low
2022-02-23 02:00:00,0.0013135792082904143,0,Low
2022-02-23 03:00:00,0.0011561989292245911,0,Low
2022-02-23 04:00:00,0.0011561989292245911,0,Low
2022-02-23 05:00:00,0.000958615522522652,0,Low
2022-02-23 06:00:00,0.0010537952351566218,0,Low
2022-02-23 07:00:00,0.000784933591897098,0,Low
2022-02-23 08:00:00,0.0008501101164733384,0,Low
2022-02-23 09:00:00,0.0011117771023932896,0,Low
2022-02-23 10:00:00,0.0010665083348099186,0,Low
2022-02-23 11:00:00,0.0010665083348099186,0,Low
2022-02-23 12:00:00,0.0010665083348099186,0,Low
2022-02-23 13:00:00,0.001247871887794013,0,Low
2022-02-23 14:00:00,0.0010610256867292869,0,Low
2022-02-23 15:00:00,0.0011541419965769423,0,Low
2022-02-23 16:00:00,0.001010580848204136,0,Low
2022-02-23 17:00:00,0.0011541419965769423,0,Low
2022-02-23 18:00:00,0.0011541419965769423,0,Low
2022-02-23 19:00:00,0.0011109143944080793,0,Low
2022-02-23 20:00:00,0.0008494502820924969,0,Low
2022-02-23 21:00:00,0.0007727129086658031,0,Low
2022-02-23 22:00:00,0.0007727129086658031,0,Low
2022-02-23 23:00:00,0.0007045996622724643,0,Low
2022-02-24 00:00:00,0.0007045996622724643,0,Low
2022-02-24 01:00:00,0.0007570363091610857,0,Low
2022-02-24 02:00:00,0.0011750184541955556,0,Low
2022-02-24 03:00:00,0.0011750184541955556,0,Low
2022-02-24 04:00:00,0.0011750184541955556,0,Low
2022-02-24 05:00:00,0.0011750184541955556,0,Low
2022-02-24 06:00:00,0.0011750184541955556,0,Low
2022-02-24 07:00:00,0.0007604482792081918,0,Low
2022-02-24 08:00:00,0.0006409393646300874,0,Low
2022-02-24 09:00:00,0.0008382768494581114,0,Low
2022-02-24 10:00:00,0.0008382768494581114,0,Low
2022-02-24 11:00:00,0.0008382768494581114,0,Low
2022-02-24 12:00:00,0.0010243813630718425,0,Low
2022-02-24 13:00:00,0.0010243813630718425,0,Low
2022-02-24 14:00:00,0.0010243813630718425,0,Low
2022-02-24 15:00:00,0.0010243813630718425,0,Low
2022-02-24 16:00:00,0.0010243813630718425,0,Low
2022-02-24 17:00:00,0.0010243813630718425,0,Low
2022-02-24 18:00:00,0.0009417242857516909,0,Low
2022-02-24 19:00:00,0.0009417242857516909,0,Low
2022-02-24 20:00:00,0.0007200519461682783,0,Low
2022-02-24 21:00:00,0.0007237739539937528,0,Low
2022-02-24 22:00:00,0.0007720133205452739,0,Low
2022-02-24 23:00:00,0.0008414323197960662,0,Low
2022-02-25 00:00:00,0.0008414323197960662,0,Low
2022-02-25 01:00:00,0.0007837240718255478,0,Low
2022-02-25 02:00:00,0.00112712495075552,0,Low
2022-02-25 03:00:00,0.00112712495075552,0,Low
2022-02-25 04:00:00,0.0011548430804677024,0,Low
2022-02-25 05:00:00,0.0010595948039363414,0,Low
2022-02-25 06:00:00,0.0012018261808678066,0,Low
2022-02-25 07:00:00,0.0008473916213166783,0,Low
2022-02-25 08:00:00,0.0008414323197960662,0,Low
2022-02-25 09:00:00,0.0011004311901510909,0,Low
2022-02-25 10:00:00,0.0011004311901510909,0,Low
2022-02-25 11:00:00,0.0011004311901510909,0,Low
2022-02-25 12:00:00,0.0011004311901510909,0,Low
2022-02-25 13:00:00,0.0011004311901510909,0,Low
2022-02-25 14:00:00,0.0011004311901510909,0,Low
2022-02-25 15:00:00,0.0011004311901510909,0,Low
2022-02-25 16:00:00,0.0011004311901510909,0,Low
2022-02-25 17:00:00,0.0010656244584996539,0,Low
2022-02-25 18:00:00,0.0010656244584996539,0,Low
2022-02-25 19:00:00,0.0011004311901510909,0,Low
2022-02-25 20:00:00,0.0010175683044395783,0,Low
2022-02-25 21:00:00,0.0009075242502557762,0,Low
2022-02-25 22:00:00,0.0009075242502557762,0,Low
2022-02-25 23:00:00,0.0009075242502557762,0,Low
2022-02-26 00:00:00,0.0007910032632262282,0,Low
2022-02-26 01:00:00,0.0007681837326455806,0,Low
2022-02-26 02:00:00,0.0007681837326455806,0,Low
2022-02-26 03:00:00,0.0007681837326455806,0,Low
2022-02-26 04:00:00,0.0007681837326455806,0,Low
2022-02-26 05:00:00,0.0007681837326455806,0,Low
2022-02-26 06:00:00,0.0007681837326455806,0,Low
2022-02-26 07:00:00,0.0007681837326455806,0,Low
2022-02-26 08:00:00,0.0008458173211462412,0,Low
2022-02-26 09:00:00,0.0010656244584996539,0,Low
2022-02-26 10:00:00,0.0008567970329561422,0,Low
2022-02-26 11:00:00,0.0007781564532890868,0,Low
2022-02-26 12:00:00,0.0007781564532890868,0,Low
2022-02-26 13:00:00,0.0007781564532890868,0,Low
2022-02-26 14:00:00,0.0007781564532890868,0,Low
2022-02-26 15:00:00,0.0010542075043576573,0,Low
2022-02-26 16:00:00,0.0011004311901510909,0,Low
2022-02-26 17:00:00,0.0010542075043576573,0,Low
2022-02-26 18:00:00,0.0011004311901510909,0,Low
2022-02-26 19:00:00,0.0009417242857516909,0,Low
2022-02-26 20:00:00,0.0010096661201075025,0,Low
2022-02-26 21:00:00,0.0007720133205452739,0,Low
2022-02-26 22:00:00,0.0008414323197960662,0,Low
2022-02-26 23:00:00,0.0008414323197960662,0,Low
2022-02-27 00:00:00,0.0008414323197960662,0,Low
2022-02-27 01:00:00,0.0012188983962524856,0,Low
2022-02-27 02:00:00,0.0012188983962524856,0,Low
2022-02-27 03:00:00,0.0007681837326455806,0,Low
2022-02-27 04:00:00,0.0007681837326455806,0,Low
2022-02-27 05:00:00,0.0012996740808251604,0,Low
2022-02-27 06:00:00,0.0012996740808251604,0,Low
2022-02-27 07:00:00,0.0012902809438587804,0,Low
2022-02-27 08:00:00,0.0012902809438587804,0,Low
2022-02-27 09:00:00,0.0012494767597628497,0,Low
2022-02-27 10:00:00,0.0010656244584996539,0,Low
2022-02-27 11:00:00,0.0010656244584996539,0,Low
2022-02-27 12:00:00,0.0010656244584996539,0,Low
2022-02-27 13:00:00,0.0010656244584996539,0,Low
2022-02-27 14:00:00,0.0008567970329561422,0,Low
2022-02-27 15:00:00,0.0009054598862913633,0,Low
2022-02-27 16:00:00,0.0011004311901510909,0,Low
2022-02-27 17:00:00,0.0011004311901510909,0,Low
2022-02-27 18:00:00,0.0011004311901510909,0,Low
2022-02-27 19:00:00,0.0011004311901510909,0,Low
2022-02-27 20:00:00,0.0011004311901510909,0,Low
2022-02-27 21:00:00,0.0011612093606307805,0,Low
2022-02-27 22:00:00,0.0008414323197960662,0,Low
2022-02-27 23:00:00,0.0008414323197960662,0,Low
2022-02-28 00:00:00,0.0012902809438587804,0,Low
2022-02-28 01:00:00,0.0012996740808251604,0,Low
2022-02-28 02:00:00,0.0012996740808251604,0,Low
2022-02-28 03:00:00,0.0012996740808251604,0,Low
2022-02-28 04:00:00,0.0012996740808251604,0,Low
2022-02-28 05:00:00,0.0011863652601357714,0,Low
2022-02-28 06:00:00,0.001112623955214557,0,Low
2022-02-28 07:00:00,0.0010355828082707365,0,Low
2022-02-28 08:00:00,0.0009937455987082833,0,Low
2022-02-28 09:00:00,0.0010102697891353205,0,Low
2022-02-28 10:00:00,0.0010102697891353205,0,Low
2022-02-28 11:00:00,0.0010102697891353205,0,Low
2022-02-28 12:00:00,0.0010809637533021955,0,Low
2022-02-28 13:00:00,0.0010809637533021955,0,Low
2022-02-28 14:00:00,0.0010809637533021955,0,Low
2022-02-28 15:00:00,0.0010243813630718425,0,Low
2022-02-28 16:00:00,0.0010243813630718425,0,Low
2022-02-28 17:00:00,0.0008969463564269812,0,Low
2022-02-28 18:00:00,0.0009215193098504756,0,Low
2022-02-28 19:00:00,0.0011309165923041127,0,Low
2022-02-28 20:00:00,0.0007320284413914939,0,Low
2022-02-28 21:00:00,0.0007320284413914939,0,Low
2022-02-28 22:00:00,0.0011933764975490858,0,Low
2022-02-28 23:00:00,0.0008078624406547518,0,Low
2022-03-01 00:00:00,0.0009998097761792202,0,Low
2022-03-01 01:00:00,0.0011130053823866781,0,Low
2022-03-01 02:00:00,0.0012011865120700384,0,Low
2022-03-01 03:00:00,0.0012011865120700384,0,Low
2022-03-01 04:00:00,0.0012011865120700384,0,Low
2022-03-01 05:00:00,0.0012011865120700384,0,Low
2022-03-01 06:00:00,0.0012011865120700384,0,Low
2022-03-01 07:00:00,0.001118019913466216,0,Low
2022-03-01 08:00:00,0.0007320284413914939,0,Low
2022-03-01 09:00:00,0.0010157945426814531,0,Low
2022-03-01 10:00:00,0.0009573842848939077,0,Low
2022-03-01 11:00:00,0.0010157945426814531,0,Low
2022-03-01 12:00:00,0.0010157945426814531,0,Low
2022-03-01 13:00:00,0.001086874682706536,0,Low
2022-03-01 14:00:00,0.001086874682706536,0,Low
2022-03-01 15:00:00,0.0010243813630718425,0,Low
2022-03-01 16:00:00,0.0010243813630718425,0,Low
2022-03-01 17:00:00,0.0010243813630718425,0,Low
2022-03-01 18:00:00,0.0010243813630718425,0,Low
2022-03-01 19:00:00,0.0010243813630718425,0,Low
2022-03-01 20:00:00,0.0010243813630718425,0,Low
2022-03-01 21:00:00,0.001090320273427426,0,Low
2022-03-01 22:00:00,0.0007832676404690478,0,Low
2022-03-01 23:00:00,0.0008898921131006174,0,Low
2022-03-02 00:00:00,0.0008898921131006174,0,Low
2022-03-02 01:00:00,0.0012207374079062324,0,Low
2022-03-02 02:00:00,0.0012207374079062324,0,Low
2022-03-02 03:00:00,0.0012207374079062324,0,Low
2022-03-02 04:00:00,0.0012207374079062324,0,Low
2022-03-02 05:00:00,0.0012207374079062324,0,Low
2022-03-02 06:00:00,0.0012207374079062324,0,Low
2022-03-02 07:00:00,0.001280127863866074,0,Low
2022-03-02 08:00:00,0.0008901531670153091,0,Low
2022-03-02 09:00:00,0.0010786674152742815,0,Low
2022-03-02 10:00:00,0.0009573842848939077,0,Low
2022-03-02 11:00:00,0.0010243813630718425,0,Low
2022-03-02 12:00:00,0.0010243813630718425,0,Low
2022-03-02 13:00:00,0.001086874682706536,0,Low
2022-03-02 14:00:00,0.001086874682706536,0,Low
2022-03-02 15:00:00,0.001086874682706536,0,Low
2022-03-02 16:00:00,0.0010243813630718425,0,Low
2022-03-02 17:00:00,0.0010243813630718425,0,Low
2022-03-02 18:00:00,0.0010243813630718425,0,Low
2022-03-02 19:00:00,0.0010243813630718425,0,Low
2022-03-02 20:00:00,0.0010243813630718425,0,Low
2022-03-02 21:00:00,0.001210042630734858,0,Low
2022-03-02 22:00:00,0.0007832676404690478,0,Low
2022-03-02 23:00:00,0.0007320284413914939,0,Low
2022-03-03 00:00:00,0.0007900494242280763,0,Low
2022-03-03 01:00:00,0.0011260934112251758,0,Low
2022-03-03 02:00:00,0.0011260934112251758,0,Low
2022-03-03 03:00:00,0.0011260934112251758,0,Low
2022-03-03 04:00:00,0.0012011865120700384,0,Low
2022-03-03 05:00:00,0.0011260934112251758,0,Low
2022-03-03 06:00:00,0.0011260934112251758,0,Low
2022-03-03 07:00:00,0.0008235933552360926,0,Low
2022-03-03 08:00:00,0.0007631107979643723,0,Low
2022-03-03 09:00:00,0.0012440235757602135,0,Low
2022-03-03 10:00:00,0.0010102697891353205,0,Low
2022-03-03 11:00:00,0.0010102697891353205,0,Low
2022-03-03 12:00:00,0.0010102697891353205,0,Low
2022-03-03 13:00:00,0.0010102697891353205,0,Low
2022-03-03 14:00:00,0.0010102697891353205,0,Low
2022-03-03 15:00:00,0.0010102697891353205,0,Low
2022-03-03 16:00:00,0.0010102697891353205,0,Low
2022-03-03 17:00:00,0.0010102697891353205,0,Low
2022-03-03 18:00:00,0.0007320284413914939,0,Low
2022-03-03 19:00:00,0.0007320284413914939,0,Low
2022-03-03 20:00:00,0.0007320284413914939,0,Low
2022-03-03 21:00:00,0.0007320284413914939,0,Low
2022-03-03 22:00:00,0.0007320284413914939,0,Low
2022-03-03 23:00:00,0.0007320284413914939,0,Low
2022-03-04 00:00:00,0.0007320284413914939,0,Low
2022-03-04 01:00:00,0.001112623955214557,0,Low
2022-03-04 02:00:00,0.001112623955214557,0,Low
2022-03-04 03:00:00,0.0011243968179733548,0,Low
2022-03-04 04:00:00,0.0011243968179733548,0,Low
2022-03-04 05:00:00,0.0010316570717014877,0,Low
2022-03-04 06:00:00,0.0010316570717014877,0,Low
2022-03-04 07:00:00,0.0007736376691966762,0,Low
2022-03-04 08:00:00,0.0007200519461682783,0,Low
2022-03-04 09:00:00,0.0009417242857516909,0,Low
2022-03-04 10:00:00,0.0009573842848939077,0,Low
2022-03-04 11:00:00,0.0009417242857516909,0,Low
2022-03-04 12:00:00,0.0009417242857516909,0,Low
2022-03-04 13:00:00,0.0010610256867292869,0,Low
2022-03-04 14:00:00,0.001205466743804721,0,Low
2022-03-04 15:00:00,0.001205466743804721,0,Low
2022-03-04 16:00:00,0.0010610256867292869,0,Low
2022-03-04 17:00:00,0.0012116948581923992,0,Low
2022-03-04 18:00:00,0.0010610256867292869,0,Low
2022-03-04 19:00:00,0.0015410539225941694,0,Low
2022-03-04 20:00:00,0.0009217693857433616,0,Low
2022-03-04 21:00:00,0.0008112938126140025,0,Low
2022-03-04 22:00:00,0.0008901531670153091,0,Low
2022-03-04 23:00:00,0.0008901531670153091,0,Low
2022-03-05 00:00:00,0.0008901531670153091,0,Low
2022-03-05 01:00:00,0.0012207374079062324,0,Low
2022-03-05 02:00:00,0.0012207374079062324,0,Low
2022-03-05 03:00:00,0.0012207374079062324,0,Low
2022-03-05 04:00:00,0.0012207374079062324,0,Low
2022-03-05 05:00:00,0.001112623955214557,0,Low
2022-03-05 06:00:00,0.001112623955214557,0,Low
2022-03-05 07:00:00,0.0011667606961735554,0,Low
2022-03-05 08:00:00,0.0011667606961735554,0,Low
2022-03-05 09:00:00,0.0010610256867292869,0,Low
2022-03-05 10:00:00,0.0010610256867292869,0,Low
2022-03-05 11:00:00,0.0010610256867292869,0,Low
2022-03-05 12:00:00,0.0010610256867292869,0,Low
2022-03-05 13:00:00,0.0010610256867292869,0,Low
2022-03-05 14:00:00,0.0010610256867292869,0,Low
2022-03-05 15:00:00,0.0010610256867292869,0,Low
2022-03-05 16:00:00,0.0010610256867292869,0,Low
2022-03-05 17:00:00,0.0010610256867292869,0,Low
2022-03-05 18:00:00,0.0009417242857516909,0,Low
2022-03-05 19:00:00,0.0009417242857516909,0,Low
2022-03-05 20:00:00,0.0007200519461682783,0,Low
2022-03-05 21:00:00,0.0007200519461682783,0,Low
2022-03-05 22:00:00,0.0007200519461682783,0,Low
2022-03-05 23:00:00,0.0007200519461682783,0,Low
2022-03-06 00:00:00,0.001104223706650625,0,Low
2022-03-06 01:00:00,0.0013016348038826294,0,Low
2022-03-06 02:00:00,0.0013016348038826294,0,Low
2022-03-06 03:00:00,0.0013016348038826294,0,Low
2022-03-06 04:00:00,0.0013016348038826294,0,Low
2022-03-06 05:00:00,0.0013016348038826294,0,Low
2022-03-06 06:00:00,0.0013016348038826294,0,Low
2022-03-06 07:00:00,0.0013016348038826294,0,Low
2022-03-06 08:00:00,0.0012115218988348348,0,Low
2022-03-06 09:00:00,0.0011225828837318065,0,Low
2022-03-06 10:00:00,0.0007320284413914939,0,Low
2022-03-06 11:00:00,0.0007320284413914939,0,Low
2022-03-06 12:00:00,0.0007320284413914939,0,Low
2022-03-06 13:00:00,0.0007320284413914939,0,Low
2022-03-06 14:00:00,0.0007320284413914939,0,Low
2022-03-06 15:00:00,0.0007320284413914939,0,Low
2022-03-06 16:00:00,0.0007320284413914939,0,Low
2022-03-06 17:00:00,0.0007320284413914939,0,Low
2022-03-06 18:00:00,0.0007320284413914939,0,Low
2022-03-06 19:00:00,0.0007320284413914939,0,Low
2022-03-06 20:00:00,0.0007900494242280763,0,Low
2022-03-06 21:00:00,0.0007900494242280763,0,Low
2022-03-06 22:00:00,0.0007900494242280763,0,Low
2022-03-06 23:00:00,0.0007900494242280763,0,Low
2022-03-07 00:00:00,0.0010355828082707365,0,Low
2022-03-07 01:00:00,0.001112623955214557,0,Low
2022-03-07 02:00:00,0.0011183729290146203,0,Low
2022-03-07 03:00:00,0.0011183729290146203,0,Low
2022-03-07 04:00:00,0.0012706109323597837,0,Low
2022-03-07 05:00:00,0.001112623955214557,0,Low
2022-03-07 06:00:00,0.0012640803724782244,0,Low
2022-03-07 07:00:00,0.001112623955214557,0,Low
2022-03-07 08:00:00,0.0008901531670153091,0,Low
2022-03-07 09:00:00,0.0008901531670153091,0,Low
2022-03-07 10:00:00,0.0008901531670153091,0,Low
2022-03-07 11:00:00,0.0010113563139480678,0,Low
2022-03-07 12:00:00,0.001228423262214877,0,Low
2022-03-07 13:00:00,0.001228423262214877,0,Low
2022-03-07 14:00:00,0.0008901531670153091,0,Low
2022-03-07 15:00:00,0.0013956208862442804,0,Low
2022-03-07 16:00:00,0.0013033481036580205,0,Low
2022-03-07 17:00:00,0.0010026337968392905,0,Low
2022-03-07 18:00:00,0.654031247211307,1,Medium
2022-03-07 19:00:00,0.7241085040455391,1,High
2022-03-07 20:00:00,0.6915177674413462,1,Medium
2022-03-07 21:00:00,0.9990662136359474,1,High
2022-03-07 22:00:00,0.9985523916356626,1,High
2022-03-07 23:00:00,0.9983817359532581,1,High
2022-03-08 00:00:00,0.9990662136359474,1,High
2022-03-08 01:00:00,0.9990662136359474,1,High
2022-03-08 02:00:00,0.9986854742286329,1,High
2022-03-08 03:00:00,0.9990662136359474,1,High
2022-03-08 04:00:00,0.9990662136359474,1,High
2022-03-08 05:00:00,0.9990040148746896,1,High
2022-03-08 06:00:00,0.9989328400736436,1,High
2022-03-08 07:00:00,0.9990040148746896,1,High
2022-03-08 08:00:00,0.9990040148746896,1,High
2022-03-08 09:00:00,0.9990680457327775,1,High
2022-03-08 10:00:00,0.9990680457327775,1,High
2022-03-08 11:00:00,0.9990680457327775,1,High
2022-03-08 12:00:00,0.9990680457327775,1,High
2022-03-08 13:00:00,0.9990680457327775,1,High
2022-03-08 14:00:00,0.9989941944673041,1,High
2022-03-08 15:00:00,0.9989941944673041,1,High
2022-03-08 16:00:00,0.9989941944673041,1,High
2022-03-08 17:00:00,0.999066247633504,1,High
2022-03-08 18:00:00,0.999066247633504,1,High
2022-03-08 19:00:00,0.999087796237297,1,High
2022-03-08 20:00:00,0.999087796237297,1,High
2022-03-08 21:00:00,0.999076444278929,1,High
2022-03-08 22:00:00,0.9976295124753096,1,High
2022-03-08 23:00:00,0.9987722694010606,1,High
2022-03-09 00:00:00,0.999087796237297,1,High
2022-03-09 01:00:00,0.999087796237297,1,High
2022-03-09 02:00:00,0.999087796237297,1,High
2022-03-09 03:00:00,0.999087796237297,1,High
2022-03-09 04:00:00,0.999087796237297,1,High
2022-03-09 05:00:00,0.999087796237297,1,High
2022-03-09 06:00:00,0.9986537267146267,1,High
2022-03-09 07:00:00,0.9986425511139659,1,High
2022-03-09 08:00:00,0.9990597154883248,1,High
2022-03-09 09:00:00,0.9990674598666126,1,High
2022-03-09 10:00:00,0.9990674598666126,1,High
2022-03-09 11:00:00,0.999087796237297,1,High
2022-03-09 12:00:00,0.9990674598666126,1,High
2022-03-09 13:00:00,0.9990674598666126,1,High
2022-03-09 14:00:00,0.9990674598666126,1,High
2022-03-09 15:00:00,0.9989108437006446,1,High
2022-03-09 16:00:00,0.9989108437006446,1,High
2022-03-09 17:00:00,0.999087796237297,1,High
2022-03-09 18:00:00,0.999087796237297,1,High
2022-03-09 19:00:00,0.999087796237297,1,High
2022-03-09 20:00:00,0.999087796237297,1,High
2022-03-09 21:00:00,0.999076444278929,1,High
2022-03-09 22:00:00,0.9976295124753096,1,High
2022-03-09 23:00:00,0.9976295124753096,1,High
2022-03-10 00:00:00,0.999087796237297,1,High
2022-03-10 01:00:00,0.999087796237297,1,High
2022-03-10 02:00:00,0.999087796237297,1,High
2022-03-10 03:00:00,0.999087796237297,1,High
2022-03-10 04:00:00,0.999087796237297,1,High
2022-03-10 05:00:00,0.999087796237297,1,High
2022-03-10 06:00:00,0.9986537267146267,1,High
2022-03-10 07:00:00,0.9986537267146267,1,High
2022-03-10 08:00:00,0.9990674598666126,1,High
2022-03-10 09:00:00,0.9990071499822771,1,High
2022-03-10 10:00:00,0.9982648383016117,1,High
2022-03-10 11:00:00,0.9982648383016117,1,High
2022-03-10 12:00:00,0.9982648383016117,1,High
2022-03-10 13:00:00,0.9990674598666126,1,High
2022-03-10 14:00:00,0.9986872279261716,1,High
2022-03-10 15:00:00,0.9990674598666126,1,High
2022-03-10 16:00:00,0.999087796237297,1,High
2022-03-10 17:00:00,0.999087796237297,1,High
2022-03-10 18:00:00,0.9987158455475701,1,High
2022-03-10 19:00:00,0.999087796237297,1,High
2022-03-10 20:00:00,0.999087796237297,1,High
2022-03-10 21:00:00,0.999076444278929,1,High
2022-03-10 22:00:00,0.9988631313816326,1,High
2022-03-10 23:00:00,0.9988631313816326,1,High
2022-03-11 00:00:00,0.999087796237297,1,High
2022-03-11 01:00:00,0.999087796237297,1,High
2022-03-11 02:00:00,0.999087796237297,1,High
2022-03-11 03:00:00,0.999087796237297,1,High
2022-03-11 04:00:00,0.999087796237297,1,High
2022-03-11 05:00:00,0.9990652248920169,1,High
2022-03-11 06:00:00,0.9983398004218593,1,High
2022-03-11 07:00:00,0.9983398004218593,1,High
2022-03-11 08:00:00,0.9990674598666126,1,High
2022-03-11 09:00:00,0.9988776623292109,1,High
2022-03-11 10:00:00,0.9982648383016117,1,High
2022-03-11 11:00:00,0.9982648383016117,1,High
2022-03-11 12:00:00,0.9990674598666126,1,High
2022-03-11 13:00:00,0.9990008144185232,1,High
2022-03-11 14:00:00,0.997964715567661,1,High
2022-03-11 15:00:00,0.9977568753343702,1,High
2022-03-11 16:00:00,0.9989108437006446,1,High
2022-03-11 17:00:00,0.9985613314982074,1,High
2022-03-11 18:00:00,0.999066247633504,1,High
2022-03-11 19:00:00,0.999087796237297,1,High
2022-03-11 20:00:00,0.999087796237297,1,High
2022-03-11 21:00:00,0.999076444278929,1,High
2022-03-11 22:00:00,0.9972962303483175,1,High
2022-03-11 23:00:00,0.9972962303483175,1,High
2022-03-12 00:00:00,0.9990652248920169,1,High
2022-03-12 01:00:00,0.9990652248920169,1,High
2022-03-12 02:00:00,0.9990652248920169,1,High
2022-03-12 03:00:00,0.9990652248920169,1,High
2022-03-12 04:00:00,0.9990652248920169,1,High
2022-03-12 05:00:00,0.9990652248920169,1,High
2022-03-12 06:00:00,0.9990652248920169,1,High
2022-03-12 07:00:00,0.9987139773469649,1,High
2022-03-12 08:00:00,0.9979040267943591,1,High
2022-03-12 09:00:00,0.9979935240252826,1,High
2022-03-12 10:00:00,0.9990674598666126,1,High
2022-03-12 11:00:00,0.9990674598666126,1,High
2022-03-12 12:00:00,0.9982238838703743,1,High
2022-03-12 13:00:00,0.9990454313243247,1,High
2022-03-12 14:00:00,0.9990454313243247,1,High
2022-03-12 15:00:00,0.9990454313243247,1,High
2022-03-12 16:00:00,0.999066247633504,1,High
2022-03-12 17:00:00,0.999066247633504,1,High
2022-03-12 18:00:00,0.999066247633504,1,High
2022-03-12 19:00:00,0.999066247633504,1,High
2022-03-12 20:00:00,0.999066247633504,1,High
2022-03-12 21:00:00,0.9984724850950398,1,High
2022-03-12 22:00:00,0.9960823909483798,1,High
2022-03-12 23:00:00,0.9960823909483798,1,High
2022-03-13 00:00:00,0.9990652248920169,1,High
2022-03-13 01:00:00,0.9990652248920169,1,High
2022-03-13 02:00:00,0.9990652248920169,1,High
2022-03-13 03:00:00,0.9990652248920169,1,High
2022-03-13 04:00:00,0.9989677562882319,1,High
2022-03-13 05:00:00,0.9989677562882319,1,High
2022-03-13 06:00:00,0.9989677562882319,1,High
2022-03-13 07:00:00,0.9984766531969436,1,High
2022-03-13 08:00:00,0.9989616730183938,1,High
2022-03-13 09:00:00,0.998944746612976,1,High
2022-03-13 10:00:00,0.999066247633504,1,High
2022-03-13 11:00:00,0.999087796237297,1,High
2022-03-13 12:00:00,0.999087796237297,1,High
2022-03-13 13:00:00,0.999087796237297,1,High
2022-03-13 14:00:00,0.999087796237297,1,High
2022-03-13 15:00:00,0.999066247633504,1,High
2022-03-13 16:00:00,0.999066247633504,1,High
2022-03-13 17:00:00,0.999087796237297,1,High
2022-03-13 18:00:00,0.9989257627245225,1,High
2022-03-13 19:00:00,0.9989257627245225,1,High
2022-03-13 20:00:00,0.5457780284137284,1,Medium
2022-03-13 21:00:00,0.5331882100233288,0,Medium
2022-03-13 22:00:00,0.001375662998957591,0,Low
2022-03-13 23:00:00,0.0015312103741023024,0,Low
2022-03-14 00:00:00,0.0014620362089620856,0,Low
2022-03-14 01:00:00,0.0014620362089620856,0,Low
2022-03-14 02:00:00,0.001017292585058355,0,Low
2022-03-14 03:00:00,0.0009732688771361984,0,Low
2022-03-14 04:00:00,0.001153951899249321,0,Low
2022-03-14 05:00:00,0.001153951899249321,0,Low
2022-03-14 06:00:00,0.001153951899249321,0,Low
2022-03-14 07:00:00,0.001153951899249321,0,Low
2022-03-14 08:00:00,0.0012604696662360895,0,Low
2022-03-14 09:00:00,0.0013569339900451629,0,Low
2022-03-14 10:00:00,0.0012190687943489922,0,Low
2022-03-14 11:00:00,0.0013569339900451629,0,Low
2022-03-14 12:00:00,0.00132011960510261,0,Low
2022-03-14 13:00:00,0.00132011960510261,0,Low
2022-03-14 14:00:00,0.0013584196132744835,0,Low
2022-03-14 15:00:00,0.0013584196132744835,0,Low
2022-03-14 16:00:00,0.001313287052071393,0,Low
2022-03-14 17:00:00,0.0014991388808245443,0,Low
2022-03-14 18:00:00,0.0017090832163061409,0,Low
2022-03-14 19:00:00,0.0017090832163061409,0,Low
2022-03-14 20:00:00,0.0017090832163061409,0,Low
2022-03-14 21:00:00,0.0008901531670153091,0,Low
2022-03-14 22:00:00,0.0008901531670153091,0,Low
2022-03-14 23:00:00,0.0008953318979095425,0,Low
2022-03-15 00:00:00,0.0012157073060782447,0,Low
2022-03-15 01:00:00,0.0012207374079062324,0,Low
2022-03-15 02:00:00,0.0012207374079062324,0,Low
2022-03-15 03:00:00,0.0012207374079062324,0,Low
2022-03-15 04:00:00,0.0012207374079062324,0,Low
2022-03-15 05:00:00,0.0012207374079062324,0,Low
2022-03-15 06:00:00,0.0012207374079062324,0,Low
2022-03-15 07:00:00,0.001280127863866074,0,Low
2022-03-15 08:00:00,0.0008901531670153091,0,Low
2022-03-15 09:00:00,0.0008901531670153091,0,Low
2022-03-15 10:00:00,0.0008901531670153091,0,Low
2022-03-15 11:00:00,0.0008901531670153091,0,Low
2022-03-15 12:00:00,0.0012135385998776349,0,Low
2022-03-15 13:00:00,0.0012135385998776349,0,Low
2022-03-15 14:00:00,0.001164131188952285,0,Low
2022-03-15 15:00:00,0.001164131188952285,0,Low
2022-03-15 16:00:00,0.0008901531670153091,0,Low
2022-03-15 17:00:00,0.0008901531670153091,0,Low
2022-03-15 18:00:00,0.0008901531670153091,0,Low
2022-03-15 19:00:00,0.0008901531670153091,0,Low
2022-03-15 20:00:00,0.0008901531670153091,0,Low
2022-03-15 21:00:00,0.0008901531670153091,0,Low
2022-03-15 22:00:00,0.0008901531670153091,0,Low
2022-03-15 23:00:00,0.0009829153762145335,0,Low
2022-03-16 00:00:00,0.001216404486033669,0,Low
2022-03-16 01:00:00,0.0012214374689807342,0,Low
2022-03-16 02:00:00,0.0012207374079062324,0,Low
2022-03-16 03:00:00,0.0012207374079062324,0,Low
2022-03-16 04:00:00,0.0012207374079062324,0,Low
2022-03-16 05:00:00,0.0012207374079062324,0,Low
2022-03-16 06:00:00,0.001112623955214557,0,Low
2022-03-16 07:00:00,0.0012781994964142017,0,Low
2022-03-16 08:00:00,0.0008112938126140025,0,Low
2022-03-16 09:00:00,0.0008901531670153091,0,Low
2022-03-16 10:00:00,0.0008901531670153091,0,Low
2022-03-16 11:00:00,0.001164131188952285,0,Low
2022-03-16 12:00:00,0.0010786674152742815,0,Low
2022-03-16 13:00:00,0.0010786674152742815,0,Low
2022-03-16 14:00:00,0.0012255071548789075,0,Low
2022-03-16 15:00:00,0.0012255071548789075,0,Low
2022-03-16 16:00:00,0.0008247866648750222,0,Low
2022-03-16 17:00:00,0.0008247866648750222,0,Low
2022-03-16 18:00:00,0.0009901222081196701,0,Low
2022-03-16 19:00:00,0.0008901531670153091,0,Low
2022-03-16 20:00:00,0.0007900494242280763,0,Low
2022-03-16 21:00:00,0.0007900494242280763,0,Low
2022-03-16 22:00:00,0.0007200519461682783,0,Low
2022-03-16 23:00:00,0.0007946462350160423,0,Low
2022-03-17 00:00:00,0.000983456503552651,0,Low
2022-03-17 01:00:00,0.001112623955214557,0,Low
2022-03-17 02:00:00,0.0011183729290146203,0,Low
2022-03-17 03:00:00,0.0012214374689807342,0,Low
2022-03-17 04:00:00,0.0012188983962524856,0,Low
2022-03-17 05:00:00,0.0012996740808251604,0,Low
2022-03-17 06:00:00,0.0012996740808251604,0,Low
2022-03-17 07:00:00,0.0012902809438587804,0,Low
2022-03-17 08:00:00,0.0008414323197960662,0,Low
2022-03-17 09:00:00,0.000788858721247835,0,Low
2022-03-17 10:00:00,0.000788858721247835,0,Low
2022-03-17 11:00:00,0.0010316917723797207,0,Low
2022-03-17 12:00:00,0.0010316917723797207,0,Low
2022-03-17 13:00:00,0.001084489982053653,0,Low
2022-03-17 14:00:00,0.0010316917723797207,0,Low
2022-03-17 15:00:00,0.0010316917723797207,0,Low
2022-03-17 16:00:00,0.0011004311901510909,0,Low
2022-03-17 17:00:00,0.0011004311901510909,0,Low
2022-03-17 18:00:00,0.0011004311901510909,0,Low
2022-03-17 19:00:00,0.0008414323197960662,0,Low
2022-03-17 20:00:00,0.0008414323197960662,0,Low
2022-03-17 21:00:00,0.0008414323197960662,0,Low
2022-03-17 22:00:00,0.0008414323197960662,0,Low
2022-03-17 23:00:00,0.0008519859950692333,0,Low
2022-03-18 00:00:00,0.0009885387243092287,0,Low
2022-03-18 01:00:00,0.0012214374689807342,0,Low
2022-03-18 02:00:00,0.0012214374689807342,0,Low
2022-03-18 03:00:00,0.0012207374079062324,0,Low
2022-03-18 04:00:00,0.001112623955214557,0,Low
2022-03-18 05:00:00,0.001112623955214557,0,Low
2022-03-18 06:00:00,0.0011183729290146203,0,Low
2022-03-18 07:00:00,0.001094204803354282,0,Low
2022-03-18 08:00:00,0.0006966542512075372,0,Low
2022-03-18 09:00:00,0.0007774813563610653,0,Low
2022-03-18 10:00:00,0.0008154870722725752,0,Low
2022-03-18 11:00:00,0.0011254150150942779,0,Low
2022-03-18 12:00:00,0.0010832621955630685,0,Low
2022-03-18 13:00:00,0.001133383294383715,0,Low
2022-03-18 14:00:00,0.0013293634898150545,0,Low
2022-03-18 15:00:00,0.0013293634898150545,0,Low
2022-03-18 16:00:00,0.0013293634898150545,0,Low
2022-03-18 17:00:00,0.0013293634898150545,0,Low
2022-03-18 18:00:00,0.0008154870722725752,0,Low
2022-03-18 19:00:00,0.0008154870722725752,0,Low
2022-03-18 20:00:00,0.0008154870722725752,0,Low
2022-03-18 21:00:00,0.0008154870722725752,0,Low
2022-03-18 22:00:00,0.0007719147512341017,0,Low
2022-03-18 23:00:00,0.0008154870722725752,0,Low
2022-03-19 00:00:00,0.0011183729290146203,0,Low
2022-03-19 01:00:00,0.0012214374689807342,0,Low
2022-03-19 02:00:00,0.0012214374689807342,0,Low
2022-03-19 03:00:00,0.0012214374689807342,0,Low
2022-03-19 04:00:00,0.0011183729290146203,0,Low
2022-03-19 05:00:00,0.0010316570717014877,0,Low
2022-03-19 06:00:00,0.0010316570717014877,0,Low
2022-03-19 07:00:00,0.0010316570717014877,0,Low
2022-03-19 08:00:00,0.0010818584885967679,0,Low
2022-03-19 09:00:00,0.0010818584885967679,0,Low
2022-03-19 10:00:00,0.0008154870722725752,0,Low
2022-03-19 11:00:00,0.0008154870722725752,0,Low
2022-03-19 12:00:00,0.0008154870722725752,0,Low
2022-03-19 13:00:00,0.0008154870722725752,0,Low
2022-03-19 14:00:00,0.0008154870722725752,0,Low
2022-03-19 15:00:00,0.0008154870722725752,0,Low
2022-03-19 16:00:00,0.0008154870722725752,0,Low
2022-03-19 17:00:00,0.0008112938126140025,0,Low
2022-03-19 18:00:00,0.0008112938126140025,0,Low
2022-03-19 19:00:00,0.0008901531670153091,0,Low
2022-03-19 20:00:00,0.0008112938126140025,0,Low
2022-03-19 21:00:00,0.0008154870722725752,0,Low
2022-03-19 22:00:00,0.0008154870722725752,0,Low
2022-03-19 23:00:00,0.0008154870722725752,0,Low
2022-03-20 00:00:00,0.001126739257664776,0,Low
2022-03-20 01:00:00,0.0010316570717014877,0,Low
2022-03-20 02:00:00,0.0010316570717014877,0,Low
2022-03-20 03:00:00,0.0010316570717014877,0,Low
2022-03-20 04:00:00,0.0010316570717014877,0,Low
2022-03-20 05:00:00,0.0010316570717014877,0,Low
2022-03-20 06:00:00,0.000969278378921295,0,Low
2022-03-20 07:00:00,0.0010112219191963907,0,Low
2022-03-20 08:00:00,0.0010359820188779601,0,Low
2022-03-20 09:00:00,0.0010359820188779601,0,Low
2022-03-20 10:00:00,0.001041335393477162,0,Low
2022-03-20 11:00:00,0.0011196298821664194,0,Low
2022-03-20 12:00:00,0.0011196298821664194,0,Low
2022-03-20 13:00:00,0.0011196298821664194,0,Low
2022-03-20 14:00:00,0.0011196298821664194,0,Low
2022-03-20 15:00:00,0.0011196298821664194,0,Low
2022-03-20 16:00:00,0.0012720387697920765,0,Low
2022-03-20 17:00:00,0.001228423262214877,0,Low
2022-03-20 18:00:00,0.0010113563139480678,0,Low
2022-03-20 19:00:00,0.0008112938126140025,0,Low
2022-03-20 20:00:00,0.0008112938126140025,0,Low
2022-03-20 21:00:00,0.0008112938126140025,0,Low
2022-03-20 22:00:00,0.0008112938126140025,0,Low
2022-03-20 23:00:00,0.001280127863866074,0,Low
2022-03-21 00:00:00,0.0012207374079062324,0,Low
2022-03-21 01:00:00,0.0012207374079062324,0,Low
2022-03-21 02:00:00,0.0011260934112251758,0,Low
2022-03-21 03:00:00,0.001126739257664776,0,Low
2022-03-21 04:00:00,0.001126739257664776,0,Low
2022-03-21 05:00:00,0.0010263534010206891,0,Low
2022-03-21 06:00:00,0.0010316570717014877,0,Low
2022-03-21 07:00:00,0.0010818584885967679,0,Low
2022-03-21 08:00:00,0.0011540052087516987,0,Low
2022-03-21 09:00:00,0.0011540052087516987,0,Low
2022-03-21 10:00:00,0.0010818584885967679,0,Low
2022-03-21 11:00:00,0.0011731811856031027,0,Low
2022-03-21 12:00:00,0.0011060619967649878,0,Low
2022-03-21 13:00:00,0.0010610256867292869,0,Low
2022-03-21 14:00:00,0.0010610256867292869,0,Low
2022-03-21 15:00:00,0.0010610256867292869,0,Low
2022-03-21 16:00:00,0.0010610256867292869,0,Low
2022-03-21 17:00:00,0.0008112938126140025,0,Low
2022-03-21 18:00:00,0.0009217693857433616,0,Low
2022-03-21 19:00:00,0.0008112938126140025,0,Low
2022-03-21 20:00:00,0.0008112938126140025,0,Low
2022-03-21 21:00:00,0.0008888117294144432,0,Low
2022-03-21 22:00:00,0.0009808716462192447,0,Low
2022-03-21 23:00:00,0.001216404486033669,0,Low
2022-03-22 00:00:00,0.0011183729290146203,0,Low
2022-03-22 01:00:00,0.0012214374689807342,0,Low
2022-03-22 02:00:00,0.0012214374689807342,0,Low
2022-03-22 03:00:00,0.0012214374689807342,0,Low
2022-03-22 04:00:00,0.0012214374689807342,0,Low
2022-03-22 05:00:00,0.0011183729290146203,0,Low
2022-03-22 06:00:00,0.0011021720977689175,0,Low
2022-03-22 07:00:00,0.0011558008730475568,0,Low
2022-03-22 08:00:00,0.0011667606961735554,0,Low
2022-03-22 09:00:00,0.0008112938126140025,0,Low
2022-03-22 10:00:00,0.0011196298821664194,0,Low
2022-03-22 11:00:00,0.0011254150150942779,0,Low
2022-03-22 12:00:00,0.0010610256867292869,0,Low
2022-03-22 13:00:00,0.0010665083348099186,0,Low
2022-03-22 14:00:00,0.0011091122849492432,0,Low
2022-03-22 15:00:00,0.0008112938126140025,0,Low
2022-03-22 16:00:00,0.0008112938126140025,0,Low
2022-03-22 17:00:00,0.0010610256867292869,0,Low
2022-03-22 18:00:00,0.0008112938126140025,0,Low
2022-03-22 19:00:00,0.0008112938126140025,0,Low
2022-03-22 20:00:00,0.0008112938126140025,0,Low
2022-03-22 21:00:00,0.0008112938126140025,0,Low
2022-03-22 22:00:00,0.0008112938126140025,0,Low
2022-03-22 23:00:00,0.001216404486033669,0,Low
2022-03-23 00:00:00,0.0011599669888987566,0,Low
2022-03-23 01:00:00,0.0012214374689807342,0,Low
2022-03-23 02:00:00,0.0012214374689807342,0,Low
2022-03-23 03:00:00,0.0012214374689807342,0,Low
2022-03-23 04:00:00,0.001112623955214557,0,Low
2022-03-23 05:00:00,0.0012207374079062324,0,Low
2022-03-23 06:00:00,0.001112623955214557,0,Low
2022-03-23 07:00:00,0.0010263534010206891,0,Low
2022-03-23 08:00:00,0.0008112938126140025,0,Low
2022-03-23 09:00:00,0.0008112938126140025,0,Low
2022-03-23 10:00:00,0.0008247866648750222,0,Low
2022-03-23 11:00:00,0.0008247866648750222,0,Low
2022-03-23 12:00:00,0.001138244915375572,0,Low
2022-03-23 13:00:00,0.0011196298821664194,0,Low
2022-03-23 14:00:00,0.001138244915375572,0,Low
2022-03-23 15:00:00,0.001228423262214877,0,Low
2022-03-23 16:00:00,0.001228423262214877,0,Low
2022-03-23 17:00:00,0.0008112938126140025,0,Low
2022-03-23 18:00:00,0.0007200519461682783,0,Low
2022-03-23 19:00:00,0.0007900494242280763,0,Low
2022-03-23 20:00:00,0.0007900494242280763,0,Low
2022-03-23 21:00:00,0.0007900494242280763,0,Low
2022-03-23 22:00:00,0.0007200519461682783,0,Low
2022-03-23 23:00:00,0.0007905026924570676,0,Low
2022-03-24 00:00:00,0.0009373009027975244,0,Low
2022-03-24 01:00:00,0.0013023811970098137,0,Low
2022-03-24 02:00:00,0.0013023811970098137,0,Low
2022-03-24 03:00:00,0.0013023811970098137,0,Low
2022-03-24 04:00:00,0.0013023811970098137,0,Low
2022-03-24 05:00:00,0.0011863652601357714,0,Low
2022-03-24 06:00:00,0.0013016348038826294,0,Low
2022-03-24 07:00:00,0.0012007263572996788,0,Low
2022-03-24 08:00:00,0.0008976347034840899,0,Low
2022-03-24 09:00:00,0.0007900494242280763,0,Low
2022-03-24 10:00:00,0.0007900494242280763,0,Low
2022-03-24 11:00:00,0.0010332486284345592,0,Low
2022-03-24 12:00:00,0.0009573842848939077,0,Low
2022-03-24 13:00:00,0.0009573842848939077,0,Low
2022-03-24 14:00:00,0.0009573842848939077,0,Low
2022-03-24 15:00:00,0.0009573842848939077,0,Low
2022-03-24 16:00:00,0.0007320284413914939,0,Low
2022-03-24 17:00:00,0.0007900494242280763,0,Low
2022-03-24 18:00:00,0.0007900494242280763,0,Low
2022-03-24 19:00:00,0.0007200519461682783,0,Low
2022-03-24 20:00:00,0.0007200519461682783,0,Low
2022-03-24 21:00:00,0.0007200519461682783,0,Low
2022-03-24 22:00:00,0.0007200519461682783,0,Low
2022-03-24 23:00:00,0.0007200519461682783,0,Low
2022-03-25 00:00:00,0.000853778465834662,0,Low
2022-03-25 01:00:00,0.001112623955214557,0,Low
2022-03-25 02:00:00,0.0012188983962524856,0,Low
2022-03-25 03:00:00,0.0012188983962524856,0,Low
2022-03-25 04:00:00,0.0012188983962524856,0,Low
2022-03-25 05:00:00,0.0011183729290146203,0,Low
2022-03-25 06:00:00,0.0011183729290146203,0,Low
2022-03-25 07:00:00,0.001110288653484304,0,Low
2022-03-25 08:00:00,0.0007720133205452739,0,Low
2022-03-25 09:00:00,0.0007720133205452739,0,Low
2022-03-25 10:00:00,0.0007720133205452739,0,Low
2022-03-25 11:00:00,0.0010096661201075025,0,Low
2022-03-25 12:00:00,0.0010096661201075025,0,Low
2022-03-25 13:00:00,0.0010096661201075025,0,Low
2022-03-25 14:00:00,0.0009465910507352795,0,Low
2022-03-25 15:00:00,0.0010610256867292869,0,Low
2022-03-25 16:00:00,0.0010786674152742815,0,Low
2022-03-25 17:00:00,0.0010786674152742815,0,Low
2022-03-25 18:00:00,0.0008247866648750222,0,Low
2022-03-25 19:00:00,0.0008901531670153091,0,Low
2022-03-25 20:00:00,0.0008901531670153091,0,Low
2022-03-25 21:00:00,0.0008901531670153091,0,Low
2022-03-25 22:00:00,0.0008112938126140025,0,Low
2022-03-25 23:00:00,0.0008154870722725752,0,Low
2022-03-26 00:00:00,0.0011183729290146203,0,Low
2022-03-26 01:00:00,0.0011183729290146203,0,Low
2022-03-26 02:00:00,0.0011183729290146203,0,Low
2022-03-26 03:00:00,0.0011183729290146203,0,Low
2022-03-26 04:00:00,0.0011183729290146203,0,Low
2022-03-26 05:00:00,0.0011183729290146203,0,Low
2022-03-26 06:00:00,0.0011183729290146203,0,Low
2022-03-26 07:00:00,0.0011727890683178655,0,Low
2022-03-26 08:00:00,0.0011540052087516987,0,Low
2022-03-26 09:00:00,0.0011540052087516987,0,Low
2022-03-26 10:00:00,0.0008154870722725752,0,Low
2022-03-26 11:00:00,0.0010665083348099186,0,Low
2022-03-26 12:00:00,0.0010665083348099186,0,Low
2022-03-26 13:00:00,0.0011623773539670558,0,Low
2022-03-26 14:00:00,0.0011623773539670558,0,Low
2022-03-26 15:00:00,0.0010656244584996539,0,Low
2022-03-26 16:00:00,0.0010656244584996539,0,Low
2022-03-26 17:00:00,0.0008837213191432108,0,Low
2022-03-26 18:00:00,0.0008888117294144432,0,Low
2022-03-26 19:00:00,0.0008888117294144432,0,Low
2022-03-26 20:00:00,0.0008888117294144432,0,Low
2022-03-26 21:00:00,0.0008154870722725752,0,Low
2022-03-26 22:00:00,0.0008154870722725752,0,Low
2022-03-26 23:00:00,0.0008154870722725752,0,Low
2022-03-27 00:00:00,0.0011183729290146203,0,Low
2022-03-27 01:00:00,0.0011183729290146203,0,Low
2022-03-27 02:00:00,0.0007990894628500377,0,Low
2022-03-27 03:00:00,0.000776036835924599,0,Low
2022-03-27 04:00:00,0.0007681837326455806,0,Low
2022-03-27 05:00:00,0.0007910032632262282,0,Low
2022-03-27 06:00:00,0.0007910032632262282,0,Low
2022-03-27 07:00:00,0.0007681837326455806,0,Low
2022-03-27 08:00:00,0.0007681837326455806,0,Low
2022-03-27 09:00:00,0.0007681837326455806,0,Low
2022-03-27 10:00:00,0.0008026114958494883,0,Low
2022-03-27 11:00:00,0.0008026114958494883,0,Low
2022-03-27 12:00:00,0.0008026114958494883,0,Low
2022-03-27 13:00:00,0.0007781564532890868,0,Low
2022-03-27 14:00:00,0.0007781564532890868,0,Low
2022-03-27 15:00:00,0.0008026114958494883,0,Low
2022-03-27 16:00:00,0.0008264528856291388,0,Low
2022-03-27 17:00:00,0.0008264528856291388,0,Low
2022-03-27 18:00:00,0.0010656244584996539,0,Low
2022-03-27 19:00:00,0.0008888117294144432,0,Low
2022-03-27 20:00:00,0.0008154870722725752,0,Low
2022-03-27 21:00:00,0.0008112938126140025,0,Low
2022-03-27 22:00:00,0.0008154870722725752,0,Low
2022-03-27 23:00:00,0.0011727890683178655,0,Low
2022-03-28 00:00:00,0.0011183729290146203,0,Low
2022-03-28 01:00:00,0.0012214374689807342,0,Low
2022-03-28 02:00:00,0.0012214374689807342,0,Low
2022-03-28 03:00:00,0.0012188983962524856,0,Low
2022-03-28 04:00:00,0.0008475798926412212,0,Low
2022-03-28 05:00:00,0.0012188983962524856,0,Low
2022-03-28 06:00:00,0.0012188983962524856,0,Low
2022-03-28 07:00:00,0.0012996740808251604,0,Low
2022-03-28 08:00:00,0.0012902809438587804,0,Low
2022-03-28 09:00:00,0.0008414323197960662,0,Low
2022-03-28 10:00:00,0.0008414323197960662,0,Low
2022-03-28 11:00:00,0.0011004311901510909,0,Low
2022-03-28 12:00:00,0.0011004311901510909,0,Low
2022-03-28 13:00:00,0.0011004311901510909,0,Low
2022-03-28 14:00:00,0.0011004311901510909,0,Low
2022-03-28 15:00:00,0.0011612093606307805,0,Low
2022-03-28 16:00:00,0.0011004311901510909,0,Low
2022-03-28 17:00:00,0.0011004311901510909,0,Low
2022-03-28 18:00:00,0.0009099698633623059,0,Low
2022-03-28 19:00:00,0.0007681837326455806,0,Low
2022-03-28 20:00:00,0.0007681837326455806,0,Low
2022-03-28 21:00:00,0.0007681837326455806,0,Low
2022-03-28 22:00:00,0.0007681837326455806,0,Low
2022-03-28 23:00:00,0.0007681837326455806,0,Low
2022-03-29 00:00:00,0.0011128411578630085,0,Low
2022-03-29 01:00:00,0.0012214374689807342,0,Low
2022-03-29 02:00:00,0.0012214374689807342,0,Low
2022-03-29 03:00:00,0.0012214374689807342,0,Low
2022-03-29 04:00:00,0.0013023811970098137,0,Low
2022-03-29 05:00:00,0.0012996740808251604,0,Low
2022-03-29 06:00:00,0.0012996740808251604,0,Low
2022-03-29 07:00:00,0.0012996740808251604,0,Low
2022-03-29 08:00:00,0.0012902809438587804,0,Low
2022-03-29 09:00:00,0.0008414323197960662,0,Low
2022-03-29 10:00:00,0.0008414323197960662,0,Low
2022-03-29 11:00:00,0.0011612093606307805,0,Low
2022-03-29 12:00:00,0.0011612093606307805,0,Low
2022-03-29 13:00:00,0.0011004311901510909,0,Low
2022-03-29 14:00:00,0.001108222772648013,0,Low
2022-03-29 15:00:00,0.0011004311901510909,0,Low
2022-03-29 16:00:00,0.0011004311901510909,0,Low
2022-03-29 17:00:00,0.0011004311901510909,0,Low
2022-03-29 18:00:00,0.0008414323197960662,0,Low
2022-03-29 19:00:00,0.0008414323197960662,0,Low
2022-03-29 20:00:00,0.0008414323197960662,0,Low
2022-03-29 21:00:00,0.0008414323197960662,0,Low
2022-03-29 22:00:00,0.0008414323197960662,0,Low
2022-03-29 23:00:00,0.0008431857612392072,0,Low
2022-03-30 00:00:00,0.0009373009027975244,0,Low
2022-03-30 01:00:00,0.0012214374689807342,0,Low
2022-03-30 02:00:00,0.0012214374689807342,0,Low
2022-03-30 03:00:00,0.0012996740808251604,0,Low
2022-03-30 04:00:00,0.0012996740808251604,0,Low
2022-03-30 05:00:00,0.0008458173211462412,0,Low
2022-03-30 06:00:00,0.0008458173211462412,0,Low
2022-03-30 07:00:00,0.0008458173211462412,0,Low
2022-03-30 08:00:00,0.0008473916213166783,0,Low
2022-03-30 09:00:00,0.000788858721247835,0,Low
2022-03-30 10:00:00,0.0008414323197960662,0,Low
2022-03-30 11:00:00,0.0009417242857516909,0,Low
2022-03-30 12:00:00,0.0009573842848939077,0,Low
2022-03-30 13:00:00,0.0009573842848939077,0,Low
2022-03-30 14:00:00,0.0008994924199459876,0,Low
2022-03-30 15:00:00,0.0008994924199459876,0,Low
2022-03-30 16:00:00,0.0009573842848939077,0,Low
2022-03-30 17:00:00,0.001112421274148746,0,Low
2022-03-30 18:00:00,0.0012186763793296921,0,Low
2022-03-30 19:00:00,0.0012859769695524102,0,Low
2022-03-30 20:00:00,0.000788858721247835,0,Low
2022-03-30 21:00:00,0.0008414323197960662,0,Low
2022-03-30 22:00:00,0.0007720133205452739,0,Low
2022-03-30 23:00:00,0.0007720133205452739,0,Low
2022-03-31 00:00:00,0.000858191123409881,0,Low
2022-03-31 01:00:00,0.0011004596599034475,0,Low
2022-03-31 02:00:00,0.0011004596599034475,0,Low
2022-03-31 03:00:00,0.0010316570717014877,0,Low
2022-03-31 04:00:00,0.0010316570717014877,0,Low
2022-03-31 05:00:00,0.0010316570717014877,0,Low
2022-03-31 06:00:00,0.0010316570717014877,0,Low
2022-03-31 07:00:00,0.0010316570717014877,0,Low
2022-03-31 08:00:00,0.0007720133205452739,0,Low
2022-03-31 09:00:00,0.000788858721247835,0,Low
2022-03-31 10:00:00,0.000788858721247835,0,Low
2022-03-31 11:00:00,0.0011004311901510909,0,Low
2022-03-31 12:00:00,0.0011004311901510909,0,Low
2022-03-31 13:00:00,0.0011004311901510909,0,Low
2022-03-31 14:00:00,0.0011004311901510909,0,Low
2022-03-31 15:00:00,0.0011004311901510909,0,Low
2022-03-31 16:00:00,0.0011004311901510909,0,Low
2022-03-31 17:00:00,0.001177097963684992,0,Low
2022-03-31 18:00:00,0.0013903994203325243,0,Low
2022-03-31 19:00:00,0.0009000709641097432,0,Low
2022-03-31 20:00:00,0.0009000709641097432,0,Low
2022-03-31 21:00:00,0.0009000709641097432,0,Low
2022-03-31 22:00:00,0.0009000709641097432,0,Low
2022-03-31 23:00:00,0.0009019464909672081,0,Low
2022-04-01 00:00:00,0.0009353519280447179,0,Low
2022-04-01 01:00:00,0.0013023811970098137,0,Low
2022-04-01 02:00:00,0.0013023811970098137,0,Low
2022-04-01 03:00:00,0.0013023811970098137,0,Low
2022-04-01 04:00:00,0.0012996740808251604,0,Low
2022-04-01 05:00:00,0.0012996740808251604,0,Low
2022-04-01 06:00:00,0.0012996740808251604,0,Low
2022-04-01 07:00:00,0.0012996740808251604,0,Low
2022-04-01 08:00:00,0.0012902809438587804,0,Low
2022-04-01 09:00:00,0.0008414323197960662,0,Low
2022-04-01 10:00:00,0.0008414323197960662,0,Low
2022-04-01 11:00:00,0.0011004311901510909,0,Low
2022-04-01 12:00:00,0.0011004311901510909,0,Low
2022-04-01 13:00:00,0.0011004311901510909,0,Low
2022-04-01 14:00:00,0.0011004311901510909,0,Low
2022-04-01 15:00:00,0.0011004311901510909,0,Low
2022-04-01 16:00:00,0.0011004311901510909,0,Low
2022-04-01 17:00:00,0.0011004311901510909,0,Low
2022-04-01 18:00:00,0.0010289014351008543,0,Low
2022-04-01 19:00:00,0.0008709410113432057,0,Low
2022-04-01 20:00:00,0.0008709410113432057,0,Low
2022-04-01 21:00:00,0.0007720133205452739,0,Low
2022-04-01 22:00:00,0.0007720133205452739,0,Low
2022-04-01 23:00:00,0.0008431857612392072,0,Low
2022-04-02 00:00:00,0.0008727558915563083,0,Low
2022-04-02 01:00:00,0.0008727558915563083,0,Low
2022-04-02 02:00:00,0.0007910032632262282,0,Low
2022-04-02 03:00:00,0.0007910032632262282,0,Low
2022-04-02 04:00:00,0.0007681837326455806,0,Low
2022-04-02 05:00:00,0.0010642935037714198,0,Low
2022-04-02 06:00:00,0.0010642935037714198,0,Low
2022-04-02 07:00:00,0.0007681837326455806,0,Low
2022-04-02 08:00:00,0.0007681837326455806,0,Low
2022-04-02 09:00:00,0.0011348352536781896,0,Low
2022-04-02 10:00:00,0.0008414323197960662,0,Low
2022-04-02 11:00:00,0.0011004311901510909,0,Low
2022-04-02 12:00:00,0.0011004311901510909,0,Low
2022-04-02 13:00:00,0.0011004311901510909,0,Low
2022-04-02 14:00:00,0.0011004311901510909,0,Low
2022-04-02 15:00:00,0.0011004311901510909,0,Low
2022-04-02 16:00:00,0.000788858721247835,0,Low
2022-04-02 17:00:00,0.0007200519461682783,0,Low
2022-04-02 18:00:00,0.0007320284413914939,0,Low
2022-04-02 19:00:00,0.0008976347034840899,0,Low
2022-04-02 20:00:00,0.0007900494242280763,0,Low
2022-04-02 21:00:00,0.0007900494242280763,0,Low
2022-04-02 22:00:00,0.0007900494242280763,0,Low
2022-04-02 23:00:00,0.0007900494242280763,0,Low
2022-04-03 00:00:00,0.0013016348038826294,0,Low
2022-04-03 01:00:00,0.0013023811970098137,0,Low
2022-04-03 02:00:00,0.0013023811970098137,0,Low
2022-04-03 03:00:00,0.0011863652601357714,0,Low
2022-04-03 04:00:00,0.0011863652601357714,0,Low
2022-04-03 05:00:00,0.0013016348038826294,0,Low
2022-04-03 06:00:00,0.0013016348038826294,0,Low
2022-04-03 07:00:00,0.0013016348038826294,0,Low
2022-04-03 08:00:00,0.0012115218988348348,0,Low
2022-04-03 09:00:00,0.001104223706650625,0,Low
2022-04-03 10:00:00,0.001104223706650625,0,Low
2022-04-03 11:00:00,0.0009417242857516909,0,Low
2022-04-03 12:00:00,0.0009573842848939077,0,Low
2022-04-03 13:00:00,0.0009573842848939077,0,Low
2022-04-03 14:00:00,0.0009573842848939077,0,Low
2022-04-03 15:00:00,0.0009573842848939077,0,Low
2022-04-03 16:00:00,0.0009573842848939077,0,Low
2022-04-03 17:00:00,0.0010332486284345592,0,Low
2022-04-03 18:00:00,0.0007900494242280763,0,Low
2022-04-03 19:00:00,0.0007900494242280763,0,Low
2022-04-03 20:00:00,0.0007900494242280763,0,Low
2022-04-03 21:00:00,0.0007900494242280763,0,Low
2022-04-03 22:00:00,0.0007900494242280763,0,Low
2022-04-03 23:00:00,0.0008723890043923061,0,Low
2022-04-04 00:00:00,0.0013023811970098137,0,Low
2022-04-04 01:00:00,0.0013023811970098137,0,Low
2022-04-04 02:00:00,0.0013023811970098137,0,Low
2022-04-04 03:00:00,0.0013023811970098137,0,Low
2022-04-04 04:00:00,0.0011863652601357714,0,Low
2022-04-04 05:00:00,0.0011863652601357714,0,Low
2022-04-04 06:00:00,0.0012996740808251604,0,Low
2022-04-04 07:00:00,0.0012996740808251604,0,Low
2022-04-04 08:00:00,0.0012902809438587804,0,Low
2022-04-04 09:00:00,0.0008414323197960662,0,Low
2022-04-04 10:00:00,0.0008414323197960662,0,Low
2022-04-04 11:00:00,0.0008414323197960662,0,Low
2022-04-04 12:00:00,0.0011004311901510909,0,Low
2022-04-04 13:00:00,0.0010316917723797207,0,Low
2022-04-04 14:00:00,0.0010316917723797207,0,Low
2022-04-04 15:00:00,0.0010316917723797207,0,Low
2022-04-04 16:00:00,0.000788858721247835,0,Low
2022-04-04 17:00:00,0.0008414323197960662,0,Low
2022-04-04 18:00:00,0.0008414323197960662,0,Low
2022-04-04 19:00:00,0.0008414323197960662,0,Low
2022-04-04 20:00:00,0.0008414323197960662,0,Low
2022-04-04 21:00:00,0.0008414323197960662,0,Low
2022-04-04 22:00:00,0.0008473916213166783,0,Low
2022-04-04 23:00:00,0.000901086895538332,0,Low
2022-04-05 00:00:00,0.0011599669888987566,0,Low
2022-04-05 01:00:00,0.0012214374689807342,0,Low
2022-04-05 02:00:00,0.0012214374689807342,0,Low
2022-04-05 03:00:00,0.0012214374689807342,0,Low
2022-04-05 04:00:00,0.0011183729290146203,0,Low
2022-04-05 05:00:00,0.0011183729290146203,0,Low
2022-04-05 06:00:00,0.0011183729290146203,0,Low
2022-04-05 07:00:00,0.0011183729290146203,0,Low
2022-04-05 08:00:00,0.0007720133205452739,0,Low
2022-04-05 09:00:00,0.0007720133205452739,0,Low
2022-04-05 10:00:00,0.0007720133205452739,0,Low
2022-04-05 11:00:00,0.0008414323197960662,0,Low
2022-04-05 12:00:00,0.0008414323197960662,0,Low
2022-04-05 13:00:00,0.0011004311901510909,0,Low
2022-04-05 14:00:00,0.0007200519461682783,0,Low
2022-04-05 15:00:00,0.0007200519461682783,0,Low
2022-04-05 16:00:00,0.0007200519461682783,0,Low
2022-04-05 17:00:00,0.0007320284413914939,0,Low
2022-04-05 18:00:00,0.0008787861589634121,0,Low
2022-04-05 19:00:00,0.0007900494242280763,0,Low
2022-04-05 20:00:00,0.0007900494242280763,0,Low
2022-04-05 21:00:00,0.0007900494242280763,0,Low
2022-04-05 22:00:00,0.0007900494242280763,0,Low
2022-04-05 23:00:00,0.0007900494242280763,0,Low
2022-04-06 00:00:00,0.0009367635405042545,0,Low
2022-04-06 01:00:00,0.0012214374689807342,0,Low
2022-04-06 02:00:00,0.001112623955214557,0,Low
2022-04-06 03:00:00,0.0012214374689807342,0,Low
2022-04-06 04:00:00,0.0011183729290146203,0,Low
2022-04-06 05:00:00,0.001112623955214557,0,Low
2022-04-06 06:00:00,0.001112623955214557,0,Low
2022-04-06 07:00:00,0.0012640803724782244,0,Low
2022-04-06 08:00:00,0.0007200519461682783,0,Low
2022-04-06 09:00:00,0.0007900494242280763,0,Low
2022-04-06 10:00:00,0.0007900494242280763,0,Low
2022-04-06 11:00:00,0.0008901531670153091,0,Low
2022-04-06 12:00:00,0.0008247866648750222,0,Low
2022-04-06 13:00:00,0.0008247866648750222,0,Low
2022-04-06 14:00:00,0.0008247866648750222,0,Low
2022-04-06 15:00:00,0.0008247866648750222,0,Low
2022-04-06 16:00:00,0.0008247866648750222,0,Low
2022-04-06 17:00:00,0.0008247866648750222,0,Low
2022-04-06 18:00:00,0.0008901531670153091,0,Low
2022-04-06 19:00:00,0.0008901531670153091,0,Low
2022-04-06 20:00:00,0.0008901531670153091,0,Low
2022-04-06 21:00:00,0.0008901531670153091,0,Low
2022-04-06 22:00:00,0.0008901531670153091,0,Low
2022-04-06 23:00:00,0.0009823518884833583,0,Low
2022-04-07 00:00:00,0.0011599669888987566,0,Low
2022-04-07 01:00:00,0.0012214374689807342,0,Low
2022-04-07 02:00:00,0.0012214374689807342,0,Low
2022-04-07 03:00:00,0.0012214374689807342,0,Low
2022-04-07 04:00:00,0.0012207374079062324,0,Low
2022-04-07 05:00:00,0.0012207374079062324,0,Low
2022-04-07 06:00:00,0.0012207374079062324,0,Low
2022-04-07 07:00:00,0.0012207374079062324,0,Low
2022-04-07 08:00:00,0.000856804605140019,0,Low
2022-04-07 09:00:00,0.000856804605140019,0,Low
2022-04-07 10:00:00,0.000856804605140019,0,Low
2022-04-07 11:00:00,0.0008363232828786307,0,Low
2022-04-07 12:00:00,0.0008363232828786307,0,Low
2022-04-07 13:00:00,0.0008901531670153091,0,Low
2022-04-07 14:00:00,0.0008901531670153091,0,Low
2022-04-07 15:00:00,0.0008901531670153091,0,Low
2022-04-07 16:00:00,0.0008901531670153091,0,Low
2022-04-07 17:00:00,0.0008901531670153091,0,Low
2022-04-07 18:00:00,0.0008901531670153091,0,Low
2022-04-07 19:00:00,0.0008901531670153091,0,Low
2022-04-07 20:00:00,0.0008901531670153091,0,Low
2022-04-07 21:00:00,0.0008901531670153091,0,Low
2022-04-07 22:00:00,0.0008906638157068663,0,Low
2022-04-07 23:00:00,0.0008953318979095425,0,Low
2022-04-08 00:00:00,0.0009373009027975244,0,Low
2022-04-08 01:00:00,0.001112623955214557,0,Low
2022-04-08 02:00:00,0.0013023811970098137,0,Low
2022-04-08 03:00:00,0.0013023811970098137,0,Low
2022-04-08 04:00:00,0.0012996740808251604,0,Low
2022-04-08 05:00:00,0.0012996740808251604,0,Low
2022-04-08 06:00:00,0.0012996740808251604,0,Low
2022-04-08 07:00:00,0.0012996740808251604,0,Low
2022-04-08 08:00:00,0.0008414323197960662,0,Low
2022-04-08 09:00:00,0.0008414323197960662,0,Low
2022-04-08 10:00:00,0.0008414323197960662,0,Low
2022-04-08 11:00:00,0.0007200519461682783,0,Low
2022-04-08 12:00:00,0.0008414323197960662,0,Low
2022-04-08 13:00:00,0.0008414323197960662,0,Low
2022-04-08 14:00:00,0.0011004311901510909,0,Low
2022-04-08 15:00:00,0.0009465910507352795,0,Low
2022-04-08 16:00:00,0.0008771446825933599,0,Low
2022-04-08 17:00:00,0.0008771446825933599,0,Low
2022-04-08 18:00:00,0.0007720133205452739,0,Low
2022-04-08 19:00:00,0.0007720133205452739,0,Low
2022-04-08 20:00:00,0.0007720133205452739,0,Low
2022-04-08 21:00:00,0.0008414323197960662,0,Low
2022-04-08 22:00:00,0.0008431857612392072,0,Low
2022-04-08 23:00:00,0.0009305243059963967,0,Low
2022-04-09 00:00:00,0.0011599669888987566,0,Low
2022-04-09 01:00:00,0.0012996740808251604,0,Low
2022-04-09 02:00:00,0.0012996740808251604,0,Low
2022-04-09 03:00:00,0.0013023811970098137,0,Low
2022-04-09 04:00:00,0.0012996740808251604,0,Low
2022-04-09 05:00:00,0.0012996740808251604,0,Low
2022-04-09 06:00:00,0.0012996740808251604,0,Low
2022-04-09 07:00:00,0.0012996740808251604,0,Low
2022-04-09 08:00:00,0.0012902809438587804,0,Low
2022-04-09 09:00:00,0.0008414323197960662,0,Low
2022-04-09 10:00:00,0.0008414323197960662,0,Low
2022-04-09 11:00:00,0.0008414323197960662,0,Low
2022-04-09 12:00:00,0.0008414323197960662,0,Low
2022-04-09 13:00:00,0.0008414323197960662,0,Low
2022-04-09 14:00:00,0.0008414323197960662,0,Low
2022-04-09 15:00:00,0.0008414323197960662,0,Low
2022-04-09 16:00:00,0.0008414323197960662,0,Low
2022-04-09 17:00:00,0.0008414323197960662,0,Low
2022-04-09 18:00:00,0.0008414323197960662,0,Low
2022-04-09 19:00:00,0.0008414323197960662,0,Low
2022-04-09 20:00:00,0.0007780569562516728,0,Low
2022-04-09 21:00:00,0.0007681837326455806,0,Low
2022-04-09 22:00:00,0.0007681837326455806,0,Low
2022-04-09 23:00:00,0.0007400212841007102,0,Low
2022-04-10 00:00:00,0.0007681837326455806,0,Low
2022-04-10 01:00:00,0.0007681837326455806,0,Low
2022-04-10 02:00:00,0.0007681837326455806,0,Low
2022-04-10 03:00:00,0.0007681837326455806,0,Low
2022-04-10 04:00:00,0.0007681837326455806,0,Low
2022-04-10 05:00:00,0.0011718172144244605,0,Low
2022-04-10 06:00:00,0.0012188983962524856,0,Low
2022-04-10 07:00:00,0.0012188983962524856,0,Low
2022-04-10 08:00:00,0.0012188983962524856,0,Low
2022-04-10 09:00:00,0.0012902809438587804,0,Low
2022-04-10 10:00:00,0.0008414323197960662,0,Low
2022-04-10 11:00:00,0.0007200519461682783,0,Low
2022-04-10 12:00:00,0.0007200519461682783,0,Low
2022-04-10 13:00:00,0.0007200519461682783,0,Low
2022-04-10 14:00:00,0.000788858721247835,0,Low
2022-04-10 15:00:00,0.000788858721247835,0,Low
2022-04-10 16:00:00,0.0007200519461682783,0,Low
2022-04-10 17:00:00,0.0008787861589634121,0,Low
2022-04-10 18:00:00,0.0008009330092892261,0,Low
2022-04-10 19:00:00,0.000994558067936717,0,Low
2022-04-10 20:00:00,0.0009000709641097432,0,Low
2022-04-10 21:00:00,0.000788858721247835,0,Low
2022-04-10 22:00:00,0.000788858721247835,0,Low
2022-04-10 23:00:00,0.0007905026924570676,0,Low
2022-04-11 00:00:00,0.001056623867920933,0,Low
2022-04-11 01:00:00,0.0013023811970098137,0,Low
2022-04-11 02:00:00,0.0013023811970098137,0,Low
2022-04-11 03:00:00,0.0013016348038826294,0,Low
2022-04-11 04:00:00,0.0013016348038826294,0,Low
2022-04-11 05:00:00,0.0013016348038826294,0,Low
2022-04-11 06:00:00,0.0013016348038826294,0,Low
2022-04-11 07:00:00,0.0013016348038826294,0,Low
2022-04-11 08:00:00,0.0007900494242280763,0,Low
2022-04-11 09:00:00,0.0008787861589634121,0,Low
2022-04-11 10:00:00,0.0008787861589634121,0,Low
2022-04-11 11:00:00,0.0007422685772049081,0,Low
2022-04-11 12:00:00,0.0007900494242280763,0,Low
2022-04-11 13:00:00,0.0008898921131006174,0,Low
2022-04-11 14:00:00,0.0008898921131006174,0,Low
2022-04-11 15:00:00,0.0008898921131006174,0,Low
2022-04-11 16:00:00,0.0008898921131006174,0,Low
2022-04-11 17:00:00,0.0008898921131006174,0,Low
2022-04-11 18:00:00,0.6335995805288259,1,Medium
2022-04-11 19:00:00,0.585901129284682,1,Medium
2022-04-11 20:00:00,0.9820453038591374,1,High
2022-04-11 21:00:00,0.9954263391432191,1,High
2022-04-11 22:00:00,0.9988511993488832,1,High
2022-04-11 23:00:00,0.9988511993488832,1,High
2022-04-12 00:00:00,0.9987784774978423,1,High
2022-04-12 01:00:00,0.9985986042300191,1,High
2022-04-12 02:00:00,0.9985994072887007,1,High
2022-04-12 03:00:00,0.9985986042300191,1,High
2022-04-12 04:00:00,0.9985986042300191,1,High
2022-04-12 05:00:00,0.9938616771264611,1,High
2022-04-12 06:00:00,0.0010839152096985287,0,Low
2022-04-12 07:00:00,0.0011561989292245911,0,Low
2022-04-12 08:00:00,0.000856804605140019,0,Low
2022-04-12 09:00:00,0.000927943357256182,0,Low
2022-04-12 10:00:00,0.000927943357256182,0,Low
2022-04-12 11:00:00,0.000927943357256182,0,Low
2022-04-12 12:00:00,0.0010451941972291262,0,Low
2022-04-12 13:00:00,0.0010026337968392905,0,Low
2022-04-12 14:00:00,0.0010026337968392905,0,Low
2022-04-12 15:00:00,0.0010026337968392905,0,Low
2022-04-12 16:00:00,0.0009420083288375747,0,Low
2022-04-12 17:00:00,0.14164139436399995,0,Low
2022-04-12 18:00:00,0.5477358059716632,1,Medium
2022-04-12 19:00:00,0.9987983389323465,1,High
2022-04-12 20:00:00,0.9980130241061762,1,High
2022-04-12 21:00:00,0.9977736465755015,1,High
2022-04-12 22:00:00,0.9928817925821943,1,High
2022-04-12 23:00:00,0.9949862046342348,1,High
2022-04-13 00:00:00,0.997369608917452,1,High
2022-04-13 01:00:00,0.9979552664669733,1,High
2022-04-13 02:00:00,0.9979552664669733,1,High
2022-04-13 03:00:00,0.9989905630984833,1,High
2022-04-13 04:00:00,0.9990802205890706,1,High
2022-04-13 05:00:00,0.9946271876367686,1,High
2022-04-13 06:00:00,0.9946271876367686,1,High
2022-04-13 07:00:00,0.9906336768687994,1,High
2022-04-13 08:00:00,0.998906937194102,1,High
2022-04-13 09:00:00,0.9982429738361027,1,High
2022-04-13 10:00:00,0.9982625213266072,1,High
2022-04-13 11:00:00,0.9982625213266072,1,High
2022-04-13 12:00:00,0.9982625213266072,1,High
2022-04-13 13:00:00,0.9982720923527227,1,High
2022-04-13 14:00:00,0.9985986042300191,1,High
2022-04-13 15:00:00,0.9981743300319821,1,High
2022-04-13 16:00:00,0.9981743300319821,1,High
2022-04-13 17:00:00,0.9986013524961086,1,High
2022-04-13 18:00:00,0.998977213183477,1,High
2022-04-13 19:00:00,0.9990454313243247,1,High
2022-04-13 20:00:00,0.9964277359566492,1,High
2022-04-13 21:00:00,0.9985274934926284,1,High
2022-04-13 22:00:00,0.9961315685932276,1,High
2022-04-13 23:00:00,0.9960584666339084,1,High
2022-04-14 00:00:00,0.9984384198546682,1,High
2022-04-14 01:00:00,0.9985218837942368,1,High
2022-04-14 02:00:00,0.9969553493558883,1,High
2022-04-14 03:00:00,0.9970040902582347,1,High
2022-04-14 04:00:00,0.9896419275825344,1,High
2022-04-14 05:00:00,0.9970040902582347,1,High
2022-04-14 06:00:00,0.9979632180133018,1,High
2022-04-14 07:00:00,0.9985455831003994,1,High
2022-04-14 08:00:00,0.9979632180133018,1,High
2022-04-14 09:00:00,0.9979799751122723,1,High
2022-04-14 10:00:00,0.9986004736576686,1,High
2022-04-14 11:00:00,0.9978916678307204,1,High
2022-04-14 12:00:00,0.9985100075579632,1,High
2022-04-14 13:00:00,0.9986004736576686,1,High
2022-04-14 14:00:00,0.9986004736576686,1,High
2022-04-14 15:00:00,0.9986004736576686,1,High
2022-04-14 16:00:00,0.9986004736576686,1,High
2022-04-14 17:00:00,0.9986004736576686,1,High
2022-04-14 18:00:00,0.9979323110784228,1,High
2022-04-14 19:00:00,0.9985575558659043,1,High
2022-04-14 20:00:00,0.9977312877956811,1,High
2022-04-14 21:00:00,0.9982722990882561,1,High
2022-04-14 22:00:00,0.99631800662449,1,High
2022-04-14 23:00:00,0.9944003226481016,1,High
2022-04-15 00:00:00,0.9965393739689877,1,High
2022-04-15 01:00:00,0.9961140233697705,1,High
2022-04-15 02:00:00,0.9961140233697705,1,High
2022-04-15 03:00:00,0.9960809969800949,1,High
2022-04-15 04:00:00,0.9886916385118544,1,High
2022-04-15 05:00:00,0.7591352285813756,1,High
2022-04-15 06:00:00,0.789622092951305,1,High
2022-04-15 07:00:00,0.0012993587663488269,0,Low
2022-04-15 08:00:00,0.0011555615914627768,0,Low
2022-04-15 09:00:00,0.0011555615914627768,0,Low
2022-04-15 10:00:00,0.0016680758127064418,0,Low
2022-04-15 11:00:00,0.0016699015162782382,0,Low
2022-04-15 12:00:00,0.0016699015162782382,0,Low
2022-04-15 13:00:00,0.0016699015162782382,0,Low
2022-04-15 14:00:00,0.0016699015162782382,0,Low
2022-04-15 15:00:00,0.0016699015162782382,0,Low
2022-04-15 16:00:00,0.0018775824346475621,0,Low
2022-04-15 17:00:00,0.0013007814361281306,0,Low
2022-04-15 18:00:00,0.001156826999880917,0,Low
2022-04-15 19:00:00,0.0013007814361281306,0,Low
2022-04-15 20:00:00,0.0011242044030752537,0,Low
2022-04-15 21:00:00,0.0011242044030752537,0,Low
2022-04-15 22:00:00,0.0011242044030752537,0,Low
2022-04-15 23:00:00,0.0011750473221862597,0,Low
2022-04-16 00:00:00,0.001207820946235393,0,Low
2022-04-16 01:00:00,0.001207820946235393,0,Low
2022-04-16 02:00:00,0.001207820946235393,0,Low
2022-04-16 03:00:00,0.001207820946235393,0,Low
2022-04-16 04:00:00,0.001207820946235393,0,Low
2022-04-16 05:00:00,0.0013987930075922152,0,Low
2022-04-16 06:00:00,0.0012207374079062324,0,Low
2022-04-16 07:00:00,0.0013016348038826294,0,Low
2022-04-16 08:00:00,0.0012115218988348348,0,Low
2022-04-16 09:00:00,0.0012115218988348348,0,Low
2022-04-16 10:00:00,0.0012115218988348348,0,Low
2022-04-16 11:00:00,0.0007320284413914939,0,Low
2022-04-16 12:00:00,0.0007320284413914939,0,Low
2022-04-16 13:00:00,0.0008245447650780578,0,Low
2022-04-16 14:00:00,0.0008245447650780578,0,Low
2022-04-16 15:00:00,0.0007320284413914939,0,Low
2022-04-16 16:00:00,0.0007320284413914939,0,Low
2022-04-16 17:00:00,0.0007900494242280763,0,Low
2022-04-16 18:00:00,0.0007900494242280763,0,Low
2022-04-16 19:00:00,0.0007900494242280763,0,Low
2022-04-16 20:00:00,0.0007900494242280763,0,Low
2022-04-16 21:00:00,0.0007900494242280763,0,Low
2022-04-16 22:00:00,0.0008723890043923061,0,Low
2022-04-16 23:00:00,0.0010796512231288104,0,Low
2022-04-17 00:00:00,0.0012236533395520745,0,Low
2022-04-17 01:00:00,0.0012236533395520745,0,Low
2022-04-17 02:00:00,0.0013023811970098137,0,Low
2022-04-17 03:00:00,0.0013023811970098137,0,Low
2022-04-17 04:00:00,0.0013023811970098137,0,Low
2022-04-17 05:00:00,0.0013016348038826294,0,Low
2022-04-17 06:00:00,0.0013016348038826294,0,Low
2022-04-17 07:00:00,0.0013016348038826294,0,Low
2022-04-17 08:00:00,0.0012115218988348348,0,Low
2022-04-17 09:00:00,0.001243071415227737,0,Low
2022-04-17 10:00:00,0.0011175915828010915,0,Low
2022-04-17 11:00:00,0.0008898921131006174,0,Low
2022-04-17 12:00:00,0.0008302113367680575,0,Low
2022-04-17 13:00:00,0.0008302113367680575,0,Low
2022-04-17 14:00:00,0.0008245447650780578,0,Low
2022-04-17 15:00:00,0.0008360780023645695,0,Low
2022-04-17 16:00:00,0.4544609189292395,0,Medium
2022-04-17 17:00:00,0.9986013524961086,1,High
2022-04-17 18:00:00,0.9990680457327775,1,High
2022-04-17 19:00:00,0.998526547005966,1,High
2022-04-17 20:00:00,0.9988784728125628,1,High
2022-04-17 21:00:00,0.9989994792132157,1,High
2022-04-17 22:00:00,0.9988511993488832,1,High
2022-04-17 23:00:00,0.9988511993488832,1,High
2022-04-18 00:00:00,0.9990000527837104,1,High
2022-04-18 01:00:00,0.9990000527837104,1,High
2022-04-18 02:00:00,0.9985994072887007,1,High
2022-04-18 03:00:00,0.9985994072887007,1,High
2022-04-18 04:00:00,0.9987784774978423,1,High
2022-04-18 05:00:00,0.9990000527837104,1,High
2022-04-18 06:00:00,0.9985986042300191,1,High
2022-04-18 07:00:00,0.9985053049799429,1,High
2022-04-18 08:00:00,0.9978963438286907,1,High
2022-04-18 09:00:00,0.9985053049799429,1,High
2022-04-18 10:00:00,0.9986013524961086,1,High
2022-04-18 11:00:00,0.9986013524961086,1,High
2022-04-18 12:00:00,0.9978929908276148,1,High
2022-04-18 13:00:00,0.9986013524961086,1,High
2022-04-18 14:00:00,0.9986013524961086,1,High
2022-04-18 15:00:00,0.9986013524961086,1,High
2022-04-18 16:00:00,0.9979799751122723,1,High
2022-04-18 17:00:00,0.997849486045319,1,High
2022-04-18 18:00:00,0.9986537267146267,1,High
2022-04-18 19:00:00,0.999087796237297,1,High
2022-04-18 20:00:00,0.9990606808574158,1,High
2022-04-18 21:00:00,0.999048991781754,1,High
2022-04-18 22:00:00,0.9986912967188569,1,High
2022-04-18 23:00:00,0.9988293456336086,1,High
2022-04-19 00:00:00,0.9990606808574158,1,High
2022-04-19 01:00:00,0.9990606808574158,1,High
2022-04-19 02:00:00,0.9990606808574158,1,High
2022-04-19 03:00:00,0.9990606808574158,1,High
2022-04-19 04:00:00,0.9990606808574158,1,High
2022-04-19 05:00:00,0.9990606808574158,1,High
2022-04-19 06:00:00,0.9990606808574158,1,High
2022-04-19 07:00:00,0.999087796237297,1,High
2022-04-19 08:00:00,0.999087796237297,1,High
2022-04-19 09:00:00,0.999087796237297,1,High
2022-04-19 10:00:00,0.9974959045270991,1,High
2022-04-19 11:00:00,0.9978916678307204,1,High
2022-04-19 12:00:00,0.9978916678307204,1,High
2022-04-19 13:00:00,0.9978916678307204,1,High
2022-04-19 14:00:00,0.9985100075579632,1,High
2022-04-19 15:00:00,0.9978941851339475,1,High
2022-04-19 16:00:00,0.9981731833653582,1,High
2022-04-19 17:00:00,0.9986004736576686,1,High
2022-04-19 18:00:00,0.9986004736576686,1,High
2022-04-19 19:00:00,0.9971575959627461,1,High
2022-04-19 20:00:00,0.9979799751122723,1,High
2022-04-19 21:00:00,0.9978118344378675,1,High
2022-04-19 22:00:00,0.9965039510350981,1,High
2022-04-19 23:00:00,0.9983223352534432,1,High
2022-04-20 00:00:00,0.9985575558659043,1,High
2022-04-20 01:00:00,0.9979799751122723,1,High
2022-04-20 02:00:00,0.9985575558659043,1,High
2022-04-20 03:00:00,0.9985575558659043,1,High
2022-04-20 04:00:00,0.9985575558659043,1,High
2022-04-20 05:00:00,0.9986537267146267,1,High
2022-04-20 06:00:00,0.9986537267146267,1,High
2022-04-20 07:00:00,0.9986537267146267,1,High
2022-04-20 08:00:00,0.9977312877956811,1,High
2022-04-20 09:00:00,0.9979799751122723,1,High
2022-04-20 10:00:00,0.9969578681868686,1,High
2022-04-20 11:00:00,0.9967615675630385,1,High
2022-04-20 12:00:00,0.9978916678307204,1,High
2022-04-20 13:00:00,0.9978916678307204,1,High
2022-04-20 14:00:00,0.9986004736576686,1,High
2022-04-20 15:00:00,0.9986004736576686,1,High
2022-04-20 16:00:00,0.9986004736576686,1,High
2022-04-20 17:00:00,0.9985100075579632,1,High
2022-04-20 18:00:00,0.9986537267146267,1,High
2022-04-20 19:00:00,0.9986537267146267,1,High
2022-04-20 20:00:00,0.9985575558659043,1,High
2022-04-20 21:00:00,0.9986369803291733,1,High
2022-04-20 22:00:00,0.9983084133861527,1,High
2022-04-20 23:00:00,0.9983084133861527,1,High
2022-04-21 00:00:00,0.9990652248920169,1,High
2022-04-21 01:00:00,0.9990652248920169,1,High
2022-04-21 02:00:00,0.9990652248920169,1,High
2022-04-21 03:00:00,0.9990652248920169,1,High
2022-04-21 04:00:00,0.9990652248920169,1,High
2022-04-21 05:00:00,0.999087796237297,1,High
2022-04-21 06:00:00,0.999087796237297,1,High
2022-04-21 07:00:00,0.999087796237297,1,High
2022-04-21 08:00:00,0.999087796237297,1,High
2022-04-21 09:00:00,0.9986537267146267,1,High
2022-04-21 10:00:00,0.9986537267146267,1,High
2022-04-21 11:00:00,0.9982648383016117,1,High
2022-04-21 12:00:00,0.9982648383016117,1,High
2022-04-21 13:00:00,0.9990674598666126,1,High
2022-04-21 14:00:00,0.9990674598666126,1,High
2022-04-21 15:00:00,0.9990674598666126,1,High
2022-04-21 16:00:00,0.9990674598666126,1,High
2022-04-21 17:00:00,0.999087796237297,1,High
2022-04-21 18:00:00,0.999087796237297,1,High
2022-04-21 19:00:00,0.999087796237297,1,High
2022-04-21 20:00:00,0.999087796237297,1,High
2022-04-21 21:00:00,0.9990687744430994,1,High
2022-04-21 22:00:00,0.9913064094126149,1,High
2022-04-21 23:00:00,0.9976497717953832,1,High
2022-04-22 00:00:00,0.9990652248920169,1,High
2022-04-22 01:00:00,0.9990652248920169,1,High
2022-04-22 02:00:00,0.9990652248920169,1,High
2022-04-22 03:00:00,0.9990652248920169,1,High
2022-04-22 04:00:00,0.9990652248920169,1,High
2022-04-22 05:00:00,0.9989538944596515,1,High
2022-04-22 06:00:00,0.9985277371276465,1,High
2022-04-22 07:00:00,0.9990652248920169,1,High
2022-04-22 08:00:00,0.999087796237297,1,High
2022-04-22 09:00:00,0.9986537267146267,1,High
2022-04-22 10:00:00,0.9986537267146267,1,High
2022-04-22 11:00:00,0.9990674598666126,1,High
2022-04-22 12:00:00,0.9990674598666126,1,High
2022-04-22 13:00:00,0.9990674598666126,1,High
2022-04-22 14:00:00,0.9990454313243247,1,High
2022-04-22 15:00:00,0.9990454313243247,1,High
2022-04-22 16:00:00,0.9990454313243247,1,High
2022-04-22 17:00:00,0.999066247633504,1,High
2022-04-22 18:00:00,0.999066247633504,1,High
2022-04-22 19:00:00,0.999087796237297,1,High
2022-04-22 20:00:00,0.999066247633504,1,High
2022-04-22 21:00:00,0.9973065240106134,1,High
2022-04-22 22:00:00,0.9955011723262733,1,High
2022-04-22 23:00:00,0.9957323924861906,1,High
2022-04-23 00:00:00,0.001207820946235393,0,Low
2022-04-23 01:00:00,0.001207820946235393,0,Low
2022-04-23 02:00:00,0.001207820946235393,0,Low
2022-04-23 03:00:00,0.001207820946235393,0,Low
2022-04-23 04:00:00,0.001207820946235393,0,Low
2022-04-23 05:00:00,0.0009861535379448254,0,Low
2022-04-23 06:00:00,0.0009737374695033373,0,Low
2022-04-23 07:00:00,0.0015884618800626829,0,Low
2022-04-23 08:00:00,0.001266064156481706,0,Low
2022-04-23 09:00:00,0.001266064156481706,0,Low
2022-04-23 10:00:00,0.0013428753146427414,0,Low
2022-04-23 11:00:00,0.0019383056289974125,0,Low
2022-04-23 12:00:00,0.0017239196695042949,0,Low
2022-04-23 13:00:00,0.0017239196695042949,0,Low
2022-04-23 14:00:00,0.0011942680180686113,0,Low
2022-04-23 15:00:00,0.0017239196695042949,0,Low
2022-04-23 16:00:00,0.0017239196695042949,0,Low
2022-04-23 17:00:00,0.0013227882243369321,0,Low
2022-04-23 18:00:00,0.0009908242611559276,0,Low
2022-04-23 19:00:00,0.0011141445184701029,0,Low
2022-04-23 20:00:00,0.0015335739199938063,0,Low
2022-04-23 21:00:00,0.0015335739199938063,0,Low
2022-04-23 22:00:00,0.0014018453954838404,0,Low
2022-04-23 23:00:00,0.0008904026121684443,0,Low
2022-04-24 00:00:00,0.0012214374689807342,0,Low
2022-04-24 01:00:00,0.0012207374079062324,0,Low
2022-04-24 02:00:00,0.0012214374689807342,0,Low
2022-04-24 03:00:00,0.0012214374689807342,0,Low
2022-04-24 04:00:00,0.0012214374689807342,0,Low
2022-04-24 05:00:00,0.0012207374079062324,0,Low
2022-04-24 06:00:00,0.0012207374079062324,0,Low
2022-04-24 07:00:00,0.0012207374079062324,0,Low
2022-04-24 08:00:00,0.001280127863866074,0,Low
2022-04-24 09:00:00,0.001280127863866074,0,Low
2022-04-24 10:00:00,0.00099890862852783,0,Low
2022-04-24 11:00:00,0.00099890862852783,0,Low
2022-04-24 12:00:00,0.00099890862852783,0,Low
2022-04-24 13:00:00,0.0009290151994814355,0,Low
2022-04-24 14:00:00,0.0010026337968392905,0,Low
2022-04-24 15:00:00,0.0010026337968392905,0,Low
2022-04-24 16:00:00,0.0010026337968392905,0,Low
2022-04-24 17:00:00,0.0010026337968392905,0,Low
2022-04-24 18:00:00,0.0010026337968392905,0,Low
2022-04-24 19:00:00,0.0008901531670153091,0,Low
2022-04-24 20:00:00,0.0008901531670153091,0,Low
2022-04-24 21:00:00,0.0008901531670153091,0,Low
2022-04-24 22:00:00,0.0010026337968392905,0,Low
2022-04-24 23:00:00,0.0011064699372324886,0,Low
2022-04-25 00:00:00,0.0012207374079062324,0,Low
2022-04-25 01:00:00,0.0012207374079062324,0,Low
2022-04-25 02:00:00,0.0012214374689807342,0,Low
2022-04-25 03:00:00,0.0012207374079062324,0,Low
2022-04-25 04:00:00,0.0012207374079062324,0,Low
2022-04-25 05:00:00,0.0012207374079062324,0,Low
2022-04-25 06:00:00,0.0012207374079062324,0,Low
2022-04-25 07:00:00,0.0012207374079062324,0,Low
2022-04-25 08:00:00,0.0007900494242280763,0,Low
2022-04-25 09:00:00,0.0007900494242280763,0,Low
2022-04-25 10:00:00,0.0008901531670153091,0,Low
2022-04-25 11:00:00,0.0008901531670153091,0,Low
2022-04-25 12:00:00,0.0007900494242280763,0,Low
2022-04-25 13:00:00,0.0008901531670153091,0,Low
2022-04-25 14:00:00,0.0008901531670153091,0,Low
2022-04-25 15:00:00,0.0008901531670153091,0,Low
2022-04-25 16:00:00,0.0008901531670153091,0,Low
2022-04-25 17:00:00,0.0008901531670153091,0,Low
2022-04-25 18:00:00,0.0009901222081196701,0,Low
2022-04-25 19:00:00,0.0009836001513459423,0,Low
2022-04-25 20:00:00,0.0009836001513459423,0,Low
2022-04-25 21:00:00,0.0008901531670153091,0,Low
2022-04-25 22:00:00,0.0009823518884833583,0,Low
2022-04-25 23:00:00,0.0012157073060782447,0,Low
2022-04-26 00:00:00,0.001159302118443558,0,Low
2022-04-26 01:00:00,0.0012214374689807342,0,Low
2022-04-26 02:00:00,0.0012214374689807342,0,Low
2022-04-26 03:00:00,0.0012214374689807342,0,Low
2022-04-26 04:00:00,0.0012207374079062324,0,Low
2022-04-26 05:00:00,0.0012207374079062324,0,Low
2022-04-26 06:00:00,0.0012207374079062324,0,Low
2022-04-26 07:00:00,0.0008488398818780855,0,Low
2022-04-26 08:00:00,0.0008901531670153091,0,Low
2022-04-26 09:00:00,0.0008901531670153091,0,Low
2022-04-26 10:00:00,0.0008901531670153091,0,Low
2022-04-26 11:00:00,0.0008901531670153091,0,Low
2022-04-26 12:00:00,0.0008901531670153091,0,Low
2022-04-26 13:00:00,0.0008901531670153091,0,Low
2022-04-26 14:00:00,0.0008901531670153091,0,Low
2022-04-26 15:00:00,0.0010113563139480678,0,Low
2022-04-26 16:00:00,0.0008901531670153091,0,Low
2022-04-26 17:00:00,0.0008901531670153091,0,Low
2022-04-26 18:00:00,0.0008901531670153091,0,Low
2022-04-26 19:00:00,0.0008901531670153091,0,Low
2022-04-26 20:00:00,0.0008901531670153091,0,Low
2022-04-26 21:00:00,0.0008901531670153091,0,Low
2022-04-26 22:00:00,0.0008906638157068663,0,Low
2022-04-26 23:00:00,0.0008906638157068663,0,Low
2022-04-27 00:00:00,0.0011599669888987566,0,Low
2022-04-27 01:00:00,0.0012214374689807342,0,Low
2022-04-27 02:00:00,0.0012214374689807342,0,Low
2022-04-27 03:00:00,0.0012207374079062324,0,Low
2022-04-27 04:00:00,0.0012207374079062324,0,Low
2022-04-27 05:00:00,0.0012207374079062324,0,Low
2022-04-27 06:00:00,0.0012207374079062324,0,Low
2022-04-27 07:00:00,0.0012207374079062324,0,Low
2022-04-27 08:00:00,0.001280127863866074,0,Low
2022-04-27 09:00:00,0.0008901531670153091,0,Low
2022-04-27 10:00:00,0.0008901531670153091,0,Low
2022-04-27 11:00:00,0.0008901531670153091,0,Low
2022-04-27 12:00:00,0.0008901531670153091,0,Low
2022-04-27 13:00:00,0.0008901531670153091,0,Low
2022-04-27 14:00:00,0.0008901531670153091,0,Low
2022-04-27 15:00:00,0.0008901531670153091,0,Low
2022-04-27 16:00:00,0.0008901531670153091,0,Low
2022-04-27 17:00:00,0.0008901531670153091,0,Low
2022-04-27 18:00:00,0.0008901531670153091,0,Low
2022-04-27 19:00:00,0.0008901531670153091,0,Low
2022-04-27 20:00:00,0.0010113563139480678,0,Low
2022-04-27 21:00:00,0.0008901531670153091,0,Low
2022-04-27 22:00:00,0.0007794033774366033,0,Low
2022-04-27 23:00:00,0.0008196324842397334,0,Low
2022-04-28 00:00:00,0.001159302118443558,0,Low
2022-04-28 01:00:00,0.0012207374079062324,0,Low
2022-04-28 02:00:00,0.0012214374689807342,0,Low
2022-04-28 03:00:00,0.0012207374079062324,0,Low
2022-04-28 04:00:00,0.0013016348038826294,0,Low
2022-04-28 05:00:00,0.0013016348038826294,0,Low
2022-04-28 06:00:00,0.0013016348038826294,0,Low
2022-04-28 07:00:00,0.0013016348038826294,0,Low
2022-04-28 08:00:00,0.0007900494242280763,0,Low
2022-04-28 09:00:00,0.0007900494242280763,0,Low
2022-04-28 10:00:00,0.0007900494242280763,0,Low
2022-04-28 11:00:00,0.0007900494242280763,0,Low
2022-04-28 12:00:00,0.0007900494242280763,0,Low
2022-04-28 13:00:00,0.0007900494242280763,0,Low
2022-04-28 14:00:00,0.0007900494242280763,0,Low
2022-04-28 15:00:00,0.0007900494242280763,0,Low
2022-04-28 16:00:00,0.0007900494242280763,0,Low
2022-04-28 17:00:00,0.0007900494242280763,0,Low
2022-04-28 18:00:00,0.0008787861589634121,0,Low
2022-04-28 19:00:00,0.0007900494242280763,0,Low
2022-04-28 20:00:00,0.0007900494242280763,0,Low
2022-04-28 21:00:00,0.0007900494242280763,0,Low
2022-04-28 22:00:00,0.0007900494242280763,0,Low
2022-04-28 23:00:00,0.0008723890043923061,0,Low
2022-04-29 00:00:00,0.0011599669888987566,0,Low
2022-04-29 01:00:00,0.0013016348038826294,0,Low
2022-04-29 02:00:00,0.0013016348038826294,0,Low
2022-04-29 03:00:00,0.0013016348038826294,0,Low
2022-04-29 04:00:00,0.0013016348038826294,0,Low
2022-04-29 05:00:00,0.0013016348038826294,0,Low
2022-04-29 06:00:00,0.0013016348038826294,0,Low
2022-04-29 07:00:00,0.0013016348038826294,0,Low
2022-04-29 08:00:00,0.0007900494242280763,0,Low
2022-04-29 09:00:00,0.0007900494242280763,0,Low
2022-04-29 10:00:00,0.0007900494242280763,0,Low
2022-04-29 11:00:00,0.0007900494242280763,0,Low
2022-04-29 12:00:00,0.0007900494242280763,0,Low
2022-04-29 13:00:00,0.0006877541895980833,0,Low
2022-04-29 14:00:00,0.0007320284413914939,0,Low
2022-04-29 15:00:00,0.0007320284413914939,0,Low
2022-04-29 16:00:00,0.0007320284413914939,0,Low
2022-04-29 17:00:00,0.0007320284413914939,0,Low
2022-04-29 18:00:00,0.0007900494242280763,0,Low
2022-04-29 19:00:00,0.0007900494242280763,0,Low
2022-04-29 20:00:00,0.0007900494242280763,0,Low
2022-04-29 21:00:00,0.0007900494242280763,0,Low
2022-04-29 22:00:00,0.0007900494242280763,0,Low
2022-04-29 23:00:00,0.0008718888241452894,0,Low
2022-04-30 00:00:00,0.0013023811970098137,0,Low
2022-04-30 01:00:00,0.0012207374079062324,0,Low
2022-04-30 02:00:00,0.0012207374079062324,0,Low
2022-04-30 03:00:00,0.0012214374689807342,0,Low
2022-04-30 04:00:00,0.0012207374079062324,0,Low
2022-04-30 05:00:00,0.0012207374079062324,0,Low
2022-04-30 06:00:00,0.0012207374079062324,0,Low
2022-04-30 07:00:00,0.0012207374079062324,0,Low
2022-04-30 08:00:00,0.0009948847725645927,0,Low
2022-04-30 09:00:00,0.0011362187030328089,0,Low
2022-04-30 10:00:00,0.0007900494242280763,0,Low
2022-04-30 11:00:00,0.0007900494242280763,0,Low
2022-04-30 12:00:00,0.0007320284413914939,0,Low
2022-04-30 13:00:00,0.0007320284413914939,0,Low
2022-04-30 14:00:00,0.0007320284413914939,0,Low
2022-04-30 15:00:00,0.0008245447650780578,0,Low
2022-04-30 16:00:00,0.0008245447650780578,0,Low
2022-04-30 17:00:00,0.0009290151994814355,0,Low
2022-04-30 18:00:00,0.0010026337968392905,0,Low
2022-04-30 19:00:00,0.0008901531670153091,0,Low
2022-04-30 20:00:00,0.0008901531670153091,0,Low
2022-04-30 21:00:00,0.000856804605140019,0,Low
2022-04-30 22:00:00,0.0008363232828786307,0,Low
2022-04-30 23:00:00,0.0009229516576414076,0,Low
2022-05-01 00:00:00,0.0011469391815572166,0,Low
2022-05-01 01:00:00,0.0011469391815572166,0,Low
2022-05-01 02:00:00,0.0011469391815572166,0,Low
2022-05-01 03:00:00,0.0011469391815572166,0,Low
2022-05-01 04:00:00,0.0011469391815572166,0,Low
2022-05-01 05:00:00,0.0011469391815572166,0,Low
2022-05-01 06:00:00,0.0011469391815572166,0,Low
2022-05-01 07:00:00,0.0010689014695163786,0,Low
2022-05-01 08:00:00,0.0009948847725645927,0,Low
2022-05-01 09:00:00,0.0009948847725645927,0,Low
2022-05-01 10:00:00,0.0010504248201709328,0,Low
2022-05-01 11:00:00,0.0007422685772049081,0,Low
2022-05-01 12:00:00,0.0007422685772049081,0,Low
2022-05-01 13:00:00,0.0007422685772049081,0,Low
2022-05-01 14:00:00,0.0008363232828786307,0,Low
2022-05-01 15:00:00,0.0008363232828786307,0,Low
2022-05-01 16:00:00,0.0009502039300324387,0,Low
2022-05-01 17:00:00,0.0010113563139480678,0,Low
2022-05-01 18:00:00,0.0010113563139480678,0,Low
2022-05-01 19:00:00,0.0008901531670153091,0,Low
2022-05-01 20:00:00,0.0008901531670153091,0,Low
2022-05-01 21:00:00,0.0010026337968392905,0,Low
2022-05-01 22:00:00,0.0010026337968392905,0,Low
2022-05-01 23:00:00,0.0009823518884833583,0,Low
2022-05-02 00:00:00,0.0011469391815572166,0,Low
2022-05-02 01:00:00,0.0011475969699003114,0,Low
2022-05-02 02:00:00,0.0011469391815572166,0,Low
2022-05-02 03:00:00,0.0011475969699003114,0,Low
2022-05-02 04:00:00,0.0011469391815572166,0,Low
2022-05-02 05:00:00,0.0011469391815572166,0,Low
2022-05-02 06:00:00,0.0011469391815572166,0,Low
2022-05-02 07:00:00,0.0011469391815572166,0,Low
2022-05-02 08:00:00,0.001202743581807376,0,Low
2022-05-02 09:00:00,0.001202743581807376,0,Low
2022-05-02 10:00:00,0.001202743581807376,0,Low
2022-05-02 11:00:00,0.0008363232828786307,0,Low
2022-05-02 12:00:00,0.0008363232828786307,0,Low
2022-05-02 13:00:00,0.0008363232828786307,0,Low
2022-05-02 14:00:00,0.0008363232828786307,0,Low
2022-05-02 15:00:00,0.0008728372799352017,0,Low
2022-05-02 16:00:00,0.0007938850377597984,0,Low
2022-05-02 17:00:00,0.0009650753482899866,0,Low
2022-05-02 18:00:00,0.0010734495175289483,0,Low
2022-05-02 19:00:00,0.0011391348308544815,0,Low
2022-05-02 20:00:00,0.0009650753482899866,0,Low
2022-05-02 21:00:00,0.000856804605140019,0,Low
2022-05-02 22:00:00,0.0009455524767925113,0,Low
2022-05-02 23:00:00,0.0011422128207867618,0,Low
2022-05-03 00:00:00,0.0011469391815572166,0,Low
2022-05-03 01:00:00,0.0012207374079062324,0,Low
2022-05-03 02:00:00,0.0011469391815572166,0,Low
2022-05-03 03:00:00,0.0011469391815572166,0,Low
2022-05-03 04:00:00,0.0011469391815572166,0,Low
2022-05-03 05:00:00,0.0011750184541955556,0,Low
2022-05-03 06:00:00,0.001306937567387413,0,Low
2022-05-03 07:00:00,0.0011750184541955556,0,Low
2022-05-03 08:00:00,0.000856804605140019,0,Low
2022-05-03 09:00:00,0.000856804605140019,0,Low
2022-05-03 10:00:00,0.000856804605140019,0,Low
2022-05-03 11:00:00,0.0008363232828786307,0,Low
2022-05-03 12:00:00,0.0008363232828786307,0,Low
2022-05-03 13:00:00,0.0010134491463327853,0,Low
2022-05-03 14:00:00,0.0010956120744555673,0,Low
2022-05-03 15:00:00,0.001162445832042724,0,Low
2022-05-03 16:00:00,0.0007938850377597984,0,Low
2022-05-03 17:00:00,0.4696431696817749,0,Medium
2022-05-03 18:00:00,0.7100160062006583,1,High
2022-05-03 19:00:00,0.9990680457327775,1,High
2022-05-03 20:00:00,0.9990680457327775,1,High
2022-05-03 21:00:00,0.9986854742286329,1,High
2022-05-03 22:00:00,0.9987149877587719,1,High
2022-05-03 23:00:00,0.9988505404941855,1,High
2022-05-04 00:00:00,0.9990662136359474,1,High
2022-05-04 01:00:00,0.9990662136359474,1,High
2022-05-04 02:00:00,0.9990662136359474,1,High
2022-05-04 03:00:00,0.9990662136359474,1,High
2022-05-04 04:00:00,0.9990662136359474,1,High
2022-05-04 05:00:00,0.9990040148746896,1,High
2022-05-04 06:00:00,0.9990040148746896,1,High
2022-05-04 07:00:00,0.9990040148746896,1,High
2022-05-04 08:00:00,0.9990040148746896,1,High
2022-05-04 09:00:00,0.9985979503108864,1,High
2022-05-04 10:00:00,0.9990680457327775,1,High
2022-05-04 11:00:00,0.9990680457327775,1,High
2022-05-04 12:00:00,0.9989941944673041,1,High
2022-05-04 13:00:00,0.9989941944673041,1,High
2022-05-04 14:00:00,0.9989941944673041,1,High
2022-05-04 15:00:00,0.998584131783824,1,High
2022-05-04 16:00:00,0.9989941944673041,1,High
2022-05-04 17:00:00,0.9989941944673041,1,High
2022-05-04 18:00:00,0.999087796237297,1,High
2022-05-04 19:00:00,0.9990802205890706,1,High
2022-05-04 20:00:00,0.9990802205890706,1,High
2022-05-04 21:00:00,0.9990687744430994,1,High
2022-05-04 22:00:00,0.9987185105290626,1,High
2022-05-04 23:00:00,0.9988536920827525,1,High
2022-05-05 00:00:00,0.9987051849353489,1,High
2022-05-05 01:00:00,0.9990802205890706,1,High
2022-05-05 02:00:00,0.9987051849353489,1,High
2022-05-05 03:00:00,0.9990802205890706,1,High
2022-05-05 04:00:00,0.9990802205890706,1,High
2022-05-05 05:00:00,0.9990802205890706,1,High
2022-05-05 06:00:00,0.9990802205890706,1,High
2022-05-05 07:00:00,0.9990652248920169,1,High
2022-05-05 08:00:00,0.9990652248920169,1,High
2022-05-05 09:00:00,0.9990802205890706,1,High
2022-05-05 10:00:00,0.999087796237297,1,High
2022-05-05 11:00:00,0.9987158455475701,1,High
2022-05-05 12:00:00,0.9983026481067885,1,High
2022-05-05 13:00:00,0.999087796237297,1,High
2022-05-05 14:00:00,0.999028800282354,1,High
2022-05-05 15:00:00,0.999087796237297,1,High
2022-05-05 16:00:00,0.9990674598666126,1,High
2022-05-05 17:00:00,0.999087796237297,1,High
2022-05-05 18:00:00,0.999087796237297,1,High
2022-05-05 19:00:00,0.9990802205890706,1,High
2022-05-05 20:00:00,0.9990802205890706,1,High
2022-05-05 21:00:00,0.9990687744430994,1,High
2022-05-05 22:00:00,0.9988536920827525,1,High
2022-05-05 23:00:00,0.9988536920827525,1,High
2022-05-06 00:00:00,0.9990652248920169,1,High
2022-05-06 01:00:00,0.9990652248920169,1,High
2022-05-06 02:00:00,0.9990652248920169,1,High
2022-05-06 03:00:00,0.9990652248920169,1,High
2022-05-06 04:00:00,0.9990652248920169,1,High
2022-05-06 05:00:00,0.9990652248920169,1,High
2022-05-06 06:00:00,0.9990652248920169,1,High
2022-05-06 07:00:00,0.9990652248920169,1,High
2022-05-06 08:00:00,0.9990652248920169,1,High
2022-05-06 09:00:00,0.999087796237297,1,High
2022-05-06 10:00:00,0.999087796237297,1,High
2022-05-06 11:00:00,0.999087796237297,1,High
2022-05-06 12:00:00,0.999087796237297,1,High
2022-05-06 13:00:00,0.999087796237297,1,High
2022-05-06 14:00:00,0.999087796237297,1,High
2022-05-06 15:00:00,0.999087796237297,1,High
2022-05-06 16:00:00,0.9990674598666126,1,High
2022-05-06 17:00:00,0.999066247633504,1,High
2022-05-06 18:00:00,0.999066247633504,1,High
2022-05-06 19:00:00,0.999066247633504,1,High
2022-05-06 20:00:00,0.9990391463310841,1,High
2022-05-06 21:00:00,0.9989150669206596,1,High
2022-05-06 22:00:00,0.9944124103701796,1,High
2022-05-06 23:00:00,0.9920320236972697,1,High
2022-05-07 00:00:00,0.9984557565798693,1,High
2022-05-07 01:00:00,0.998990100930028,1,High
2022-05-07 02:00:00,0.998990100930028,1,High
2022-05-07 03:00:00,0.998990100930028,1,High
2022-05-07 04:00:00,0.998990100930028,1,High
2022-05-07 05:00:00,0.9990063005698057,1,High
2022-05-07 06:00:00,0.9990063005698057,1,High
2022-05-07 07:00:00,0.9984749725277112,1,High
2022-05-07 08:00:00,0.9985513427208217,1,High
2022-05-07 09:00:00,0.9981618847673525,1,High
2022-05-07 10:00:00,0.9990652248920169,1,High
2022-05-07 11:00:00,0.999066247633504,1,High
2022-05-07 12:00:00,0.9983330242893313,1,High
2022-05-07 13:00:00,0.9897229867108887,1,High
2022-05-07 14:00:00,0.0010424061292752865,0,Low
2022-05-07 15:00:00,0.001372258647624177,0,Low
2022-05-07 16:00:00,0.000780049091628734,0,Low
2022-05-07 17:00:00,0.0008779482804715693,0,Low
2022-05-07 18:00:00,0.0012392378050017393,0,Low
2022-05-07 19:00:00,0.0008779482804715693,0,Low
2022-05-07 20:00:00,0.0008602295627439882,0,Low
2022-05-07 21:00:00,0.0008531833641876246,0,Low
2022-05-07 22:00:00,0.0012085671357346566,0,Low
2022-05-07 23:00:00,0.0006956758299470265,0,Low
2022-05-08 00:00:00,0.0011605834311431743,0,Low
2022-05-08 01:00:00,0.0011605834311431743,0,Low
2022-05-08 02:00:00,0.0011649108202651836,0,Low
2022-05-08 03:00:00,0.0011649108202651836,0,Low
2022-05-08 04:00:00,0.0011649108202651836,0,Low
2022-05-08 05:00:00,0.0011649108202651836,0,Low
2022-05-08 06:00:00,0.001140989973899427,0,Low
2022-05-08 07:00:00,0.0012829761972526573,0,Low
2022-05-08 08:00:00,0.001300287938830757,0,Low
2022-05-08 09:00:00,0.0014462506708445625,0,Low
2022-05-08 10:00:00,0.0009041772912954714,0,Low
2022-05-08 11:00:00,0.0007933681969800985,0,Low
2022-05-08 12:00:00,0.0006982709613069543,0,Low
2022-05-08 13:00:00,0.0008247866648750222,0,Low
2022-05-08 14:00:00,0.0008247866648750222,0,Low
2022-05-08 15:00:00,0.0009290151994814355,0,Low
2022-05-08 16:00:00,0.0009290151994814355,0,Low
2022-05-08 17:00:00,0.0010026337968392905,0,Low
2022-05-08 18:00:00,0.0010026337968392905,0,Low
2022-05-08 19:00:00,0.0008901531670153091,0,Low
2022-05-08 20:00:00,0.0008901531670153091,0,Low
2022-05-08 21:00:00,0.0008901531670153091,0,Low
2022-05-08 22:00:00,0.0008901531670153091,0,Low
2022-05-08 23:00:00,0.0009823518884833583,0,Low
2022-05-09 00:00:00,0.0012011865120700384,0,Low
2022-05-09 01:00:00,0.0012011865120700384,0,Low
2022-05-09 02:00:00,0.0011285688763323692,0,Low
2022-05-09 03:00:00,0.001196724528134739,0,Low
2022-05-09 04:00:00,0.0012011865120700384,0,Low
2022-05-09 05:00:00,0.0012011865120700384,0,Low
2022-05-09 06:00:00,0.0012011865120700384,0,Low
2022-05-09 07:00:00,0.0010839152096985287,0,Low
2022-05-09 08:00:00,0.0008901531670153091,0,Low
2022-05-09 09:00:00,0.0010026337968392905,0,Low
2022-05-09 10:00:00,0.0011391348308544815,0,Low
2022-05-09 11:00:00,0.0010026337968392905,0,Low
2022-05-09 12:00:00,0.0010026337968392905,0,Low
2022-05-09 13:00:00,0.0011391348308544815,0,Low
2022-05-09 14:00:00,0.0011391348308544815,0,Low
2022-05-09 15:00:00,0.0010026337968392905,0,Low
2022-05-09 16:00:00,0.0010026337968392905,0,Low
2022-05-09 17:00:00,0.27030417271348006,0,Low
2022-05-09 18:00:00,0.7871838727456887,1,High
2022-05-09 19:00:00,0.9990680457327775,1,High
2022-05-09 20:00:00,0.9990662136359474,1,High
2022-05-09 21:00:00,0.9990662136359474,1,High
2022-05-09 22:00:00,0.8977697740340871,1,High
2022-05-09 23:00:00,0.40545830503228497,0,Medium
2022-05-10 00:00:00,0.0013611578786542442,0,Low
2022-05-10 01:00:00,0.0012011865120700384,0,Low
2022-05-10 02:00:00,0.0012011865120700384,0,Low
2022-05-10 03:00:00,0.0012011865120700384,0,Low
2022-05-10 04:00:00,0.0012011865120700384,0,Low
2022-05-10 05:00:00,0.0012011865120700384,0,Low
2022-05-10 06:00:00,0.0012011865120700384,0,Low
2022-05-10 07:00:00,0.0009561051200384216,0,Low
2022-05-10 08:00:00,0.0010026337968392905,0,Low
2022-05-10 09:00:00,0.0010026337968392905,0,Low
2022-05-10 10:00:00,0.0010026337968392905,0,Low
2022-05-10 11:00:00,0.0010026337968392905,0,Low
2022-05-10 12:00:00,0.0010026337968392905,0,Low
2022-05-10 13:00:00,0.0010026337968392905,0,Low
2022-05-10 14:00:00,0.0010026337968392905,0,Low
2022-05-10 15:00:00,0.0010026337968392905,0,Low
2022-05-10 16:00:00,0.0010026337968392905,0,Low
2022-05-10 17:00:00,0.156669816362275,0,Low
2022-05-10 18:00:00,0.8976552637301342,1,High
2022-05-10 19:00:00,0.999087796237297,1,High
2022-05-10 20:00:00,0.9990391463310841,1,High
2022-05-10 21:00:00,0.999076444278929,1,High
2022-05-10 22:00:00,0.9972154485990676,1,High
2022-05-10 23:00:00,0.9841049295002635,1,High
2022-05-11 00:00:00,0.0010551276830160546,0,Low
2022-05-11 01:00:00,0.0012207374079062324,0,Low
2022-05-11 02:00:00,0.0012207374079062324,0,Low
2022-05-11 03:00:00,0.0012207374079062324,0,Low
2022-05-11 04:00:00,0.0012207374079062324,0,Low
2022-05-11 05:00:00,0.0012207374079062324,0,Low
2022-05-11 06:00:00,0.0012207374079062324,0,Low
2022-05-11 07:00:00,0.0009561051200384216,0,Low
2022-05-11 08:00:00,0.0008898921131006174,0,Low
2022-05-11 09:00:00,0.0008898921131006174,0,Low
2022-05-11 10:00:00,0.0008898921131006174,0,Low
2022-05-11 11:00:00,0.0010026337968392905,0,Low
2022-05-11 12:00:00,0.0009650753482899866,0,Low
2022-05-11 13:00:00,0.0009650753482899866,0,Low
2022-05-11 14:00:00,0.0009290151994814355,0,Low
2022-05-11 15:00:00,0.0010555042059037882,0,Low
2022-05-11 16:00:00,0.0009290151994814355,0,Low
2022-05-11 17:00:00,0.41699158901455885,0,Medium
2022-05-11 18:00:00,0.999087796237297,1,High
2022-05-11 19:00:00,0.999087796237297,1,High
2022-05-11 20:00:00,0.999087796237297,1,High
2022-05-11 21:00:00,0.9990687744430994,1,High
2022-05-11 22:00:00,0.9015934817109027,1,High
2022-05-11 23:00:00,0.0014675056969984071,0,Low
2022-05-12 00:00:00,0.0012568494613648543,0,Low
2022-05-12 01:00:00,0.0012052700898125181,0,Low
2022-05-12 02:00:00,0.0012052700898125181,0,Low
2022-05-12 03:00:00,0.0012052700898125181,0,Low
2022-05-12 04:00:00,0.0011561989292245911,0,Low
2022-05-12 05:00:00,0.0011561989292245911,0,Low
2022-05-12 06:00:00,0.0011561989292245911,0,Low
2022-05-12 07:00:00,0.0009202880201853705,0,Low
2022-05-12 08:00:00,0.0008901531670153091,0,Low
2022-05-12 09:00:00,0.0008901531670153091,0,Low
2022-05-12 10:00:00,0.0008779018516069,0,Low
2022-05-12 11:00:00,0.0008779018516069,0,Low
2022-05-12 12:00:00,0.0010026337968392905,0,Low
2022-05-12 13:00:00,0.0008247866648750222,0,Low
2022-05-12 14:00:00,0.0007320284413914939,0,Low
2022-05-12 15:00:00,0.0007320284413914939,0,Low
2022-05-12 16:00:00,0.0007320284413914939,0,Low
2022-05-12 17:00:00,0.808874294700993,1,High
2022-05-12 18:00:00,0.9990373776621531,1,High
2022-05-12 19:00:00,0.9990373776621531,1,High
2022-05-12 20:00:00,0.999087796237297,1,High
2022-05-12 21:00:00,0.9990687744430994,1,High
2022-05-12 22:00:00,0.8206007804659563,1,High
2022-05-12 23:00:00,0.2697320924085205,0,Low
2022-05-13 00:00:00,0.0010551276830160546,0,Low
2022-05-13 01:00:00,0.0012207374079062324,0,Low
2022-05-13 02:00:00,0.0012011865120700384,0,Low
2022-05-13 03:00:00,0.0011561989292245911,0,Low
2022-05-13 04:00:00,0.0012207374079062324,0,Low
2022-05-13 05:00:00,0.0012011865120700384,0,Low
2022-05-13 06:00:00,0.0012011865120700384,0,Low
2022-05-13 07:00:00,0.0009561051200384216,0,Low
2022-05-13 08:00:00,0.0008898921131006174,0,Low
2022-05-13 09:00:00,0.0008898921131006174,0,Low
2022-05-13 10:00:00,0.0008898921131006174,0,Low
2022-05-13 11:00:00,0.0008898921131006174,0,Low
2022-05-13 12:00:00,0.0008245447650780578,0,Low
2022-05-13 13:00:00,0.0008245447650780578,0,Low
2022-05-13 14:00:00,0.0008245447650780578,0,Low
2022-05-13 15:00:00,0.0008245447650780578,0,Low
2022-05-13 16:00:00,0.0008245447650780578,0,Low
2022-05-13 17:00:00,0.2861285745728782,0,Low
2022-05-13 18:00:00,0.9980174076988741,1,High
2022-05-13 19:00:00,0.9968310628732183,1,High
2022-05-13 20:00:00,0.9981182898898653,1,High
2022-05-13 21:00:00,0.9979899766193525,1,High
2022-05-13 22:00:00,0.7834365464937202,1,High
2022-05-13 23:00:00,0.1984985977021534,0,Low
2022-05-14 00:00:00,0.001305748226564303,0,Low
2022-05-14 01:00:00,0.0012007263572996788,0,Low
2022-05-14 02:00:00,0.0012007263572996788,0,Low
2022-05-14 03:00:00,0.0012007263572996788,0,Low
2022-05-14 04:00:00,0.0011260934112251758,0,Low
2022-05-14 05:00:00,0.0011260934112251758,0,Low
2022-05-14 06:00:00,0.0011260934112251758,0,Low
2022-05-14 07:00:00,0.001364682075291987,0,Low
2022-05-14 08:00:00,0.0012596269912175304,0,Low
2022-05-14 09:00:00,0.0010026337968392905,0,Low
2022-05-14 10:00:00,0.0010026337968392905,0,Low
2022-05-14 11:00:00,0.0010026337968392905,0,Low
2022-05-14 12:00:00,0.0009290151994814355,0,Low
2022-05-14 13:00:00,0.0009290151994814355,0,Low
2022-05-14 14:00:00,0.0009290151994814355,0,Low
2022-05-14 15:00:00,0.0009290151994814355,0,Low
2022-05-14 16:00:00,0.0009290151994814355,0,Low
2022-05-14 17:00:00,0.245690167772956,0,Low
2022-05-14 18:00:00,0.881654712889789,1,High
2022-05-14 19:00:00,0.999084714007875,1,High
2022-05-14 20:00:00,0.999084714007875,1,High
2022-05-14 21:00:00,0.9990715019975055,1,High
2022-05-14 22:00:00,0.7418233286765632,1,High
2022-05-14 23:00:00,0.47068283553096807,0,Medium
2022-05-15 00:00:00,0.0012207374079062324,0,Low
2022-05-15 01:00:00,0.0012207374079062324,0,Low
2022-05-15 02:00:00,0.0012207374079062324,0,Low
2022-05-15 03:00:00,0.0012207374079062324,0,Low
2022-05-15 04:00:00,0.0012207374079062324,0,Low
2022-05-15 05:00:00,0.0012207374079062324,0,Low
2022-05-15 06:00:00,0.0012207374079062324,0,Low
2022-05-15 07:00:00,0.0012207374079062324,0,Low
2022-05-15 08:00:00,0.001280127863866074,0,Low
2022-05-15 09:00:00,0.0014238307699718559,0,Low
2022-05-15 10:00:00,0.0010026337968392905,0,Low
2022-05-15 11:00:00,0.0009650753482899866,0,Low
2022-05-15 12:00:00,0.0010026337968392905,0,Low
2022-05-15 13:00:00,0.0010026337968392905,0,Low
2022-05-15 14:00:00,0.0009290151994814355,0,Low
2022-05-15 15:00:00,0.0009290151994814355,0,Low
2022-05-15 16:00:00,0.0011391348308544815,0,Low
2022-05-15 17:00:00,0.2158583895664057,0,Low
2022-05-15 18:00:00,0.9372317472578499,1,High
2022-05-15 19:00:00,0.999087796237297,1,High
2022-05-15 20:00:00,0.999087796237297,1,High
2022-05-15 21:00:00,0.9990271895363997,1,High
2022-05-15 22:00:00,0.5592093699264229,1,Medium
2022-05-15 23:00:00,0.5450340812869343,0,Medium
2022-05-16 00:00:00,0.0013016348038826294,0,Low
2022-05-16 01:00:00,0.0013016348038826294,0,Low
2022-05-16 02:00:00,0.0013016348038826294,0,Low
2022-05-16 03:00:00,0.0013016348038826294,0,Low
2022-05-16 04:00:00,0.0013016348038826294,0,Low
2022-05-16 05:00:00,0.0013016348038826294,0,Low
2022-05-16 06:00:00,0.0013016348038826294,0,Low
2022-05-16 07:00:00,0.0013016348038826294,0,Low
2022-05-16 08:00:00,0.0010026337968392905,0,Low
2022-05-16 09:00:00,0.0008898921131006174,0,Low
2022-05-16 10:00:00,0.0008898921131006174,0,Low
2022-05-16 11:00:00,0.0008898921131006174,0,Low
2022-05-16 12:00:00,0.0008898921131006174,0,Low
2022-05-16 13:00:00,0.0008245447650780578,0,Low
2022-05-16 14:00:00,0.0008245447650780578,0,Low
2022-05-16 15:00:00,0.0008245447650780578,0,Low
2022-05-16 16:00:00,0.0008245447650780578,0,Low
2022-05-16 17:00:00,0.614970453062496,1,Medium
2022-05-16 18:00:00,0.9989977196718551,1,High
2022-05-16 19:00:00,0.9989977196718551,1,High
2022-05-16 20:00:00,0.9989977196718551,1,High
2022-05-16 21:00:00,0.9989852478903896,1,High
2022-05-16 22:00:00,0.9108880859591385,1,High
2022-05-16 23:00:00,0.3616629318192348,0,Medium
2022-05-17 00:00:00,0.001305748226564303,0,Low
2022-05-17 01:00:00,0.0012207374079062324,0,Low
2022-05-17 02:00:00,0.0012207374079062324,0,Low
2022-05-17 03:00:00,0.0012207374079062324,0,Low
2022-05-17 04:00:00,0.0012207374079062324,0,Low
2022-05-17 05:00:00,0.0012207374079062324,0,Low
2022-05-17 06:00:00,0.0012207374079062324,0,Low
2022-05-17 07:00:00,0.0009561051200384216,0,Low
2022-05-17 08:00:00,0.0008898921131006174,0,Low
2022-05-17 09:00:00,0.0008898921131006174,0,Low
2022-05-17 10:00:00,0.0008898921131006174,0,Low
2022-05-17 11:00:00,0.0008898921131006174,0,Low
2022-05-17 12:00:00,0.0008898921131006174,0,Low
2022-05-17 13:00:00,0.0008245447650780578,0,Low
2022-05-17 14:00:00,0.0008245447650780578,0,Low
2022-05-17 15:00:00,0.0008245447650780578,0,Low
2022-05-17 16:00:00,0.0008245447650780578,0,Low
2022-05-17 17:00:00,0.7884776772098071,1,High
2022-05-17 18:00:00,0.977060673863745,1,High
2022-05-17 19:00:00,0.99876119193407,1,High
2022-05-17 20:00:00,0.9985154292523628,1,High
2022-05-17 21:00:00,0.9987457806369701,1,High
2022-05-17 22:00:00,0.9951918484980943,1,High
2022-05-17 23:00:00,0.9968659047992582,1,High
2022-05-18 00:00:00,0.0010551276830160546,0,Low
2022-05-18 01:00:00,0.001305748226564303,0,Low
2022-05-18 02:00:00,0.0012207374079062324,0,Low
2022-05-18 03:00:00,0.0012207374079062324,0,Low
2022-05-18 04:00:00,0.0012207374079062324,0,Low
2022-05-18 05:00:00,0.0012207374079062324,0,Low
2022-05-18 06:00:00,0.0012207374079062324,0,Low
2022-05-18 07:00:00,0.0009561051200384216,0,Low
2022-05-18 08:00:00,0.0010026337968392905,0,Low
2022-05-18 09:00:00,0.0010026337968392905,0,Low
2022-05-18 10:00:00,0.0010026337968392905,0,Low
2022-05-18 11:00:00,0.0008898921131006174,0,Low
2022-05-18 12:00:00,0.0008898921131006174,0,Low
2022-05-18 13:00:00,0.0008245447650780578,0,Low
2022-05-18 14:00:00,0.0008245447650780578,0,Low
2022-05-18 15:00:00,0.0008245447650780578,0,Low
2022-05-18 16:00:00,0.0008245447650780578,0,Low
2022-05-18 17:00:00,0.8761956486076786,1,High
2022-05-18 18:00:00,0.99876119193407,1,High
2022-05-18 19:00:00,0.9985154292523628,1,High
2022-05-18 20:00:00,0.99844169100515,1,High
2022-05-18 21:00:00,0.9979388586817175,1,High
2022-05-18 22:00:00,0.8601490069293801,1,High
2022-05-18 23:00:00,0.5675261145399922,1,Medium
2022-05-19 00:00:00,0.0010551276830160546,0,Low
2022-05-19 01:00:00,0.0012207374079062324,0,Low
2022-05-19 02:00:00,0.0012207374079062324,0,Low
2022-05-19 03:00:00,0.0012207374079062324,0,Low
2022-05-19 04:00:00,0.0012207374079062324,0,Low
2022-05-19 05:00:00,0.0013016348038826294,0,Low
2022-05-19 06:00:00,0.0013016348038826294,0,Low
2022-05-19 07:00:00,0.0009561051200384216,0,Low
2022-05-19 08:00:00,0.0008898921131006174,0,Low
2022-05-19 09:00:00,0.000779174777620689,0,Low
2022-05-19 10:00:00,0.0008898921131006174,0,Low
2022-05-19 11:00:00,0.0008898921131006174,0,Low
2022-05-19 12:00:00,0.0008898921131006174,0,Low
2022-05-19 13:00:00,0.0008756418141780472,0,Low
2022-05-19 14:00:00,0.0008756418141780472,0,Low
2022-05-19 15:00:00,0.0009739827401669856,0,Low
2022-05-19 16:00:00,0.0009898318654763295,0,Low
2022-05-19 17:00:00,0.9529990086774426,1,High
2022-05-19 18:00:00,0.9981755078723064,1,High
2022-05-19 19:00:00,0.9983426530704926,1,High
2022-05-19 20:00:00,0.9983426530704926,1,High
2022-05-19 21:00:00,0.9983597122260628,1,High
2022-05-19 22:00:00,0.7869549032718215,1,High
2022-05-19 23:00:00,0.6886383342105112,1,Medium
2022-05-20 00:00:00,0.0010551276830160546,0,Low
2022-05-20 01:00:00,0.0013016348038826294,0,Low
2022-05-20 02:00:00,0.0013016348038826294,0,Low
2022-05-20 03:00:00,0.0013016348038826294,0,Low
2022-05-20 04:00:00,0.0014787823144522393,0,Low
2022-05-20 05:00:00,0.0013016348038826294,0,Low
2022-05-20 06:00:00,0.0013016348038826294,0,Low
2022-05-20 07:00:00,0.0009561051200384216,0,Low
2022-05-20 08:00:00,0.0009561051200384216,0,Low
2022-05-20 09:00:00,0.0008898921131006174,0,Low
2022-05-20 10:00:00,0.0008898921131006174,0,Low
2022-05-20 11:00:00,0.0008898921131006174,0,Low
2022-05-20 12:00:00,0.0008898921131006174,0,Low
2022-05-20 13:00:00,0.0008245447650780578,0,Low
2022-05-20 14:00:00,0.0008898921131006174,0,Low
2022-05-20 15:00:00,0.0008245447650780578,0,Low
2022-05-20 16:00:00,0.0008245447650780578,0,Low
2022-05-20 17:00:00,0.9152451778630697,1,High
2022-05-20 18:00:00,0.9726943689180505,1,High
2022-05-20 19:00:00,0.9985565781962082,1,High
2022-05-20 20:00:00,0.9989108437006446,1,High
2022-05-20 21:00:00,0.9988184997046436,1,High
2022-05-20 22:00:00,0.8050569714401813,1,High
2022-05-20 23:00:00,0.0009561051200384216,0,Low
2022-05-21 00:00:00,0.0010551276830160546,0,Low
2022-05-21 01:00:00,0.0013016348038826294,0,Low
2022-05-21 02:00:00,0.0013016348038826294,0,Low
2022-05-21 03:00:00,0.0013016348038826294,0,Low
2022-05-21 04:00:00,0.0013016348038826294,0,Low
2022-05-21 05:00:00,0.0013016348038826294,0,Low
2022-05-21 06:00:00,0.0013016348038826294,0,Low
2022-05-21 07:00:00,0.0013016348038826294,0,Low
2022-05-21 08:00:00,0.6448038381700244,1,Medium
2022-05-21 09:00:00,0.5492917766819672,1,Medium
2022-05-21 10:00:00,0.9986013524961086,1,High
2022-05-21 11:00:00,0.9990014421126874,1,High
2022-05-21 12:00:00,0.9980314453951371,1,High
2022-05-21 13:00:00,0.9986880523584766,1,High
2022-05-21 14:00:00,0.9990680457327775,1,High
2022-05-21 15:00:00,0.9990680457327775,1,High
2022-05-21 16:00:00,0.9990014421126874,1,High
2022-05-21 17:00:00,0.9990680457327775,1,High
2022-05-21 18:00:00,0.9988221642215336,1,High
2022-05-21 19:00:00,0.9988725016410959,1,High
2022-05-21 20:00:00,0.9988221642215336,1,High
2022-05-21 21:00:00,0.9988584735012243,1,High
2022-05-21 22:00:00,0.7785665208894043,1,High
2022-05-21 23:00:00,0.37059023920009254,0,Medium
2022-05-22 00:00:00,0.0009367635405042545,0,Low
2022-05-22 01:00:00,0.0011260934112251758,0,Low
2022-05-22 02:00:00,0.0011285688763323692,0,Low
2022-05-22 03:00:00,0.0010580107140916572,0,Low
2022-05-22 04:00:00,0.0011260934112251758,0,Low
2022-05-22 05:00:00,0.0011260934112251758,0,Low
2022-05-22 06:00:00,0.0011260934112251758,0,Low
2022-05-22 07:00:00,0.0011260934112251758,0,Low
2022-05-22 08:00:00,0.5928288040535346,1,Medium
2022-05-22 09:00:00,0.8696830591967624,1,High
2022-05-22 10:00:00,0.9971888486582693,1,High
2022-05-22 11:00:00,0.9971888486582693,1,High
2022-05-22 12:00:00,0.9973088013581469,1,High
2022-05-22 13:00:00,0.9973309281017915,1,High
2022-05-22 14:00:00,0.9972119588829231,1,High
2022-05-22 15:00:00,0.9965353093104918,1,High
2022-05-22 16:00:00,0.9973309281017915,1,High
2022-05-22 17:00:00,0.9973309281017915,1,High
2022-05-22 18:00:00,0.9978788450840155,1,High
2022-05-22 19:00:00,0.9982835512860846,1,High
2022-05-22 20:00:00,0.9974584822139776,1,High
2022-05-22 21:00:00,0.9969042457999605,1,High
2022-05-22 22:00:00,0.6093800353825548,1,Medium
2022-05-22 23:00:00,0.0008726989564032939,0,Low
2022-05-23 00:00:00,0.0012788815695915867,0,Low
2022-05-23 01:00:00,0.0011764687490216708,0,Low
2022-05-23 02:00:00,0.0011285688763323692,0,Low
2022-05-23 03:00:00,0.0011285688763323692,0,Low
2022-05-23 04:00:00,0.0011561989292245911,0,Low
2022-05-23 05:00:00,0.0011561989292245911,0,Low
2022-05-23 06:00:00,0.0011561989292245911,0,Low
2022-05-23 07:00:00,0.0008488398818780855,0,Low
2022-05-23 08:00:00,0.0009734714401598921,0,Low
2022-05-23 09:00:00,0.0015789294900210298,0,Low
2022-05-23 10:00:00,0.001570042273879125,0,Low
2022-05-23 11:00:00,0.0015029682636233921,0,Low
2022-05-23 12:00:00,0.0016493878749712556,0,Low
2022-05-23 13:00:00,0.0015789294900210298,0,Low
2022-05-23 14:00:00,0.0016493878749712556,0,Low
2022-05-23 15:00:00,0.0015789294900210298,0,Low
2022-05-23 16:00:00,0.0016493878749712556,0,Low
2022-05-23 17:00:00,0.3769452161507325,0,Medium
2022-05-23 18:00:00,0.9612710161970222,1,High
2022-05-23 19:00:00,0.999087796237297,1,High
2022-05-23 20:00:00,0.999087796237297,1,High
2022-05-23 21:00:00,0.999048991781754,1,High
2022-05-23 22:00:00,0.9287582009572728,1,High
2022-05-23 23:00:00,0.5655009645418765,1,Medium
2022-05-24 00:00:00,0.001305748226564303,0,Low
2022-05-24 01:00:00,0.0012207374079062324,0,Low
2022-05-24 02:00:00,0.0012207374079062324,0,Low
2022-05-24 03:00:00,0.0012207374079062324,0,Low
2022-05-24 04:00:00,0.0012207374079062324,0,Low
2022-05-24 05:00:00,0.0012207374079062324,0,Low
2022-05-24 06:00:00,0.0012207374079062324,0,Low
2022-05-24 07:00:00,0.0009561051200384216,0,Low
2022-05-24 08:00:00,0.0010026337968392905,0,Low
2022-05-24 09:00:00,0.0010026337968392905,0,Low
2022-05-24 10:00:00,0.0010026337968392905,0,Low
2022-05-24 11:00:00,0.0010026337968392905,0,Low
2022-05-24 12:00:00,0.0010026337968392905,0,Low
2022-05-24 13:00:00,0.0010026337968392905,0,Low
2022-05-24 14:00:00,0.0010026337968392905,0,Low
2022-05-24 15:00:00,0.0010026337968392905,0,Low
2022-05-24 16:00:00,0.0010026337968392905,0,Low
2022-05-24 17:00:00,0.1406419393263467,0,Low
2022-05-24 18:00:00,0.9428589879051084,1,High
2022-05-24 19:00:00,0.9989314041564911,1,High
2022-05-24 20:00:00,0.998706795322997,1,High
2022-05-24 21:00:00,0.9962857273917807,1,High
2022-05-24 22:00:00,0.7454892175729557,1,High
2022-05-24 23:00:00,0.5666801589217803,1,Medium
2022-05-25 00:00:00,0.0009367635405042545,0,Low
2022-05-25 01:00:00,0.0012207374079062324,0,Low
2022-05-25 02:00:00,0.0012207374079062324,0,Low
2022-05-25 03:00:00,0.0012207374079062324,0,Low
2022-05-25 04:00:00,0.0012207374079062324,0,Low
2022-05-25 05:00:00,0.0012207374079062324,0,Low
2022-05-25 06:00:00,0.0012207374079062324,0,Low
2022-05-25 07:00:00,0.0008488398818780855,0,Low
2022-05-25 08:00:00,0.0008901531670153091,0,Low
2022-05-25 09:00:00,0.0008901531670153091,0,Low
2022-05-25 10:00:00,0.0007900494242280763,0,Low
2022-05-25 11:00:00,0.0007900494242280763,0,Low
2022-05-25 12:00:00,0.0007900494242280763,0,Low
2022-05-25 13:00:00,0.0008898921131006174,0,Low
2022-05-25 14:00:00,0.0010026337968392905,0,Low
2022-05-25 15:00:00,0.0010026337968392905,0,Low
2022-05-25 16:00:00,0.0010026337968392905,0,Low
2022-05-25 17:00:00,0.35708321626275047,0,Medium
2022-05-25 18:00:00,0.954754168604226,1,High
2022-05-25 19:00:00,0.9989314041564911,1,High
2022-05-25 20:00:00,0.9988221642215336,1,High
2022-05-25 21:00:00,0.9958513622890011,1,High
2022-05-25 22:00:00,0.922602141774551,1,High
2022-05-25 23:00:00,0.6017872816563776,1,Medium
2022-05-26 00:00:00,0.0009373009027975244,0,Low
2022-05-26 01:00:00,0.0012207374079062324,0,Low
2022-05-26 02:00:00,0.0012011865120700384,0,Low
2022-05-26 03:00:00,0.0012011865120700384,0,Low
2022-05-26 04:00:00,0.0012011865120700384,0,Low
2022-05-26 05:00:00,0.0012011865120700384,0,Low
2022-05-26 06:00:00,0.0012011865120700384,0,Low
2022-05-26 07:00:00,0.0008488398818780855,0,Low
2022-05-26 08:00:00,0.000927943357256182,0,Low
2022-05-26 09:00:00,0.000927943357256182,0,Low
2022-05-26 10:00:00,0.000927943357256182,0,Low
2022-05-26 11:00:00,0.000927943357256182,0,Low
2022-05-26 12:00:00,0.0008901531670153091,0,Low
2022-05-26 13:00:00,0.0010026337968392905,0,Low
2022-05-26 14:00:00,0.0009290151994814355,0,Low
2022-05-26 15:00:00,0.0009290151994814355,0,Low
2022-05-26 16:00:00,0.0009290151994814355,0,Low
2022-05-26 17:00:00,0.2681506811964414,0,Low
2022-05-26 18:00:00,0.9599764738813437,1,High
2022-05-26 19:00:00,0.9989314041564911,1,High
2022-05-26 20:00:00,0.9988123851811149,1,High
2022-05-26 21:00:00,0.9986587914583553,1,High
2022-05-26 22:00:00,0.905205852783897,1,High
2022-05-26 23:00:00,0.511786851487242,0,Medium
2022-05-27 00:00:00,0.001159302118443558,0,Low
2022-05-27 01:00:00,0.0012011865120700384,0,Low
2022-05-27 02:00:00,0.0012018753747073503,0,Low
2022-05-27 03:00:00,0.0012011865120700384,0,Low
2022-05-27 04:00:00,0.0012011865120700384,0,Low
2022-05-27 05:00:00,0.0012011865120700384,0,Low
2022-05-27 06:00:00,0.0012011865120700384,0,Low
2022-05-27 07:00:00,0.0008488398818780855,0,Low
2022-05-27 08:00:00,0.0008901531670153091,0,Low
2022-05-27 09:00:00,0.0008901531670153091,0,Low
2022-05-27 10:00:00,0.0008901531670153091,0,Low
2022-05-27 11:00:00,0.0008901531670153091,0,Low
2022-05-27 12:00:00,0.0008901531670153091,0,Low
2022-05-27 13:00:00,0.0010026337968392905,0,Low
2022-05-27 14:00:00,0.0009290151994814355,0,Low
2022-05-27 15:00:00,0.0009290151994814355,0,Low
2022-05-27 16:00:00,0.0009290151994814355,0,Low
2022-05-27 17:00:00,0.22095730053097276,0,Low
2022-05-27 18:00:00,0.999087796237297,1,High
2022-05-27 19:00:00,0.999087796237297,1,High
2022-05-27 20:00:00,0.999087796237297,1,High
2022-05-27 21:00:00,0.998169516260077,1,High
2022-05-27 22:00:00,0.8831152197003458,1,High
2022-05-27 23:00:00,0.5041755449338654,0,Medium
2022-05-28 00:00:00,0.0010551276830160546,0,Low
2022-05-28 01:00:00,0.0012214374689807342,0,Low
2022-05-28 02:00:00,0.0012214374689807342,0,Low
2022-05-28 03:00:00,0.0012214374689807342,0,Low
2022-05-28 04:00:00,0.0012214374689807342,0,Low
2022-05-28 05:00:00,0.0013023811970098137,0,Low
2022-05-28 06:00:00,0.0013016348038826294,0,Low
2022-05-28 07:00:00,0.0013016348038826294,0,Low
2022-05-28 08:00:00,0.0012115218988348348,0,Low
2022-05-28 09:00:00,0.0008898921131006174,0,Low
2022-05-28 10:00:00,0.0008898921131006174,0,Low
2022-05-28 11:00:00,0.0008898921131006174,0,Low
2022-05-28 12:00:00,0.0008898921131006174,0,Low
2022-05-28 13:00:00,0.0008898921131006174,0,Low
2022-05-28 14:00:00,0.0008245447650780578,0,Low
2022-05-28 15:00:00,0.0008245447650780578,0,Low
2022-05-28 16:00:00,0.0008245447650780578,0,Low
2022-05-28 17:00:00,0.048500247754915696,0,Low
2022-05-28 18:00:00,0.7199872160261905,1,High
2022-05-28 19:00:00,0.9980766815002912,1,High
2022-05-28 20:00:00,0.9950768374289763,1,High
2022-05-28 21:00:00,0.9741944806720515,1,High
2022-05-28 22:00:00,0.6874483419732332,1,Medium
2022-05-28 23:00:00,0.837141281917885,1,High
2022-05-29 00:00:00,0.0013016348038826294,0,Low
2022-05-29 01:00:00,0.0013023811970098137,0,Low
2022-05-29 02:00:00,0.0013023811970098137,0,Low
2022-05-29 03:00:00,0.0013016348038826294,0,Low
2022-05-29 04:00:00,0.0013016348038826294,0,Low
2022-05-29 05:00:00,0.0013016348038826294,0,Low
2022-05-29 06:00:00,0.0013016348038826294,0,Low
2022-05-29 07:00:00,0.0012207374079062324,0,Low
2022-05-29 08:00:00,0.0011362187030328089,0,Low
2022-05-29 09:00:00,0.0011362187030328089,0,Low
2022-05-29 10:00:00,0.0007900494242280763,0,Low
2022-05-29 11:00:00,0.0007900494242280763,0,Low
2022-05-29 12:00:00,0.0007320284413914939,0,Low
2022-05-29 13:00:00,0.0007320284413914939,0,Low
2022-05-29 14:00:00,0.0007200519461682783,0,Low
2022-05-29 15:00:00,0.0007200519461682783,0,Low
2022-05-29 16:00:00,0.0007200519461682783,0,Low
2022-05-29 17:00:00,0.0007900494242280763,0,Low
2022-05-29 18:00:00,0.0008354611360528029,0,Low
2022-05-29 19:00:00,0.0008354611360528029,0,Low
2022-05-29 20:00:00,0.0008354611360528029,0,Low
2022-05-29 21:00:00,0.0008354611360528029,0,Low
2022-05-29 22:00:00,0.0008100070653472186,0,Low
2022-05-29 23:00:00,0.0009373009027975244,0,Low
2022-05-30 00:00:00,0.0013016348038826294,0,Low
2022-05-30 01:00:00,0.0012018753747073503,0,Low
2022-05-30 02:00:00,0.0012018753747073503,0,Low
2022-05-30 03:00:00,0.0012011865120700384,0,Low
2022-05-30 04:00:00,0.0012011865120700384,0,Low
2022-05-30 05:00:00,0.0012207374079062324,0,Low
2022-05-30 06:00:00,0.0012207374079062324,0,Low
2022-05-30 07:00:00,0.0012207374079062324,0,Low
2022-05-30 08:00:00,0.0008898921131006174,0,Low
2022-05-30 09:00:00,0.0008898921131006174,0,Low
2022-05-30 10:00:00,0.0008898921131006174,0,Low
2022-05-30 11:00:00,0.0008898921131006174,0,Low
2022-05-30 12:00:00,0.0008898921131006174,0,Low
2022-05-30 13:00:00,0.0008898921131006174,0,Low
2022-05-30 14:00:00,0.0007900494242280763,0,Low
2022-05-30 15:00:00,0.0008898921131006174,0,Low
2022-05-30 16:00:00,0.0008898921131006174,0,Low
2022-05-30 17:00:00,0.2511156684954661,0,Low
2022-05-30 18:00:00,0.9988096187056119,1,High
2022-05-30 19:00:00,0.9983327999633514,1,High
2022-05-30 20:00:00,0.9983327999633514,1,High
2022-05-30 21:00:00,0.9911677633141835,1,High
2022-05-30 22:00:00,0.927807511412793,1,High
2022-05-30 23:00:00,0.0011717502693697908,0,Low
2022-05-31 00:00:00,0.0011599669888987566,0,Low
2022-05-31 01:00:00,0.0012214374689807342,0,Low
2022-05-31 02:00:00,0.0012207374079062324,0,Low
2022-05-31 03:00:00,0.0012207374079062324,0,Low
2022-05-31 04:00:00,0.0012207374079062324,0,Low
2022-05-31 05:00:00,0.0012207374079062324,0,Low
2022-05-31 06:00:00,0.0012207374079062324,0,Low
2022-05-31 07:00:00,0.0008488398818780855,0,Low
2022-05-31 08:00:00,0.0008901531670153091,0,Low
2022-05-31 09:00:00,0.0008901531670153091,0,Low
2022-05-31 10:00:00,0.0008901531670153091,0,Low
2022-05-31 11:00:00,0.0009836001513459423,0,Low
2022-05-31 12:00:00,0.0009836001513459423,0,Low
2022-05-31 13:00:00,0.0008901531670153091,0,Low
2022-05-31 14:00:00,0.0008901531670153091,0,Low
2022-05-31 15:00:00,0.0008901531670153091,0,Low
2022-05-31 16:00:00,0.0008901531670153091,0,Low
2022-05-31 17:00:00,0.000994435159580436,0,Low
2022-05-31 18:00:00,0.0010388381208018722,0,Low
2022-05-31 19:00:00,0.000994435159580436,0,Low
2022-05-31 20:00:00,0.0009385430174448018,0,Low
2022-05-31 21:00:00,0.0009385430174448018,0,Low
2022-05-31 22:00:00,0.0012043950907028838,0,Low
2022-05-31 23:00:00,0.0011710786528866235,0,Low
2022-06-01 00:00:00,0.0009373009027975244,0,Low
2022-06-01 01:00:00,0.0009373009027975244,0,Low
2022-06-01 02:00:00,0.0012214374689807342,0,Low
2022-06-01 03:00:00,0.0012214374689807342,0,Low
2022-06-01 04:00:00,0.0010578661211730067,0,Low
2022-06-01 05:00:00,0.001191002484571016,0,Low
2022-06-01 06:00:00,0.001191002484571016,0,Low
2022-06-01 07:00:00,0.0007355507742355217,0,Low
2022-06-01 08:00:00,0.000771354502111846,0,Low
2022-06-01 09:00:00,0.000771354502111846,0,Low
2022-06-01 10:00:00,0.0009655811645543864,0,Low
2022-06-01 11:00:00,0.000849859144511384,0,Low
2022-06-01 12:00:00,0.000849859144511384,0,Low
2022-06-01 13:00:00,0.000849859144511384,0,Low
2022-06-01 14:00:00,0.0008180189157657751,0,Low
2022-06-01 15:00:00,0.000849859144511384,0,Low
2022-06-01 16:00:00,0.000771354502111846,0,Low
2022-06-01 17:00:00,0.000771354502111846,0,Low
2022-06-01 18:00:00,0.0012476162882313444,0,Low
2022-06-01 19:00:00,0.0012476162882313444,0,Low
2022-06-01 20:00:00,0.0012476162882313444,0,Low
2022-06-01 21:00:00,0.001175907054687113,0,Low
2022-06-01 22:00:00,0.001198657565871645,0,Low
2022-06-01 23:00:00,0.0010148261257199795,0,Low
2022-06-02 00:00:00,0.0008117493708066068,0,Low
2022-06-02 01:00:00,0.0008117493708066068,0,Low
2022-06-02 02:00:00,0.0012018753747073503,0,Low
2022-06-02 03:00:00,0.0012018753747073503,0,Low
2022-06-02 04:00:00,0.001040920995346312,0,Low
2022-06-02 05:00:00,0.001040920995346312,0,Low
2022-06-02 06:00:00,0.001040920995346312,0,Low
2022-06-02 07:00:00,0.0007355507742355217,0,Low
2022-06-02 08:00:00,0.000771354502111846,0,Low
2022-06-02 09:00:00,0.000771354502111846,0,Low
2022-06-02 10:00:00,0.000849859144511384,0,Low
2022-06-02 11:00:00,0.000849859144511384,0,Low
2022-06-02 12:00:00,0.000849859144511384,0,Low
2022-06-02 13:00:00,0.000849859144511384,0,Low
2022-06-02 14:00:00,0.000849859144511384,0,Low
2022-06-02 15:00:00,0.000849859144511384,0,Low
2022-06-02 16:00:00,0.000771354502111846,0,Low
2022-06-02 17:00:00,0.000771354502111846,0,Low
2022-06-02 18:00:00,0.00125588678267612,0,Low
2022-06-02 19:00:00,0.0012476162882313444,0,Low
2022-06-02 20:00:00,0.001175907054687113,0,Low
2022-06-02 21:00:00,0.001175907054687113,0,Low
2022-06-02 22:00:00,0.001175907054687113,0,Low
2022-06-02 23:00:00,0.0010148261257199795,0,Low
2022-06-03 00:00:00,0.0009373009027975244,0,Low
2022-06-03 01:00:00,0.0011599669888987566,0,Low
2022-06-03 02:00:00,0.0012214374689807342,0,Low
2022-06-03 03:00:00,0.0012214374689807342,0,Low
2022-06-03 04:00:00,0.0010578661211730067,0,Low
2022-06-03 05:00:00,0.0010578661211730067,0,Low
2022-06-03 06:00:00,0.0010578661211730067,0,Low
2022-06-03 07:00:00,0.0008285118936150412,0,Low
2022-06-03 08:00:00,0.0008688366699528055,0,Low
2022-06-03 09:00:00,0.0008688366699528055,0,Low
2022-06-03 10:00:00,0.0009572530602994603,0,Low
2022-06-03 11:00:00,0.0009572530602994603,0,Low
2022-06-03 12:00:00,0.0009572530602994603,0,Low
2022-06-03 13:00:00,0.0008496098975168591,0,Low
2022-06-03 14:00:00,0.0008496098975168591,0,Low
2022-06-03 15:00:00,0.0008496098975168591,0,Low
2022-06-03 16:00:00,0.000771128261217525,0,Low
2022-06-03 17:00:00,0.000771128261217525,0,Low
2022-06-03 18:00:00,0.000771128261217525,0,Low
2022-06-03 19:00:00,0.000771128261217525,0,Low
2022-06-03 20:00:00,0.000771128261217525,0,Low
2022-06-03 21:00:00,0.000771128261217525,0,Low
2022-06-03 22:00:00,0.000771128261217525,0,Low
2022-06-03 23:00:00,0.0009566535667546488,0,Low
2022-06-04 00:00:00,0.0010557328716198791,0,Low
2022-06-04 01:00:00,0.0010578661211730067,0,Low
2022-06-04 02:00:00,0.0010578661211730067,0,Low
2022-06-04 03:00:00,0.0012214374689807342,0,Low
2022-06-04 04:00:00,0.0012214374689807342,0,Low
2022-06-04 05:00:00,0.0012214374689807342,0,Low
2022-06-04 06:00:00,0.001191002484571016,0,Low
2022-06-04 07:00:00,0.001191002484571016,0,Low
2022-06-04 08:00:00,0.001108540215301726,0,Low
2022-06-04 09:00:00,0.0007707971737709298,0,Low
2022-06-04 10:00:00,0.0008496098975168591,0,Low
2022-06-04 11:00:00,0.0008496098975168591,0,Low
2022-06-04 12:00:00,0.0008496098975168591,0,Low
2022-06-04 13:00:00,0.0009572530602994603,0,Low
2022-06-04 14:00:00,0.0009572530602994603,0,Low
2022-06-04 15:00:00,0.0009572530602994603,0,Low
2022-06-04 16:00:00,0.0008688366699528055,0,Low
2022-06-04 17:00:00,0.0008688366699528055,0,Low
2022-06-04 18:00:00,0.0008763962261587044,0,Low
2022-06-04 19:00:00,0.000771354502111846,0,Low
2022-06-04 20:00:00,0.000771354502111846,0,Low
2022-06-04 21:00:00,0.000771354502111846,0,Low
2022-06-04 22:00:00,0.000771354502111846,0,Low
2022-06-04 23:00:00,0.0007355507742355217,0,Low
2022-06-05 00:00:00,0.0008117493708066068,0,Low
2022-06-05 01:00:00,0.0009758372280438123,0,Low
2022-06-05 02:00:00,0.001040920995346312,0,Low
2022-06-05 03:00:00,0.001040920995346312,0,Low
2022-06-05 04:00:00,0.0011719272539016574,0,Low
2022-06-05 05:00:00,0.001191002484571016,0,Low
2022-06-05 06:00:00,0.0012699318738941035,0,Low
2022-06-05 07:00:00,0.0012495940827349334,0,Low
2022-06-05 08:00:00,0.0012284751786923985,0,Low
2022-06-05 09:00:00,0.001310386611380154,0,Low
2022-06-05 10:00:00,0.000849859144511384,0,Low
2022-06-05 11:00:00,0.000849859144511384,0,Low
2022-06-05 12:00:00,0.000849859144511384,0,Low
2022-06-05 13:00:00,0.000849859144511384,0,Low
2022-06-05 14:00:00,0.000849859144511384,0,Low
2022-06-05 15:00:00,0.000849859144511384,0,Low
2022-06-05 16:00:00,0.000771354502111846,0,Low
2022-06-05 17:00:00,0.000771354502111846,0,Low
2022-06-05 18:00:00,0.000771354502111846,0,Low
2022-06-05 19:00:00,0.000771354502111846,0,Low
2022-06-05 20:00:00,0.000771354502111846,0,Low
2022-06-05 21:00:00,0.000771354502111846,0,Low
2022-06-05 22:00:00,0.000771354502111846,0,Low
2022-06-05 23:00:00,0.0007355507742355217,0,Low
2022-06-06 00:00:00,0.0011310619513851055,0,Low
2022-06-06 01:00:00,0.001191002484571016,0,Low
2022-06-06 02:00:00,0.0011719272539016574,0,Low
2022-06-06 03:00:00,0.0012495940827349334,0,Low
2022-06-06 04:00:00,0.0012699318738941035,0,Low
2022-06-06 05:00:00,0.0011279823429303877,0,Low
2022-06-06 06:00:00,0.0011279823429303877,0,Low
2022-06-06 07:00:00,0.0011279823429303877,0,Low
2022-06-06 08:00:00,0.0006846013182757424,0,Low
2022-06-06 09:00:00,0.0007707971737709298,0,Low
2022-06-06 10:00:00,0.0008496098975168591,0,Low
2022-06-06 11:00:00,0.0008496098975168591,0,Low
2022-06-06 12:00:00,0.0008496098975168591,0,Low
2022-06-06 13:00:00,0.0008496098975168591,0,Low
2022-06-06 14:00:00,0.0008496098975168591,0,Low
2022-06-06 15:00:00,0.0008496098975168591,0,Low
2022-06-06 16:00:00,0.0008682089688210562,0,Low
2022-06-06 17:00:00,0.0006846013182757424,0,Low
2022-06-06 18:00:00,0.0008577416339419449,0,Low
2022-06-06 19:00:00,0.0008577416339419449,0,Low
2022-06-06 20:00:00,0.000771128261217525,0,Low
2022-06-06 21:00:00,0.000771128261217525,0,Low
2022-06-06 22:00:00,0.000771128261217525,0,Low
2022-06-06 23:00:00,0.0009143318863380876,0,Low
2022-06-07 00:00:00,0.001004619308633416,0,Low
2022-06-07 01:00:00,0.0010578661211730067,0,Low
2022-06-07 02:00:00,0.0010578661211730067,0,Low
2022-06-07 03:00:00,0.001191002484571016,0,Low
2022-06-07 04:00:00,0.001191002484571016,0,Low
2022-06-07 05:00:00,0.001191002484571016,0,Low
2022-06-07 06:00:00,0.001191002484571016,0,Low
2022-06-07 07:00:00,0.0008281561886631627,0,Low
2022-06-07 08:00:00,0.0008682089688210562,0,Low
2022-06-07 09:00:00,0.0008682089688210562,0,Low
2022-06-07 10:00:00,0.0008496098975168591,0,Low
2022-06-07 11:00:00,0.0008496098975168591,0,Low
2022-06-07 12:00:00,0.0009572530602994603,0,Low
2022-06-07 13:00:00,0.0009572530602994603,0,Low
2022-06-07 14:00:00,0.0009572530602994603,0,Low
2022-06-07 15:00:00,0.0009572530602994603,0,Low
2022-06-07 16:00:00,0.0008688366699528055,0,Low
2022-06-07 17:00:00,0.0008688366699528055,0,Low
2022-06-07 18:00:00,0.0009664140681392901,0,Low
2022-06-07 19:00:00,0.0008688366699528055,0,Low
2022-06-07 20:00:00,0.0008688366699528055,0,Low
2022-06-07 21:00:00,0.0008688366699528055,0,Low
2022-06-07 22:00:00,0.000987140232918176,0,Low
2022-06-07 23:00:00,0.0007355507742355217,0,Low
2022-06-08 00:00:00,0.001004619308633416,0,Low
2022-06-08 01:00:00,0.0010578661211730067,0,Low
2022-06-08 02:00:00,0.0010578661211730067,0,Low
2022-06-08 03:00:00,0.001191002484571016,0,Low
2022-06-08 04:00:00,0.001191002484571016,0,Low
2022-06-08 05:00:00,0.001191002484571016,0,Low
2022-06-08 06:00:00,0.001191002484571016,0,Low
2022-06-08 07:00:00,0.0008281561886631627,0,Low
2022-06-08 08:00:00,0.0008684636674154535,0,Low
2022-06-08 09:00:00,0.0008684636674154535,0,Low
2022-06-08 10:00:00,0.000849859144511384,0,Low
2022-06-08 11:00:00,0.000849859144511384,0,Low
2022-06-08 12:00:00,0.000849859144511384,0,Low
2022-06-08 13:00:00,0.000849859144511384,0,Low
2022-06-08 14:00:00,0.000849859144511384,0,Low
2022-06-08 15:00:00,0.000849859144511384,0,Low
2022-06-08 16:00:00,0.0008684636674154535,0,Low
2022-06-08 17:00:00,0.000771354502111846,0,Low
2022-06-08 18:00:00,0.0008579932644661362,0,Low
2022-06-08 19:00:00,0.0008523408147268974,0,Low
2022-06-08 20:00:00,0.0008523408147268974,0,Low
2022-06-08 21:00:00,0.0008523408147268974,0,Low
2022-06-08 22:00:00,0.000771354502111846,0,Low
2022-06-08 23:00:00,0.0007355507742355217,0,Low
2022-06-09 00:00:00,0.001004619308633416,0,Low
2022-06-09 01:00:00,0.0010578661211730067,0,Low
2022-06-09 02:00:00,0.001191002484571016,0,Low
2022-06-09 03:00:00,0.001191002484571016,0,Low
2022-06-09 04:00:00,0.001191002484571016,0,Low
2022-06-09 05:00:00,0.001191002484571016,0,Low
2022-06-09 06:00:00,0.001191002484571016,0,Low
2022-06-09 07:00:00,0.0008281561886631627,0,Low
2022-06-09 08:00:00,0.0008684636674154535,0,Low
2022-06-09 09:00:00,0.0008684636674154535,0,Low
2022-06-09 10:00:00,0.000849859144511384,0,Low
2022-06-09 11:00:00,0.000849859144511384,0,Low
2022-06-09 12:00:00,0.0009655811645543864,0,Low
2022-06-09 13:00:00,0.000849859144511384,0,Low
2022-06-09 14:00:00,0.000849859144511384,0,Low
2022-06-09 15:00:00,0.000849859144511384,0,Low
2022-06-09 16:00:00,0.000771354502111846,0,Low
2022-06-09 17:00:00,0.000771354502111846,0,Low
2022-06-09 18:00:00,0.000771354502111846,0,Low
2022-06-09 19:00:00,0.0008523408147268974,0,Low
2022-06-09 20:00:00,0.0008523408147268974,0,Low
2022-06-09 21:00:00,0.0008523408147268974,0,Low
2022-06-09 22:00:00,0.000771354502111846,0,Low
2022-06-09 23:00:00,0.0007355507742355217,0,Low
2022-06-10 00:00:00,0.001004619308633416,0,Low
2022-06-10 01:00:00,0.001040920995346312,0,Low
2022-06-10 02:00:00,0.001040920995346312,0,Low
2022-06-10 03:00:00,0.001040920995346312,0,Low
2022-06-10 04:00:00,0.0011719272539016574,0,Low
2022-06-10 05:00:00,0.001191002484571016,0,Low
2022-06-10 06:00:00,0.001191002484571016,0,Low
2022-06-10 07:00:00,0.0008281561886631627,0,Low
2022-06-10 08:00:00,0.0008684636674154535,0,Low
2022-06-10 09:00:00,0.000771354502111846,0,Low
2022-06-10 10:00:00,0.000849859144511384,0,Low
2022-06-10 11:00:00,0.000849859144511384,0,Low
2022-06-10 12:00:00,0.0007542833160644231,0,Low
2022-06-10 13:00:00,0.0007542833160644231,0,Low
2022-06-10 14:00:00,0.0007542833160644231,0,Low
2022-06-10 15:00:00,0.0007542833160644231,0,Low
2022-06-10 16:00:00,0.0006846013182757424,0,Low
2022-06-10 17:00:00,0.0006846013182757424,0,Low
2022-06-10 18:00:00,0.000771354502111846,0,Low
2022-06-10 19:00:00,0.000771354502111846,0,Low
2022-06-10 20:00:00,0.0008523408147268974,0,Low
2022-06-10 21:00:00,0.0008763962261587044,0,Low
2022-06-10 22:00:00,0.000771354502111846,0,Low
2022-06-10 23:00:00,0.0007355507742355217,0,Low
2022-06-11 00:00:00,0.0008117493708066068,0,Low
2022-06-11 01:00:00,0.0010578661211730067,0,Low
2022-06-11 02:00:00,0.0010578661211730067,0,Low
2022-06-11 03:00:00,0.0010578661211730067,0,Low
2022-06-11 04:00:00,0.0010578661211730067,0,Low
2022-06-11 05:00:00,0.0010578661211730067,0,Low
2022-06-11 06:00:00,0.0010578661211730067,0,Low
2022-06-11 07:00:00,0.001191002484571016,0,Low
2022-06-11 08:00:00,0.0012489481069885055,0,Low
2022-06-11 09:00:00,0.0009782062740990324,0,Low
2022-06-11 10:00:00,0.0009572530602994603,0,Low
2022-06-11 11:00:00,0.0008496098975168591,0,Low
2022-06-11 12:00:00,0.0008496098975168591,0,Low
2022-06-11 13:00:00,0.0008496098975168591,0,Low
2022-06-11 14:00:00,0.0008496098975168591,0,Low
2022-06-11 15:00:00,0.0008496098975168591,0,Low
2022-06-11 16:00:00,0.000771128261217525,0,Low
2022-06-11 17:00:00,0.000771128261217525,0,Low
2022-06-11 18:00:00,0.000771128261217525,0,Low
2022-06-11 19:00:00,0.000771128261217525,0,Low
2022-06-11 20:00:00,0.000771128261217525,0,Low
2022-06-11 21:00:00,0.000771128261217525,0,Low
2022-06-11 22:00:00,0.000771128261217525,0,Low
2022-06-11 23:00:00,0.0008285118936150412,0,Low
2022-06-12 00:00:00,0.0009143318863380876,0,Low
2022-06-12 01:00:00,0.0011279823429303877,0,Low
2022-06-12 02:00:00,0.0010578661211730067,0,Low
2022-06-12 03:00:00,0.0010578661211730067,0,Low
2022-06-12 04:00:00,0.0012699318738941035,0,Low
2022-06-12 05:00:00,0.0012699318738941035,0,Low
2022-06-12 06:00:00,0.0012699318738941035,0,Low
2022-06-12 07:00:00,0.0012699318738941035,0,Low
2022-06-12 08:00:00,0.0011820111827373718,0,Low
2022-06-12 09:00:00,0.0011820111827373718,0,Low
2022-06-12 10:00:00,0.0008496098975168591,0,Low
2022-06-12 11:00:00,0.0008496098975168591,0,Low
2022-06-12 12:00:00,0.0008496098975168591,0,Low
2022-06-12 13:00:00,0.0008496098975168591,0,Low
2022-06-12 14:00:00,0.0008496098975168591,0,Low
2022-06-12 15:00:00,0.0008496098975168591,0,Low
2022-06-12 16:00:00,0.000771128261217525,0,Low
2022-06-12 17:00:00,0.000771128261217525,0,Low
2022-06-12 18:00:00,0.0008577416339419449,0,Low
2022-06-12 19:00:00,0.000771128261217525,0,Low
2022-06-12 20:00:00,0.000771128261217525,0,Low
2022-06-12 21:00:00,0.000771128261217525,0,Low
2022-06-12 22:00:00,0.000771128261217525,0,Low
2022-06-12 23:00:00,0.0009143318863380876,0,Low
2022-06-13 00:00:00,0.001131547611364172,0,Low
2022-06-13 01:00:00,0.0010597855636807153,0,Low
2022-06-13 02:00:00,0.0010597855636807153,0,Low
2022-06-13 03:00:00,0.0011237919806885107,0,Low
2022-06-13 04:00:00,0.0012699318738941035,0,Low
2022-06-13 05:00:00,0.0012699318738941035,0,Low
2022-06-13 06:00:00,0.0012699318738941035,0,Low
2022-06-13 07:00:00,0.0014124918307645091,0,Low
2022-06-13 08:00:00,0.0006846013182757424,0,Low
2022-06-13 09:00:00,0.000771128261217525,0,Low
2022-06-13 10:00:00,0.0008496098975168591,0,Low
2022-06-13 11:00:00,0.0008496098975168591,0,Low
2022-06-13 12:00:00,0.0008496098975168591,0,Low
2022-06-13 13:00:00,0.0008496098975168591,0,Low
2022-06-13 14:00:00,0.0008496098975168591,0,Low
2022-06-13 15:00:00,0.0008496098975168591,0,Low
2022-06-13 16:00:00,0.000771128261217525,0,Low
2022-06-13 17:00:00,0.000771128261217525,0,Low
2022-06-13 18:00:00,0.001107357954825039,0,Low
2022-06-13 19:00:00,0.001107357954825039,0,Low
2022-06-13 20:00:00,0.001107357954825039,0,Low
2022-06-13 21:00:00,0.001128783731528518,0,Low
2022-06-13 22:00:00,0.0010021651485130933,0,Low
2022-06-13 23:00:00,0.0010767229016799271,0,Low
2022-06-14 00:00:00,0.001131547611364172,0,Low
2022-06-14 01:00:00,0.0011279823429303877,0,Low
2022-06-14 02:00:00,0.0011279823429303877,0,Low
2022-06-14 03:00:00,0.0011279823429303877,0,Low
2022-06-14 04:00:00,0.0011279823429303877,0,Low
2022-06-14 05:00:00,0.0011279823429303877,0,Low
2022-06-14 06:00:00,0.0011279823429303877,0,Low
2022-06-14 07:00:00,0.0008285118936150412,0,Low
2022-06-14 08:00:00,0.0008285118936150412,0,Low
2022-06-14 09:00:00,0.000771128261217525,0,Low
2022-06-14 10:00:00,0.0008496098975168591,0,Low
2022-06-14 11:00:00,0.0008496098975168591,0,Low
2022-06-14 12:00:00,0.0008496098975168591,0,Low
2022-06-14 13:00:00,0.0008496098975168591,0,Low
2022-06-14 14:00:00,0.0008496098975168591,0,Low
2022-06-14 15:00:00,0.0008496098975168591,0,Low
2022-06-14 16:00:00,0.000771128261217525,0,Low
2022-06-14 17:00:00,0.000771128261217525,0,Low
2022-06-14 18:00:00,0.001128783731528518,0,Low
2022-06-14 19:00:00,0.0010638973604546564,0,Low
2022-06-14 20:00:00,0.0010638973604546564,0,Low
2022-06-14 21:00:00,0.0010638973604546564,0,Low
2022-06-14 22:00:00,0.0010638973604546564,0,Low
2022-06-14 23:00:00,0.0010148261257199795,0,Low
2022-06-15 00:00:00,0.0009143318863380876,0,Low
2022-06-15 01:00:00,0.001131547611364172,0,Low
2022-06-15 02:00:00,0.0011279823429303877,0,Low
2022-06-15 03:00:00,0.0011279823429303877,0,Low
2022-06-15 04:00:00,0.0010578661211730067,0,Low
2022-06-15 05:00:00,0.0010578661211730067,0,Low
2022-06-15 06:00:00,0.0010578661211730067,0,Low
2022-06-15 07:00:00,0.0007355507742355217,0,Low
2022-06-15 08:00:00,0.0006846013182757424,0,Low
2022-06-15 09:00:00,0.0006846013182757424,0,Low
2022-06-15 10:00:00,0.0006846013182757424,0,Low
2022-06-15 11:00:00,0.0007564861070015272,0,Low
2022-06-15 12:00:00,0.0008334787799773392,0,Low
2022-06-15 13:00:00,0.0008334787799773392,0,Low
2022-06-15 14:00:00,0.0008334787799773392,0,Low
2022-06-15 15:00:00,0.0007564861070015272,0,Low
2022-06-15 16:00:00,0.0007564861070015272,0,Low
2022-06-15 17:00:00,0.0009146594762088394,0,Low
2022-06-15 18:00:00,0.0012618532940584582,0,Low
2022-06-15 19:00:00,0.0012618532940584582,0,Low
2022-06-15 20:00:00,0.0012618532940584582,0,Low
2022-06-15 21:00:00,0.0012618532940584582,0,Low
2022-06-15 22:00:00,0.0012618532940584582,0,Low
2022-06-15 23:00:00,0.0012038875066479535,0,Low
2022-06-16 00:00:00,0.0009630141684114043,0,Low
2022-06-16 01:00:00,0.0011917814353446165,0,Low
2022-06-16 02:00:00,0.0012549357497519949,0,Low
2022-06-16 03:00:00,0.0012549357497519949,0,Low
2022-06-16 04:00:00,0.0012549357497519949,0,Low
2022-06-16 05:00:00,0.0012549357497519949,0,Low
2022-06-16 06:00:00,0.0012549357497519949,0,Low
2022-06-16 07:00:00,0.0012549357497519949,0,Low
2022-06-16 08:00:00,0.0011680520650890335,0,Low
2022-06-16 09:00:00,0.0008121920712523137,0,Low
2022-06-16 10:00:00,0.0008121920712523137,0,Low
2022-06-16 11:00:00,0.0008948492371758856,0,Low
2022-06-16 12:00:00,0.0008948492371758856,0,Low
2022-06-16 13:00:00,0.0007542833160644231,0,Low
2022-06-16 14:00:00,0.0007542833160644231,0,Low
2022-06-16 15:00:00,0.0006846013182757424,0,Low
2022-06-16 16:00:00,0.0006846013182757424,0,Low
2022-06-16 17:00:00,0.000771354502111846,0,Low
2022-06-16 18:00:00,0.0008523408147268974,0,Low
2022-06-16 19:00:00,0.0008523408147268974,0,Low
2022-06-16 20:00:00,0.0008523408147268974,0,Low
2022-06-16 21:00:00,0.0007564861070015272,0,Low
2022-06-16 22:00:00,0.0006846013182757424,0,Low
2022-06-16 23:00:00,0.0007355507742355217,0,Low
2022-06-17 00:00:00,0.0007355507742355217,0,Low
2022-06-17 01:00:00,0.0008117493708066068,0,Low
2022-06-17 02:00:00,0.0010578661211730067,0,Low
2022-06-17 03:00:00,0.0011279823429303877,0,Low
2022-06-17 04:00:00,0.0011279823429303877,0,Low
2022-06-17 05:00:00,0.0011279823429303877,0,Low
2022-06-17 06:00:00,0.0011279823429303877,0,Low
2022-06-17 07:00:00,0.0011279823429303877,0,Low
2022-06-17 08:00:00,0.0006846013182757424,0,Low
2022-06-17 09:00:00,0.0006667490577004358,0,Low
2022-06-17 10:00:00,0.0006604268110301264,0,Low
2022-06-17 11:00:00,0.0008334787799773392,0,Low
2022-06-17 12:00:00,0.0008334787799773392,0,Low
2022-06-17 13:00:00,0.0008334787799773392,0,Low
2022-06-17 14:00:00,0.0008334787799773392,0,Low
2022-06-17 15:00:00,0.0008334787799773392,0,Low
2022-06-17 16:00:00,0.0007564861070015272,0,Low
2022-06-17 17:00:00,0.0008414562532218525,0,Low
2022-06-17 18:00:00,0.0008414562532218525,0,Low
2022-06-17 19:00:00,0.0007564861070015272,0,Low
2022-06-17 20:00:00,0.0007564861070015272,0,Low
2022-06-17 21:00:00,0.0007564861070015272,0,Low
2022-06-17 22:00:00,0.0006846013182757424,0,Low
2022-06-17 23:00:00,0.0007355507742355217,0,Low
2022-06-18 00:00:00,0.0008117493708066068,0,Low
2022-06-18 01:00:00,0.001004619308633416,0,Low
2022-06-18 02:00:00,0.0011279823429303877,0,Low
2022-06-18 03:00:00,0.0011279823429303877,0,Low
2022-06-18 04:00:00,0.0011279823429303877,0,Low
2022-06-18 05:00:00,0.0011279823429303877,0,Low
2022-06-18 06:00:00,0.0011279823429303877,0,Low
2022-06-18 07:00:00,0.0011279823429303877,0,Low
2022-06-18 08:00:00,0.001049878856667205,0,Low
2022-06-18 09:00:00,0.0007615033636780359,0,Low
2022-06-18 10:00:00,0.0007542833160644231,0,Low
2022-06-18 11:00:00,0.0007542833160644231,0,Low
2022-06-18 12:00:00,0.0007542833160644231,0,Low
2022-06-18 13:00:00,0.0007542833160644231,0,Low
2022-06-18 14:00:00,0.0007542833160644231,0,Low
2022-06-18 15:00:00,0.0007542833160644231,0,Low
2022-06-18 16:00:00,0.0006846013182757424,0,Low
2022-06-18 17:00:00,0.0006846013182757424,0,Low
2022-06-18 18:00:00,0.0007615033636780359,0,Low
2022-06-18 19:00:00,0.0006846013182757424,0,Low
2022-06-18 20:00:00,0.0006846013182757424,0,Low
2022-06-18 21:00:00,0.0006846013182757424,0,Low
2022-06-18 22:00:00,0.0006846013182757424,0,Low
2022-06-18 23:00:00,0.0007355507742355217,0,Low
2022-06-19 00:00:00,0.0007355507742355217,0,Low
2022-06-19 01:00:00,0.0010578661211730067,0,Low
2022-06-19 02:00:00,0.0010578661211730067,0,Low
2022-06-19 03:00:00,0.0009758372280438123,0,Low
2022-06-19 04:00:00,0.0009758372280438123,0,Low
2022-06-19 05:00:00,0.0009758372280438123,0,Low
2022-06-19 06:00:00,0.0009758372280438123,0,Low
2022-06-19 07:00:00,0.0009758372280438123,0,Low
2022-06-19 08:00:00,0.0009082589586670293,0,Low
2022-06-19 09:00:00,0.0010102593225588517,0,Low
2022-06-19 10:00:00,0.0007542833160644231,0,Low
2022-06-19 11:00:00,0.0007542833160644231,0,Low
2022-06-19 12:00:00,0.0007542833160644231,0,Low
2022-06-19 13:00:00,0.0007542833160644231,0,Low
2022-06-19 14:00:00,0.0007542833160644231,0,Low
2022-06-19 15:00:00,0.000849859144511384,0,Low
2022-06-19 16:00:00,0.000771354502111846,0,Low
2022-06-19 17:00:00,0.000771354502111846,0,Low
2022-06-19 18:00:00,0.000771354502111846,0,Low
2022-06-19 19:00:00,0.000771354502111846,0,Low
2022-06-19 20:00:00,0.000771354502111846,0,Low
2022-06-19 21:00:00,0.0008688366699528055,0,Low
2022-06-19 22:00:00,0.0008688366699528055,0,Low
2022-06-19 23:00:00,0.0007355507742355217,0,Low
2022-06-20 00:00:00,0.0008117493708066068,0,Low
2022-06-20 01:00:00,0.0010578661211730067,0,Low
2022-06-20 02:00:00,0.0010578661211730067,0,Low
2022-06-20 03:00:00,0.0010578661211730067,0,Low
2022-06-20 04:00:00,0.0010578661211730067,0,Low
2022-06-20 05:00:00,0.0010578661211730067,0,Low
2022-06-20 06:00:00,0.0010578661211730067,0,Low
2022-06-20 07:00:00,0.0010578661211730067,0,Low
2022-06-20 08:00:00,0.0008579932644661362,0,Low
2022-06-20 09:00:00,0.0008579932644661362,0,Low
2022-06-20 10:00:00,0.0006846013182757424,0,Low
2022-06-20 11:00:00,0.0007542833160644231,0,Low
2022-06-20 12:00:00,0.0008334787799773392,0,Low
2022-06-20 13:00:00,0.0008334787799773392,0,Low
2022-06-20 14:00:00,0.0008334787799773392,0,Low
2022-06-20 15:00:00,0.0008334787799773392,0,Low
2022-06-20 16:00:00,0.0007564861070015272,0,Low
2022-06-20 17:00:00,0.8390885565448591,1,High
2022-06-20 18:00:00,0.9460252148151373,1,High
2022-06-20 19:00:00,0.9981873186992145,1,High
2022-06-20 20:00:00,0.9981873186992145,1,High
2022-06-20 21:00:00,0.9981837583589677,1,High
2022-06-20 22:00:00,0.9614936863928435,1,High
2022-06-20 23:00:00,0.5902094083032362,1,Medium
2022-06-21 00:00:00,0.0010767229016799271,0,Low
2022-06-21 01:00:00,0.001004619308633416,0,Low
2022-06-21 02:00:00,0.0011279823429303877,0,Low
2022-06-21 03:00:00,0.0011279823429303877,0,Low
2022-06-21 04:00:00,0.0011279823429303877,0,Low
2022-06-21 05:00:00,0.0011279823429303877,0,Low
2022-06-21 06:00:00,0.0011279823429303877,0,Low
2022-06-21 07:00:00,0.0007355507742355217,0,Low
2022-06-21 08:00:00,0.0006846013182757424,0,Low
2022-06-21 09:00:00,0.0006846013182757424,0,Low
2022-06-21 10:00:00,0.0006846013182757424,0,Low
2022-06-21 11:00:00,0.0008334787799773392,0,Low
2022-06-21 12:00:00,0.0008334787799773392,0,Low
2022-06-21 13:00:00,0.0008334787799773392,0,Low
2022-06-21 14:00:00,0.0008334787799773392,0,Low
2022-06-21 15:00:00,0.0008334787799773392,0,Low
2022-06-21 16:00:00,0.0008414562532218525,0,Low
2022-06-21 17:00:00,0.8861569126857965,1,High
2022-06-21 18:00:00,0.9860392068789704,1,High
2022-06-21 19:00:00,0.998308051938725,1,High
2022-06-21 20:00:00,0.9979725749263963,1,High
2022-06-21 21:00:00,0.9975918866437776,1,High
2022-06-21 22:00:00,0.7751467698252059,1,High
2022-06-21 23:00:00,0.535881935563911,0,Medium
2022-06-22 00:00:00,0.0009353519280447179,0,Low
2022-06-22 01:00:00,0.0009353519280447179,0,Low
2022-06-22 02:00:00,0.0012188983962524856,0,Low
2022-06-22 03:00:00,0.0011279823429303877,0,Low
2022-06-22 04:00:00,0.0011279823429303877,0,Low
2022-06-22 05:00:00,0.0011279823429303877,0,Low
2022-06-22 06:00:00,0.0011279823429303877,0,Low
2022-06-22 07:00:00,0.0007355507742355217,0,Low
2022-06-22 08:00:00,0.000771128261217525,0,Low
2022-06-22 09:00:00,0.0006846013182757424,0,Low
2022-06-22 10:00:00,0.9065955806876417,1,High
2022-06-22 11:00:00,0.9256646668229621,1,High
2022-06-22 12:00:00,0.998354616332535,1,High
2022-06-22 13:00:00,0.998354616332535,1,High
2022-06-22 14:00:00,0.998354616332535,1,High
2022-06-22 15:00:00,0.9981873186992145,1,High
2022-06-22 16:00:00,0.9981873186992145,1,High
2022-06-22 17:00:00,0.9984189923231179,1,High
2022-06-22 18:00:00,0.9987193659682719,1,High
2022-06-22 19:00:00,0.998458831047764,1,High
2022-06-22 20:00:00,0.9978418045283736,1,High
2022-06-22 21:00:00,0.9978149806848003,1,High
2022-06-22 22:00:00,0.9966407630482442,1,High
2022-06-22 23:00:00,0.9976862507506121,1,High
2022-06-23 00:00:00,0.6984874261400194,1,Medium
2022-06-23 01:00:00,0.8732012520687158,1,High
2022-06-23 02:00:00,0.0011279823429303877,0,Low
2022-06-23 03:00:00,0.0011279823429303877,0,Low
2022-06-23 04:00:00,0.0011279823429303877,0,Low
2022-06-23 05:00:00,0.790444010858221,1,High
2022-06-23 06:00:00,0.7814627053578991,1,High
2022-06-23 07:00:00,0.997662766792424,1,High
2022-06-23 08:00:00,0.997662766792424,1,High
2022-06-23 09:00:00,0.9979613449758817,1,High
2022-06-23 10:00:00,0.9981873186992145,1,High
2022-06-23 11:00:00,0.9978418045283736,1,High
2022-06-23 12:00:00,0.9971244384841231,1,High
2022-06-23 13:00:00,0.9971244384841231,1,High
2022-06-23 14:00:00,0.9971244384841231,1,High
2022-06-23 15:00:00,0.9981188354060303,1,High
2022-06-23 16:00:00,0.9985884805178695,1,High
2022-06-23 17:00:00,0.9987193659682719,1,High
2022-06-23 18:00:00,0.9987193659682719,1,High
2022-06-23 19:00:00,0.9989314041564911,1,High
2022-06-23 20:00:00,0.9988221642215336,1,High
2022-06-23 21:00:00,0.9984392880977783,1,High
2022-06-23 22:00:00,0.9964913897527207,1,High
2022-06-23 23:00:00,0.9969894602196757,1,High
2022-06-24 00:00:00,0.45243292750387726,0,Medium
2022-06-24 01:00:00,0.7111080207597615,1,High
2022-06-24 02:00:00,0.0010578661211730067,0,Low
2022-06-24 03:00:00,0.0010578661211730067,0,Low
2022-06-24 04:00:00,0.0010578661211730067,0,Low
2022-06-24 05:00:00,0.7666522579847688,1,High
2022-06-24 06:00:00,0.88023905779605,1,High
2022-06-24 07:00:00,0.9983686330243247,1,High
2022-06-24 08:00:00,0.9983686330243247,1,High
2022-06-24 09:00:00,0.9989314041564911,1,High
2022-06-24 10:00:00,0.9989314041564911,1,High
2022-06-24 11:00:00,0.9984668514118553,1,High
2022-06-24 12:00:00,0.9986537267146267,1,High
2022-06-24 13:00:00,0.998833018505808,1,High
2022-06-24 14:00:00,0.9988550464162529,1,High
2022-06-24 15:00:00,0.9983963949681309,1,High
2022-06-24 16:00:00,0.9987380104780492,1,High
2022-06-24 17:00:00,0.9989314041564911,1,High
2022-06-24 18:00:00,0.999087796237297,1,High
2022-06-24 19:00:00,0.9987193659682719,1,High
2022-06-24 20:00:00,0.9987193659682719,1,High
2022-06-24 21:00:00,0.9978149806848003,1,High
2022-06-24 22:00:00,0.9957972240192102,1,High
2022-06-24 23:00:00,0.9961675355820797,1,High
2022-06-25 00:00:00,0.48664671137838517,0,Medium
2022-06-25 01:00:00,0.7512156064496389,1,High
2022-06-25 02:00:00,0.0011279823429303877,0,Low
2022-06-25 03:00:00,0.0011279823429303877,0,Low
2022-06-25 04:00:00,0.0011279823429303877,0,Low
2022-06-25 05:00:00,0.9075843448449378,1,High
2022-06-25 06:00:00,0.9123641078568536,1,High
2022-06-25 07:00:00,0.9985570713288245,1,High
2022-06-25 08:00:00,0.9986537267146267,1,High
2022-06-25 09:00:00,0.9986537267146267,1,High
2022-06-25 10:00:00,0.9986537267146267,1,High
2022-06-25 11:00:00,0.9986537267146267,1,High
2022-06-25 12:00:00,0.9986537267146267,1,High
2022-06-25 13:00:00,0.9986537267146267,1,High
2022-06-25 14:00:00,0.9979799751122723,1,High
2022-06-25 15:00:00,0.9986537267146267,1,High
2022-06-25 16:00:00,0.9989108437006446,1,High
2022-06-25 17:00:00,0.9987193659682719,1,High
2022-06-25 18:00:00,0.9987193659682719,1,High
2022-06-25 19:00:00,0.9984291922862135,1,High
2022-06-25 20:00:00,0.9982687014419662,1,High
2022-06-25 21:00:00,0.9980171128794152,1,High
2022-06-25 22:00:00,0.9986086791952148,1,High
2022-06-25 23:00:00,0.9960644123976918,1,High
2022-06-26 00:00:00,0.6506487376564962,1,Medium
2022-06-26 01:00:00,0.7963778444790346,1,High
2022-06-26 02:00:00,0.0010578661211730067,0,Low
2022-06-26 03:00:00,0.0010578661211730067,0,Low
2022-06-26 04:00:00,0.0010578661211730067,0,Low
2022-06-26 05:00:00,0.8906422056588501,1,High
2022-06-26 06:00:00,0.942811869865193,1,High
2022-06-26 07:00:00,0.996106887896752,1,High
2022-06-26 08:00:00,0.9984934827258638,1,High
2022-06-26 09:00:00,0.9986839913630573,1,High
2022-06-26 10:00:00,0.999087796237297,1,High
2022-06-26 11:00:00,0.999087796237297,1,High
2022-06-26 12:00:00,0.999087796237297,1,High
2022-06-26 13:00:00,0.999087796237297,1,High
2022-06-26 14:00:00,0.999087796237297,1,High
2022-06-26 15:00:00,0.999087796237297,1,High
2022-06-26 16:00:00,0.999087796237297,1,High
2022-06-26 17:00:00,0.999087796237297,1,High
2022-06-26 18:00:00,0.999087796237297,1,High
2022-06-26 19:00:00,0.999087796237297,1,High
2022-06-26 20:00:00,0.9987158455475701,1,High
2022-06-26 21:00:00,0.999076444278929,1,High
2022-06-26 22:00:00,0.9984477362230066,1,High
2022-06-26 23:00:00,0.9988536920827525,1,High
2022-06-27 00:00:00,0.7001463983122588,1,High
2022-06-27 01:00:00,0.7934152509493418,1,High
2022-06-27 02:00:00,0.0010182407903597435,0,Low
2022-06-27 03:00:00,0.0010019297549332723,0,Low
2022-06-27 04:00:00,0.0010182407903597435,0,Low
2022-06-27 05:00:00,0.8286426326228623,1,High
2022-06-27 06:00:00,0.9965453344881063,1,High
2022-06-27 07:00:00,0.9940403058711411,1,High
2022-06-27 08:00:00,0.9964871626730699,1,High
2022-06-27 09:00:00,0.9985989163160827,1,High
2022-06-27 10:00:00,0.999028800282354,1,High
2022-06-27 11:00:00,0.999087796237297,1,High
2022-06-27 12:00:00,0.999087796237297,1,High
2022-06-27 13:00:00,0.9990373776621531,1,High
2022-06-27 14:00:00,0.9990373776621531,1,High
2022-06-27 15:00:00,0.9990373776621531,1,High
2022-06-27 16:00:00,0.9990373776621531,1,High
2022-06-27 17:00:00,0.9990373776621531,1,High
2022-06-27 18:00:00,0.9990373776621531,1,High
2022-06-27 19:00:00,0.9990373776621531,1,High
2022-06-27 20:00:00,0.999087796237297,1,High
2022-06-27 21:00:00,0.999076444278929,1,High
2022-06-27 22:00:00,0.9984477362230066,1,High
2022-06-27 23:00:00,0.9985823402128341,1,High
2022-06-28 00:00:00,0.5634933201130529,1,Medium
2022-06-28 01:00:00,0.846608122492946,1,High
2022-06-28 02:00:00,0.0010578661211730067,0,Low
2022-06-28 03:00:00,0.0010578661211730067,0,Low
2022-06-28 04:00:00,0.0010578661211730067,0,Low
2022-06-28 05:00:00,0.865441653125284,1,High
2022-06-28 06:00:00,0.9976404762599744,1,High
2022-06-28 07:00:00,0.9940605019452537,1,High
2022-06-28 08:00:00,0.9966707068926287,1,High
2022-06-28 09:00:00,0.9966707068926287,1,High
2022-06-28 10:00:00,0.9986839913630573,1,High
2022-06-28 11:00:00,0.999087796237297,1,High
2022-06-28 12:00:00,0.999087796237297,1,High
2022-06-28 13:00:00,0.999087796237297,1,High
2022-06-28 14:00:00,0.999087796237297,1,High
2022-06-28 15:00:00,0.999087796237297,1,High
2022-06-28 16:00:00,0.999087796237297,1,High
2022-06-28 17:00:00,0.999087796237297,1,High
2022-06-28 18:00:00,0.999087796237297,1,High
2022-06-28 19:00:00,0.999087796237297,1,High
2022-06-28 20:00:00,0.999087796237297,1,High
2022-06-28 21:00:00,0.999076444278929,1,High
2022-06-28 22:00:00,0.9984477362230066,1,High
2022-06-28 23:00:00,0.9987290615671764,1,High
2022-06-29 00:00:00,0.999087796237297,1,High
2022-06-29 01:00:00,0.9985961537393135,1,High
2022-06-29 02:00:00,0.9985961537393135,1,High
2022-06-29 03:00:00,0.9976901542814028,1,High
2022-06-29 04:00:00,0.9942543618678892,1,High
2022-06-29 05:00:00,0.9962608544067185,1,High
2022-06-29 06:00:00,0.9903714803655487,1,High
2022-06-29 07:00:00,0.9903714803655487,1,High
2022-06-29 08:00:00,0.9903714803655487,1,High
2022-06-29 09:00:00,0.9964559423899387,1,High
2022-06-29 10:00:00,0.9980722474563749,1,High
2022-06-29 11:00:00,0.999087796237297,1,High
2022-06-29 12:00:00,0.9987158455475701,1,High
2022-06-29 13:00:00,0.9987158455475701,1,High
2022-06-29 14:00:00,0.9987158455475701,1,High
2022-06-29 15:00:00,0.9987158455475701,1,High
2022-06-29 16:00:00,0.999087796237297,1,High
2022-06-29 17:00:00,0.999028800282354,1,High
2022-06-29 18:00:00,0.999087796237297,1,High
2022-06-29 19:00:00,0.999087796237297,1,High
2022-06-29 20:00:00,0.999087796237297,1,High
2022-06-29 21:00:00,0.999076444278929,1,High
2022-06-29 22:00:00,0.9983474134361786,1,High
2022-06-29 23:00:00,0.9988631313816326,1,High
2022-06-30 00:00:00,0.9990802205890706,1,High
2022-06-30 01:00:00,0.9990802205890706,1,High
2022-06-30 02:00:00,0.9976209095650309,1,High
2022-06-30 03:00:00,0.9971259449165469,1,High
2022-06-30 04:00:00,0.9927464087004139,1,High
2022-06-30 05:00:00,0.9903714803655487,1,High
2022-06-30 06:00:00,0.9903714803655487,1,High
2022-06-30 07:00:00,0.9903714803655487,1,High
2022-06-30 08:00:00,0.9903714803655487,1,High
2022-06-30 09:00:00,0.9966707068926287,1,High
2022-06-30 10:00:00,0.9978271654886394,1,High
2022-06-30 11:00:00,0.999087796237297,1,High
2022-06-30 12:00:00,0.999087796237297,1,High
2022-06-30 13:00:00,0.999087796237297,1,High
2022-06-30 14:00:00,0.999087796237297,1,High
2022-06-30 15:00:00,0.999087796237297,1,High
2022-06-30 16:00:00,0.999087796237297,1,High
2022-06-30 17:00:00,0.999087796237297,1,High
2022-06-30 18:00:00,0.999087796237297,1,High
2022-06-30 19:00:00,0.999087796237297,1,High
2022-06-30 20:00:00,0.999087796237297,1,High
2022-06-30 21:00:00,0.999076444278929,1,High
2022-06-30 22:00:00,0.9966512116709063,1,High
2022-06-30 23:00:00,0.9976295124753096,1,High
2022-07-01 00:00:00,0.999087796237297,1,High
2022-07-01 01:00:00,0.999087796237297,1,High
2022-07-01 02:00:00,0.999087796237297,1,High
2022-07-01 03:00:00,0.9976404762599744,1,High
2022-07-01 04:00:00,0.9976404762599744,1,High
2022-07-01 05:00:00,0.9976404762599744,1,High
2022-07-01 06:00:00,0.9940605019452537,1,High
2022-07-01 07:00:00,0.9903714803655487,1,High
2022-07-01 08:00:00,0.991421315918378,1,High
2022-07-01 09:00:00,0.9978271654886394,1,High
2022-07-01 10:00:00,0.999087796237297,1,High
2022-07-01 11:00:00,0.999087796237297,1,High
2022-07-01 12:00:00,0.999087796237297,1,High
2022-07-01 13:00:00,0.999087796237297,1,High
2022-07-01 14:00:00,0.999087796237297,1,High
2022-07-01 15:00:00,0.999087796237297,1,High
2022-07-01 16:00:00,0.999087796237297,1,High
2022-07-01 17:00:00,0.999087796237297,1,High
2022-07-01 18:00:00,0.999087796237297,1,High
2022-07-01 19:00:00,0.999087796237297,1,High
2022-07-01 20:00:00,0.999087796237297,1,High
2022-07-01 21:00:00,0.999076444278929,1,High
2022-07-01 22:00:00,0.995942390514949,1,High
2022-07-01 23:00:00,0.9966680260945,1,High
2022-07-02 00:00:00,0.999087796237297,1,High
2022-07-02 01:00:00,0.999087796237297,1,High
2022-07-02 02:00:00,0.999087796237297,1,High
2022-07-02 03:00:00,0.999087796237297,1,High
2022-07-02 04:00:00,0.9976404762599744,1,High
2022-07-02 05:00:00,0.9976404762599744,1,High
2022-07-02 06:00:00,0.9974412172794265,1,High
2022-07-02 07:00:00,0.9976404762599744,1,High
2022-07-02 08:00:00,0.999087796237297,1,High
2022-07-02 09:00:00,0.999087796237297,1,High
2022-07-02 10:00:00,0.999087796237297,1,High
2022-07-02 11:00:00,0.999087796237297,1,High
2022-07-02 12:00:00,0.999087796237297,1,High
2022-07-02 13:00:00,0.999087796237297,1,High
2022-07-02 14:00:00,0.999087796237297,1,High
2022-07-02 15:00:00,0.999087796237297,1,High
2022-07-02 16:00:00,0.999087796237297,1,High
2022-07-02 17:00:00,0.999087796237297,1,High
2022-07-02 18:00:00,0.999087796237297,1,High
2022-07-02 19:00:00,0.999087796237297,1,High
2022-07-02 20:00:00,0.999087796237297,1,High
2022-07-02 21:00:00,0.9989697845714083,1,High
2022-07-02 22:00:00,0.9956200912713689,1,High
2022-07-02 23:00:00,0.9957954077675659,1,High
2022-07-03 00:00:00,0.999087796237297,1,High
2022-07-03 01:00:00,0.999087796237297,1,High
2022-07-03 02:00:00,0.999087796237297,1,High
2022-07-03 03:00:00,0.999087796237297,1,High
2022-07-03 04:00:00,0.999087796237297,1,High
2022-07-03 05:00:00,0.9989926787651514,1,High
2022-07-03 06:00:00,0.9989677562882319,1,High
2022-07-03 07:00:00,0.9989926787651514,1,High
2022-07-03 08:00:00,0.9989926787651514,1,High
2022-07-03 09:00:00,0.999087796237297,1,High
2022-07-03 10:00:00,0.999087796237297,1,High
2022-07-03 11:00:00,0.999087796237297,1,High
2022-07-03 12:00:00,0.999087796237297,1,High
2022-07-03 13:00:00,0.999087796237297,1,High
2022-07-03 14:00:00,0.999087796237297,1,High
2022-07-03 15:00:00,0.999087796237297,1,High
2022-07-03 16:00:00,0.999087796237297,1,High
2022-07-03 17:00:00,0.999087796237297,1,High
2022-07-03 18:00:00,0.999087796237297,1,High
2022-07-03 19:00:00,0.999087796237297,1,High
2022-07-03 20:00:00,0.999087796237297,1,High
2022-07-03 21:00:00,0.9989697845714083,1,High
2022-07-03 22:00:00,0.9981705238802048,1,High
2022-07-03 23:00:00,0.9982815665335211,1,High
2022-07-04 00:00:00,0.9990409359257671,1,High
2022-07-04 01:00:00,0.9990409359257671,1,High
2022-07-04 02:00:00,0.9990409359257671,1,High
2022-07-04 03:00:00,0.9990409359257671,1,High
2022-07-04 04:00:00,0.9990409359257671,1,High
2022-07-04 05:00:00,0.9989926787651514,1,High
2022-07-04 06:00:00,0.9989926787651514,1,High
2022-07-04 07:00:00,0.999028800282354,1,High
2022-07-04 08:00:00,0.999087796237297,1,High
2022-07-04 09:00:00,0.999087796237297,1,High
2022-07-04 10:00:00,0.999087796237297,1,High
2022-07-04 11:00:00,0.999087796237297,1,High
2022-07-04 12:00:00,0.999087796237297,1,High
2022-07-04 13:00:00,0.999087796237297,1,High
2022-07-04 14:00:00,0.999087796237297,1,High
2022-07-04 15:00:00,0.999087796237297,1,High
2022-07-04 16:00:00,0.999087796237297,1,High
2022-07-04 17:00:00,0.999087796237297,1,High
2022-07-04 18:00:00,0.999087796237297,1,High
2022-07-04 19:00:00,0.999087796237297,1,High
2022-07-04 20:00:00,0.999087796237297,1,High
2022-07-04 21:00:00,0.999076444278929,1,High
2022-07-04 22:00:00,0.99828118361456,1,High
2022-07-04 23:00:00,0.9982815665335211,1,High
2022-07-05 00:00:00,0.9990652248920169,1,High
2022-07-05 01:00:00,0.9990652248920169,1,High
2022-07-05 02:00:00,0.9990652248920169,1,High
2022-07-05 03:00:00,0.9990652248920169,1,High
2022-07-05 04:00:00,0.9990652248920169,1,High
2022-07-05 05:00:00,0.999087796237297,1,High
2022-07-05 06:00:00,0.999087796237297,1,High
2022-07-05 07:00:00,0.999087796237297,1,High
2022-07-05 08:00:00,0.999087796237297,1,High
2022-07-05 09:00:00,0.999087796237297,1,High
2022-07-05 10:00:00,0.999028800282354,1,High
2022-07-05 11:00:00,0.999087796237297,1,High
2022-07-05 12:00:00,0.999087796237297,1,High
2022-07-05 13:00:00,0.999087796237297,1,High
2022-07-05 14:00:00,0.999087796237297,1,High
2022-07-05 15:00:00,0.999087796237297,1,High
2022-07-05 16:00:00,0.999087796237297,1,High
2022-07-05 17:00:00,0.999087796237297,1,High
2022-07-05 18:00:00,0.999087796237297,1,High
2022-07-05 19:00:00,0.999087796237297,1,High
2022-07-05 20:00:00,0.999087796237297,1,High
2022-07-05 21:00:00,0.999076444278929,1,High
2022-07-05 22:00:00,0.997817401061996,1,High
2022-07-05 23:00:00,0.9984593685727453,1,High
2022-07-06 00:00:00,0.9990802205890706,1,High
2022-07-06 01:00:00,0.9990802205890706,1,High
2022-07-06 02:00:00,0.9990802205890706,1,High
2022-07-06 03:00:00,0.9990802205890706,1,High
2022-07-06 04:00:00,0.9990802205890706,1,High
2022-07-06 05:00:00,0.999087796237297,1,High
2022-07-06 06:00:00,0.999087796237297,1,High
2022-07-06 07:00:00,0.999087796237297,1,High
2022-07-06 08:00:00,0.9986013489883919,1,High
2022-07-06 09:00:00,0.9986839913630573,1,High
2022-07-06 10:00:00,0.999087796237297,1,High
2022-07-06 11:00:00,0.999087796237297,1,High
2022-07-06 12:00:00,0.999087796237297,1,High
2022-07-06 13:00:00,0.999087796237297,1,High
2022-07-06 14:00:00,0.9987158455475701,1,High
2022-07-06 15:00:00,0.9987158455475701,1,High
2022-07-06 16:00:00,0.9987158455475701,1,High
2022-07-06 17:00:00,0.999087796237297,1,High
2022-07-06 18:00:00,0.999087796237297,1,High
2022-07-06 19:00:00,0.999087796237297,1,High
2022-07-06 20:00:00,0.999087796237297,1,High
2022-07-06 21:00:00,0.999076444278929,1,High
2022-07-06 22:00:00,0.9978967550343951,1,High
2022-07-06 23:00:00,0.9984593685727453,1,High
2022-07-07 00:00:00,0.9990106405018361,1,High
2022-07-07 01:00:00,0.9990106405018361,1,High
2022-07-07 02:00:00,0.9975043398538945,1,High
2022-07-07 03:00:00,0.9959455614868381,1,High
2022-07-07 04:00:00,0.9959455614868381,1,High
2022-07-07 05:00:00,0.9962608544067185,1,High
2022-07-07 06:00:00,0.9962608544067185,1,High
2022-07-07 07:00:00,0.9897545453890225,1,High
2022-07-07 08:00:00,0.9962608544067185,1,High
2022-07-07 09:00:00,0.9966707068926287,1,High
2022-07-07 10:00:00,0.9978271654886394,1,High
2022-07-07 11:00:00,0.999087796237297,1,High
2022-07-07 12:00:00,0.999087796237297,1,High
2022-07-07 13:00:00,0.999087796237297,1,High
2022-07-07 14:00:00,0.999087796237297,1,High
2022-07-07 15:00:00,0.999087796237297,1,High
2022-07-07 16:00:00,0.999087796237297,1,High
2022-07-07 17:00:00,0.999087796237297,1,High
2022-07-07 18:00:00,0.999087796237297,1,High
2022-07-07 19:00:00,0.999087796237297,1,High
2022-07-07 20:00:00,0.999087796237297,1,High
2022-07-07 21:00:00,0.999076444278929,1,High
2022-07-07 22:00:00,0.997817401061996,1,High
2022-07-07 23:00:00,0.9984593685727453,1,High
2022-07-08 00:00:00,0.9990802205890706,1,High
2022-07-08 01:00:00,0.9974412172794265,1,High
2022-07-08 02:00:00,0.9971259449165469,1,High
2022-07-08 03:00:00,0.9955979186794885,1,High
2022-07-08 04:00:00,0.9903714803655487,1,High
2022-07-08 05:00:00,0.9903714803655487,1,High
2022-07-08 06:00:00,0.9903714803655487,1,High
2022-07-08 07:00:00,0.9903714803655487,1,High
2022-07-08 08:00:00,0.991421315918378,1,High
2022-07-08 09:00:00,0.9978271654886394,1,High
2022-07-08 10:00:00,0.999087796237297,1,High
2022-07-08 11:00:00,0.999087796237297,1,High
2022-07-08 12:00:00,0.999087796237297,1,High
2022-07-08 13:00:00,0.999087796237297,1,High
2022-07-08 14:00:00,0.999087796237297,1,High
2022-07-08 15:00:00,0.999087796237297,1,High
2022-07-08 16:00:00,0.999087796237297,1,High
2022-07-08 17:00:00,0.999087796237297,1,High
2022-07-08 18:00:00,0.999087796237297,1,High
2022-07-08 19:00:00,0.999087796237297,1,High
2022-07-08 20:00:00,0.999087796237297,1,High
2022-07-08 21:00:00,0.999076444278929,1,High
2022-07-08 22:00:00,0.995942390514949,1,High
2022-07-08 23:00:00,0.9966680260945,1,High
2022-07-09 00:00:00,0.999087796237297,1,High
2022-07-09 01:00:00,0.999087796237297,1,High
2022-07-09 02:00:00,0.9976404762599744,1,High
2022-07-09 03:00:00,0.9974412172794265,1,High
2022-07-09 04:00:00,0.9974412172794265,1,High
2022-07-09 05:00:00,0.9976404762599744,1,High
2022-07-09 06:00:00,0.9974412172794265,1,High
2022-07-09 07:00:00,0.9976404762599744,1,High
2022-07-09 08:00:00,0.999087796237297,1,High
2022-07-09 09:00:00,0.999087796237297,1,High
2022-07-09 10:00:00,0.999087796237297,1,High
2022-07-09 11:00:00,0.999087796237297,1,High
2022-07-09 12:00:00,0.999087796237297,1,High
2022-07-09 13:00:00,0.999087796237297,1,High
2022-07-09 14:00:00,0.999087796237297,1,High
2022-07-09 15:00:00,0.999028800282354,1,High
2022-07-09 16:00:00,0.999087796237297,1,High
2022-07-09 17:00:00,0.999087796237297,1,High
2022-07-09 18:00:00,0.999087796237297,1,High
2022-07-09 19:00:00,0.999087796237297,1,High
2022-07-09 20:00:00,0.999087796237297,1,High
2022-07-09 21:00:00,0.9989697845714083,1,High
2022-07-09 22:00:00,0.9954754240178738,1,High
2022-07-09 23:00:00,0.9962842571811665,1,High
2022-07-10 00:00:00,0.999087796237297,1,High
2022-07-10 01:00:00,0.999087796237297,1,High
2022-07-10 02:00:00,0.9990652248920169,1,High
2022-07-10 03:00:00,0.999087796237297,1,High
2022-07-10 04:00:00,0.9990652248920169,1,High
2022-07-10 05:00:00,0.9990652248920169,1,High
2022-07-10 06:00:00,0.9988592292403671,1,High
2022-07-10 07:00:00,0.9984766531969436,1,High
2022-07-10 08:00:00,0.9982110562845431,1,High
2022-07-10 09:00:00,0.998379859667027,1,High
2022-07-10 10:00:00,0.9986537267146267,1,High
2022-07-10 11:00:00,0.9986537267146267,1,High
2022-07-10 12:00:00,0.9977312877956811,1,High
2022-07-10 13:00:00,0.9977312877956811,1,High
2022-07-10 14:00:00,0.9976777694485458,1,High
2022-07-10 15:00:00,0.9976777694485458,1,High
2022-07-10 16:00:00,0.9975847729653895,1,High
2022-07-10 17:00:00,0.999087796237297,1,High
2022-07-10 18:00:00,0.999087796237297,1,High
2022-07-10 19:00:00,0.999087796237297,1,High
2022-07-10 20:00:00,0.999087796237297,1,High
2022-07-10 21:00:00,0.9989697845714083,1,High
2022-07-10 22:00:00,0.9947017362647501,1,High
2022-07-10 23:00:00,0.9962842571811665,1,High
2022-07-11 00:00:00,0.9990106405018361,1,High
2022-07-11 01:00:00,0.9990106405018361,1,High
2022-07-11 02:00:00,0.9990106405018361,1,High
2022-07-11 03:00:00,0.9985505183926349,1,High
2022-07-11 04:00:00,0.9971872612655166,1,High
2022-07-11 05:00:00,0.9962608544067185,1,High
2022-07-11 06:00:00,0.9960784830321674,1,High
2022-07-11 07:00:00,0.9960784830321674,1,High
2022-07-11 08:00:00,0.9965082554137064,1,High
2022-07-11 09:00:00,0.9977210138978613,1,High
2022-07-11 10:00:00,0.999087796237297,1,High
2022-07-11 11:00:00,0.9987158455475701,1,High
2022-07-11 12:00:00,0.9987158455475701,1,High
2022-07-11 13:00:00,0.999087796237297,1,High
2022-07-11 14:00:00,0.999087796237297,1,High
2022-07-11 15:00:00,0.999087796237297,1,High
2022-07-11 16:00:00,0.999087796237297,1,High
2022-07-11 17:00:00,0.999087796237297,1,High
2022-07-11 18:00:00,0.999087796237297,1,High
2022-07-11 19:00:00,0.999087796237297,1,High
2022-07-11 20:00:00,0.999087796237297,1,High
2022-07-11 21:00:00,0.9989697845714083,1,High
2022-07-11 22:00:00,0.9980828569927563,1,High
2022-07-11 23:00:00,0.9982815665335211,1,High
2022-07-12 00:00:00,0.9990606808574158,1,High
2022-07-12 01:00:00,0.9989447344995996,1,High
2022-07-12 02:00:00,0.9976222995478795,1,High
2022-07-12 03:00:00,0.9911683278392887,1,High
2022-07-12 04:00:00,0.9942250105248897,1,High
2022-07-12 05:00:00,0.9956279309716595,1,High
2022-07-12 06:00:00,0.9933088119272169,1,High
2022-07-12 07:00:00,0.9903714803655487,1,High
2022-07-12 08:00:00,0.9960784830321674,1,High
2022-07-12 09:00:00,0.9965082554137064,1,High
2022-07-12 10:00:00,0.9978271654886394,1,High
2022-07-12 11:00:00,0.999028800282354,1,High
2022-07-12 12:00:00,0.999087796237297,1,High
2022-07-12 13:00:00,0.999087796237297,1,High
2022-07-12 14:00:00,0.999087796237297,1,High
2022-07-12 15:00:00,0.999087796237297,1,High
2022-07-12 16:00:00,0.999087796237297,1,High
2022-07-12 17:00:00,0.999087796237297,1,High
2022-07-12 18:00:00,0.999087796237297,1,High
2022-07-12 19:00:00,0.999087796237297,1,High
2022-07-12 20:00:00,0.999087796237297,1,High
2022-07-12 21:00:00,0.9989697845714083,1,High
2022-07-12 22:00:00,0.9976541751328563,1,High
2022-07-12 23:00:00,0.9982815665335211,1,High
2022-07-13 00:00:00,0.9976209095650309,1,High
2022-07-13 01:00:00,0.9971259449165469,1,High
2022-07-13 02:00:00,0.994352478207859,1,High
2022-07-13 03:00:00,0.9959455614868381,1,High
2022-07-13 04:00:00,0.9895647841973032,1,High
2022-07-13 05:00:00,0.9903714803655487,1,High
2022-07-13 06:00:00,0.9903714803655487,1,High
2022-07-13 07:00:00,0.9903714803655487,1,High
2022-07-13 08:00:00,0.991421315918378,1,High
2022-07-13 09:00:00,0.9977210138978613,1,High
2022-07-13 10:00:00,0.999087796237297,1,High
2022-07-13 11:00:00,0.999087796237297,1,High
2022-07-13 12:00:00,0.999087796237297,1,High
2022-07-13 13:00:00,0.999087796237297,1,High
2022-07-13 14:00:00,0.999087796237297,1,High
2022-07-13 15:00:00,0.999087796237297,1,High
2022-07-13 16:00:00,0.999028800282354,1,High
2022-07-13 17:00:00,0.999087796237297,1,High
2022-07-13 18:00:00,0.999087796237297,1,High
2022-07-13 19:00:00,0.999087796237297,1,High
2022-07-13 20:00:00,0.999087796237297,1,High
2022-07-13 21:00:00,0.9989697845714083,1,High
2022-07-13 22:00:00,0.9954754240178738,1,High
2022-07-13 23:00:00,0.9963307913848962,1,High
2022-07-14 00:00:00,0.9926664460553332,1,High
2022-07-14 01:00:00,0.9972371191853268,1,High
2022-07-14 02:00:00,0.998086922118963,1,High
2022-07-14 03:00:00,0.998086922118963,1,High
2022-07-14 04:00:00,0.9979860670290637,1,High
2022-07-14 05:00:00,0.9975161436711351,1,High
2022-07-14 06:00:00,0.9975161436711351,1,High
2022-07-14 07:00:00,0.996794317850698,1,High
2022-07-14 08:00:00,0.9989926787651514,1,High
2022-07-14 09:00:00,0.9989926787651514,1,High
2022-07-14 10:00:00,0.999087796237297,1,High
2022-07-14 11:00:00,0.9987158455475701,1,High
2022-07-14 12:00:00,0.999028800282354,1,High
2022-07-14 13:00:00,0.999087796237297,1,High
2022-07-14 14:00:00,0.999087796237297,1,High
2022-07-14 15:00:00,0.999087796237297,1,High
2022-07-14 16:00:00,0.9989314041564911,1,High
2022-07-14 17:00:00,0.999087796237297,1,High
2022-07-14 18:00:00,0.999087796237297,1,High
2022-07-14 19:00:00,0.999087796237297,1,High
2022-07-14 20:00:00,0.999087796237297,1,High
2022-07-14 21:00:00,0.999076444278929,1,High
2022-07-14 22:00:00,0.9978967550343951,1,High
2022-07-14 23:00:00,0.9984593685727453,1,High
2022-07-15 00:00:00,0.6940103480293178,1,Medium
2022-07-15 01:00:00,0.8275483940346686,1,High
2022-07-15 02:00:00,0.0010449723574336958,0,Low
2022-07-15 03:00:00,0.0010449723574336958,0,Low
2022-07-15 04:00:00,0.0011873995343491632,0,Low
2022-07-15 05:00:00,0.7897295633213864,1,High
2022-07-15 06:00:00,0.8944545380985324,1,High
2022-07-15 07:00:00,0.9962608544067185,1,High
2022-07-15 08:00:00,0.9966707068926287,1,High
2022-07-15 09:00:00,0.9966707068926287,1,High
2022-07-15 10:00:00,0.9986839913630573,1,High
2022-07-15 11:00:00,0.999087796237297,1,High
2022-07-15 12:00:00,0.999087796237297,1,High
2022-07-15 13:00:00,0.999087796237297,1,High
2022-07-15 14:00:00,0.999087796237297,1,High
2022-07-15 15:00:00,0.999087796237297,1,High
2022-07-15 16:00:00,0.9990802205890706,1,High
2022-07-15 17:00:00,0.999087796237297,1,High
2022-07-15 18:00:00,0.999087796237297,1,High
2022-07-15 19:00:00,0.999087796237297,1,High
2022-07-15 20:00:00,0.999087796237297,1,High
2022-07-15 21:00:00,0.999076444278929,1,High
2022-07-15 22:00:00,0.997817401061996,1,High
2022-07-15 23:00:00,0.9840853207244901,1,High
2022-07-16 00:00:00,0.4845175913359206,0,Medium
2022-07-16 01:00:00,0.48306436060998037,0,Medium
2022-07-16 02:00:00,0.0010578661211730067,0,Low
2022-07-16 03:00:00,0.0010578661211730067,0,Low
2022-07-16 04:00:00,0.0010578661211730067,0,Low
2022-07-16 05:00:00,0.0010578661211730067,0,Low
2022-07-16 06:00:00,0.0010337343898394248,0,Low
2022-07-16 07:00:00,0.0011138983294673565,0,Low
2022-07-16 08:00:00,0.0014247941320579712,0,Low
2022-07-16 09:00:00,0.0013780033728073486,0,Low
2022-07-16 10:00:00,0.0013780033728073486,0,Low
2022-07-16 11:00:00,0.0013780033728073486,0,Low
2022-07-16 12:00:00,0.001580033181588448,0,Low
2022-07-16 13:00:00,0.0016268517361484468,0,Low
2022-07-16 14:00:00,0.001580033181588448,0,Low
2022-07-16 15:00:00,0.001580033181588448,0,Low
2022-07-16 16:00:00,0.20696096432701247,0,Low
2022-07-16 17:00:00,0.14368707991572635,0,Low
2022-07-16 18:00:00,0.999087796237297,1,High
2022-07-16 19:00:00,0.999087796237297,1,High
2022-07-16 20:00:00,0.9990652248920169,1,High
2022-07-16 21:00:00,0.9989442962600511,1,High
2022-07-16 22:00:00,0.9976732322347511,1,High
2022-07-16 23:00:00,0.9895157942502871,1,High
2022-07-17 00:00:00,0.5512644061319243,1,Medium
2022-07-17 01:00:00,0.7455521659667672,1,High
2022-07-17 02:00:00,0.0009939042863863212,0,Low
2022-07-17 03:00:00,0.0011189998336433458,0,Low
2022-07-17 04:00:00,0.0011189998336433458,0,Low
2022-07-17 05:00:00,0.001191002484571016,0,Low
2022-07-17 06:00:00,0.001191002484571016,0,Low
2022-07-17 07:00:00,0.001191002484571016,0,Low
2022-07-17 08:00:00,0.001108540215301726,0,Low
2022-07-17 09:00:00,0.001108540215301726,0,Low
2022-07-17 10:00:00,0.0008496098975168591,0,Low
2022-07-17 11:00:00,0.0008496098975168591,0,Low
2022-07-17 12:00:00,0.0008496098975168591,0,Low
2022-07-17 13:00:00,0.0008496098975168591,0,Low
2022-07-17 14:00:00,0.0008496098975168591,0,Low
2022-07-17 15:00:00,0.0008496098975168591,0,Low
2022-07-17 16:00:00,0.23710845275288556,0,Low
2022-07-17 17:00:00,0.2000867598859752,0,Low
2022-07-17 18:00:00,0.999087796237297,1,High
2022-07-17 19:00:00,0.999087796237297,1,High
2022-07-17 20:00:00,0.999087796237297,1,High
2022-07-17 21:00:00,0.9989697845714083,1,High
2022-07-17 22:00:00,0.9964191524866388,1,High
2022-07-17 23:00:00,0.9963307913848962,1,High
2022-07-18 00:00:00,0.9949143737048213,1,High
2022-07-18 01:00:00,0.7245381937140872,1,High
2022-07-18 02:00:00,0.001191002484571016,0,Low
2022-07-18 03:00:00,0.001191002484571016,0,Low
2022-07-18 04:00:00,0.001191002484571016,0,Low
2022-07-18 05:00:00,0.001191002484571016,0,Low
2022-07-18 06:00:00,0.001191002484571016,0,Low
2022-07-18 07:00:00,0.001191002484571016,0,Low
2022-07-18 08:00:00,0.001108540215301726,0,Low
2022-07-18 09:00:00,0.0008682089688210562,0,Low
2022-07-18 10:00:00,0.0008496098975168591,0,Low
2022-07-18 11:00:00,0.0008496098975168591,0,Low
2022-07-18 12:00:00,0.0008496098975168591,0,Low
2022-07-18 13:00:00,0.0008496098975168591,0,Low
2022-07-18 14:00:00,0.0008496098975168591,0,Low
2022-07-18 15:00:00,0.0008496098975168591,0,Low
2022-07-18 16:00:00,0.27789441338004606,0,Low
2022-07-18 17:00:00,0.6488675781202675,1,Medium
2022-07-18 18:00:00,0.999087796237297,1,High
2022-07-18 19:00:00,0.999087796237297,1,High
2022-07-18 20:00:00,0.999087796237297,1,High
2022-07-18 21:00:00,0.9989697845714083,1,High
2022-07-18 22:00:00,0.9980354685728489,1,High
2022-07-18 23:00:00,0.998172619304356,1,High
2022-07-19 00:00:00,0.7593561977885914,1,High
2022-07-19 01:00:00,0.6630859337405447,1,Medium
2022-07-19 02:00:00,0.0010578661211730067,0,Low
2022-07-19 03:00:00,0.0010578661211730067,0,Low
2022-07-19 04:00:00,0.001191002484571016,0,Low
2022-07-19 05:00:00,0.001191002484571016,0,Low
2022-07-19 06:00:00,0.001191002484571016,0,Low
2022-07-19 07:00:00,0.0008285118936150412,0,Low
2022-07-19 08:00:00,0.000771128261217525,0,Low
2022-07-19 09:00:00,0.000771128261217525,0,Low
2022-07-19 10:00:00,0.0008496098975168591,0,Low
2022-07-19 11:00:00,0.0008496098975168591,0,Low
2022-07-19 12:00:00,0.0008496098975168591,0,Low
2022-07-19 13:00:00,0.0008496098975168591,0,Low
2022-07-19 14:00:00,0.0008496098975168591,0,Low
2022-07-19 15:00:00,0.0008496098975168591,0,Low
2022-07-19 16:00:00,0.07734023384612769,0,Low
2022-07-19 17:00:00,0.31638367128258216,0,Medium
2022-07-19 18:00:00,0.9989977196718551,1,High
2022-07-19 19:00:00,0.9989977196718551,1,High
2022-07-19 20:00:00,0.9989977196718551,1,High
2022-07-19 21:00:00,0.9988680680166795,1,High
2022-07-19 22:00:00,0.9954754240178738,1,High
2022-07-19 23:00:00,0.9895157942502871,1,High
2022-07-20 00:00:00,0.8889507320807156,1,High
2022-07-20 01:00:00,0.7248693769551485,1,High
2022-07-20 02:00:00,0.0007681837326455806,0,Low
2022-07-20 03:00:00,0.0007681837326455806,0,Low
2022-07-20 04:00:00,0.0007681837326455806,0,Low
2022-07-20 05:00:00,0.0007681837326455806,0,Low
2022-07-20 06:00:00,0.0007681837326455806,0,Low
2022-07-20 07:00:00,0.0007681837326455806,0,Low
2022-07-20 08:00:00,0.0007681837326455806,0,Low
2022-07-20 09:00:00,0.0007681837326455806,0,Low
2022-07-20 10:00:00,0.0007681837326455806,0,Low
2022-07-20 11:00:00,0.0007681837326455806,0,Low
2022-07-20 12:00:00,0.0007681837326455806,0,Low
2022-07-20 13:00:00,0.0007974976021652737,0,Low
2022-07-20 14:00:00,0.0007974976021652737,0,Low
2022-07-20 15:00:00,0.0007681837326455806,0,Low
2022-07-20 16:00:00,0.0007681837326455806,0,Low
2022-07-20 17:00:00,0.0019964006196090474,0,Low
2022-07-20 18:00:00,0.855093748217429,1,High
2022-07-20 19:00:00,0.855093748217429,1,High
2022-07-20 20:00:00,0.855093748217429,1,High
2022-07-20 21:00:00,0.7669185609959557,1,High
2022-07-20 22:00:00,0.6191756808438817,1,Medium
2022-07-20 23:00:00,0.742052337951451,1,High
2022-07-21 00:00:00,0.7524007627932865,1,High
2022-07-21 01:00:00,0.5304751145256541,0,Medium
2022-07-21 02:00:00,0.0007681837326455806,0,Low
2022-07-21 03:00:00,0.0007681837326455806,0,Low
2022-07-21 04:00:00,0.0007910032632262282,0,Low
2022-07-21 05:00:00,0.0007681837326455806,0,Low
2022-07-21 06:00:00,0.0007910032632262282,0,Low
2022-07-21 07:00:00,0.0007681837326455806,0,Low
2022-07-21 08:00:00,0.0007910032632262282,0,Low
2022-07-21 09:00:00,0.0007910032632262282,0,Low
2022-07-21 10:00:00,0.0007910032632262282,0,Low
2022-07-21 11:00:00,0.0007910032632262282,0,Low
2022-07-21 12:00:00,0.0007910032632262282,0,Low
2022-07-21 13:00:00,0.0008987183150424269,0,Low
2022-07-21 14:00:00,0.0007910032632262282,0,Low
2022-07-21 15:00:00,0.0007910032632262282,0,Low
2022-07-21 16:00:00,0.0007910032632262282,0,Low
2022-07-21 17:00:00,0.0018074718879694085,0,Low
2022-07-21 18:00:00,0.9270093953777139,1,High
2022-07-21 19:00:00,0.9270093953777139,1,High
2022-07-21 20:00:00,0.9270093953777139,1,High
2022-07-21 21:00:00,0.926167347786457,1,High
2022-07-21 22:00:00,0.9096888038710639,1,High
2022-07-21 23:00:00,0.8359357079803968,1,High
2022-07-22 00:00:00,0.7884828495992332,1,High
2022-07-22 01:00:00,0.6454096470019974,1,Medium
2022-07-22 02:00:00,0.0007681837326455806,0,Low
2022-07-22 03:00:00,0.0008727940439367009,0,Low
2022-07-22 04:00:00,0.0007681837326455806,0,Low
2022-07-22 05:00:00,0.0007681837326455806,0,Low
2022-07-22 06:00:00,0.0007681837326455806,0,Low
2022-07-22 07:00:00,0.0007681837326455806,0,Low
2022-07-22 08:00:00,0.0007681837326455806,0,Low
2022-07-22 09:00:00,0.0007681837326455806,0,Low
2022-07-22 10:00:00,0.0007681837326455806,0,Low
2022-07-22 11:00:00,0.0007681837326455806,0,Low
2022-07-22 12:00:00,0.0007681837326455806,0,Low
2022-07-22 13:00:00,0.0007681837326455806,0,Low
2022-07-22 14:00:00,0.0007681837326455806,0,Low
2022-07-22 15:00:00,0.0007681837326455806,0,Low
2022-07-22 16:00:00,0.0007681837326455806,0,Low
2022-07-22 17:00:00,0.0018074718879694085,0,Low
2022-07-22 18:00:00,0.9499626055800363,1,High
2022-07-22 19:00:00,0.8575527282247764,1,High
2022-07-22 20:00:00,0.8653430437975956,1,High
2022-07-22 21:00:00,0.8813836146921442,1,High
2022-07-22 22:00:00,0.6012226922080188,1,Medium
2022-07-22 23:00:00,0.779210834363491,1,High
2022-07-23 00:00:00,0.7094544815913432,1,High
2022-07-23 01:00:00,0.44291769444045787,0,Medium
2022-07-23 02:00:00,0.0007910032632262282,0,Low
2022-07-23 03:00:00,0.0007910032632262282,0,Low
2022-07-23 04:00:00,0.0007681837326455806,0,Low
2022-07-23 05:00:00,0.0007681837326455806,0,Low
2022-07-23 06:00:00,0.0007681837326455806,0,Low
2022-07-23 07:00:00,0.0007681837326455806,0,Low
2022-07-23 08:00:00,0.0007681837326455806,0,Low
2022-07-23 09:00:00,0.0007681837326455806,0,Low
2022-07-23 10:00:00,0.0007681837326455806,0,Low
2022-07-23 11:00:00,0.0007974976021652737,0,Low
2022-07-23 12:00:00,0.0007974976021652737,0,Low
2022-07-23 13:00:00,0.0007974976021652737,0,Low
2022-07-23 14:00:00,0.0007974976021652737,0,Low
2022-07-23 15:00:00,0.0007974976021652737,0,Low
2022-07-23 16:00:00,0.0007974976021652737,0,Low
2022-07-23 17:00:00,0.0009025292836135846,0,Low
2022-07-23 18:00:00,0.000830682117846569,0,Low
2022-07-23 19:00:00,0.0009603233970287735,0,Low
2022-07-23 20:00:00,0.0009603233970287735,0,Low
2022-07-23 21:00:00,0.0009603233970287735,0,Low
2022-07-23 22:00:00,0.0009603233970287735,0,Low
2022-07-23 23:00:00,0.0009969619953202247,0,Low
2022-07-24 00:00:00,0.0009603233970287735,0,Low
2022-07-24 01:00:00,0.0007681837326455806,0,Low
2022-07-24 02:00:00,0.0007681837326455806,0,Low
2022-07-24 03:00:00,0.0007681837326455806,0,Low
2022-07-24 04:00:00,0.0007681837326455806,0,Low
2022-07-24 05:00:00,0.0007681837326455806,0,Low
2022-07-24 06:00:00,0.0007681837326455806,0,Low
2022-07-24 07:00:00,0.0007681837326455806,0,Low
2022-07-24 08:00:00,0.0007681837326455806,0,Low
2022-07-24 09:00:00,0.0007681837326455806,0,Low
2022-07-24 10:00:00,0.0007681837326455806,0,Low
2022-07-24 11:00:00,0.0007681837326455806,0,Low
2022-07-24 12:00:00,0.0007681837326455806,0,Low
2022-07-24 13:00:00,0.0007681837326455806,0,Low
2022-07-24 14:00:00,0.0007681837326455806,0,Low
2022-07-24 15:00:00,0.0007681837326455806,0,Low
2022-07-24 16:00:00,0.0007681837326455806,0,Low
2022-07-24 17:00:00,0.0007681837326455806,0,Low
2022-07-24 18:00:00,0.0007681837326455806,0,Low
2022-07-24 19:00:00,0.0007681837326455806,0,Low
2022-07-24 20:00:00,0.0007681837326455806,0,Low
2022-07-24 21:00:00,0.0007681837326455806,0,Low
2022-07-24 22:00:00,0.0007681837326455806,0,Low
2022-07-24 23:00:00,0.0007681837326455806,0,Low
2022-07-25 00:00:00,0.0007681837326455806,0,Low
2022-07-25 01:00:00,0.0007681837326455806,0,Low
2022-07-25 02:00:00,0.0007681837326455806,0,Low
2022-07-25 03:00:00,0.0007681837326455806,0,Low
2022-07-25 04:00:00,0.0007681837326455806,0,Low
2022-07-25 05:00:00,0.0007681837326455806,0,Low
2022-07-25 06:00:00,0.0007681837326455806,0,Low
2022-07-25 07:00:00,0.0007681837326455806,0,Low
2022-07-25 08:00:00,0.0007681837326455806,0,Low
2022-07-25 09:00:00,0.0007910032632262282,0,Low
2022-07-25 10:00:00,0.0007910032632262282,0,Low
2022-07-25 11:00:00,0.0007910032632262282,0,Low
2022-07-25 12:00:00,0.0007910032632262282,0,Low
2022-07-25 13:00:00,0.0007681837326455806,0,Low
2022-07-25 14:00:00,0.0007681837326455806,0,Low
2022-07-25 15:00:00,0.0007681837326455806,0,Low
2022-07-25 16:00:00,0.0007681837326455806,0,Low
2022-07-25 17:00:00,0.0007910032632262282,0,Low
2022-07-25 18:00:00,0.0007681837326455806,0,Low
2022-07-25 19:00:00,0.0007681837326455806,0,Low
2022-07-25 20:00:00,0.0007681837326455806,0,Low
2022-07-25 21:00:00,0.0007681837326455806,0,Low
2022-07-25 22:00:00,0.0007681837326455806,0,Low
2022-07-25 23:00:00,0.0007681837326455806,0,Low
2022-07-26 00:00:00,0.0007681837326455806,0,Low
2022-07-26 01:00:00,0.0007681837326455806,0,Low
2022-07-26 02:00:00,0.0007681837326455806,0,Low
2022-07-26 03:00:00,0.0007681837326455806,0,Low
2022-07-26 04:00:00,0.0007681837326455806,0,Low
2022-07-26 05:00:00,0.0007681837326455806,0,Low
2022-07-26 06:00:00,0.0007681837326455806,0,Low
2022-07-26 07:00:00,0.0007681837326455806,0,Low
2022-07-26 08:00:00,0.0007681837326455806,0,Low
2022-07-26 09:00:00,0.0007681837326455806,0,Low
2022-07-26 10:00:00,0.0007681837326455806,0,Low
2022-07-26 11:00:00,0.0007681837326455806,0,Low
2022-07-26 12:00:00,0.0007681837326455806,0,Low
2022-07-26 13:00:00,0.0007974976021652737,0,Low
2022-07-26 14:00:00,0.0007974976021652737,0,Low
2022-07-26 15:00:00,0.0007974976021652737,0,Low
2022-07-26 16:00:00,0.0007681837326455806,0,Low
2022-07-26 17:00:00,0.0007910032632262282,0,Low
2022-07-26 18:00:00,0.0007681837326455806,0,Low
2022-07-26 19:00:00,0.0007681837326455806,0,Low
2022-07-26 20:00:00,0.0007681837326455806,0,Low
2022-07-26 21:00:00,0.0007681837326455806,0,Low
2022-07-26 22:00:00,0.0007681837326455806,0,Low
2022-07-26 23:00:00,0.0007681837326455806,0,Low
2022-07-27 00:00:00,0.0007681837326455806,0,Low
2022-07-27 01:00:00,0.0007681837326455806,0,Low
2022-07-27 02:00:00,0.0007681837326455806,0,Low
2022-07-27 03:00:00,0.0007681837326455806,0,Low
2022-07-27 04:00:00,0.0007681837326455806,0,Low
2022-07-27 05:00:00,0.0007681837326455806,0,Low
2022-07-27 06:00:00,0.0007974976021652737,0,Low
2022-07-27 07:00:00,0.0007974976021652737,0,Low
2022-07-27 08:00:00,0.0007681837326455806,0,Low
2022-07-27 09:00:00,0.0007681837326455806,0,Low
2022-07-27 10:00:00,0.0007681837326455806,0,Low
2022-07-27 11:00:00,0.0007681837326455806,0,Low
2022-07-27 12:00:00,0.0007681837326455806,0,Low
2022-07-27 13:00:00,0.0007974976021652737,0,Low
2022-07-27 14:00:00,0.0007974976021652737,0,Low
2022-07-27 15:00:00,0.0007974976021652737,0,Low
2022-07-27 16:00:00,0.0007974976021652737,0,Low
2022-07-27 17:00:00,0.0007681837326455806,0,Low
2022-07-27 18:00:00,0.0007974976021652737,0,Low
2022-07-27 19:00:00,0.0007974976021652737,0,Low
2022-07-27 20:00:00,0.0007974976021652737,0,Low
2022-07-27 21:00:00,0.0007974976021652737,0,Low
2022-07-27 22:00:00,0.0007974976021652737,0,Low
2022-07-27 23:00:00,0.0007974976021652737,0,Low
2022-07-28 00:00:00,0.0007974976021652737,0,Low
2022-07-28 01:00:00,0.0007974976021652737,0,Low
2022-07-28 02:00:00,0.0007974976021652737,0,Low
2022-07-28 03:00:00,0.0007974976021652737,0,Low
2022-07-28 04:00:00,0.0007974976021652737,0,Low
2022-07-28 05:00:00,0.0007974976021652737,0,Low
2022-07-28 06:00:00,0.0007974976021652737,0,Low
2022-07-28 07:00:00,0.0007974976021652737,0,Low
2022-07-28 08:00:00,0.0007974976021652737,0,Low
2022-07-28 09:00:00,0.0008513504777592988,0,Low
2022-07-28 10:00:00,0.0008513504777592988,0,Low
2022-07-28 11:00:00,0.0008513504777592988,0,Low
2022-07-28 12:00:00,0.0008513504777592988,0,Low
2022-07-28 13:00:00,0.0008513504777592988,0,Low
2022-07-28 14:00:00,0.0008513504777592988,0,Low
2022-07-28 15:00:00,0.0008513504777592988,0,Low
2022-07-28 16:00:00,0.0008513504777592988,0,Low
2022-07-28 17:00:00,0.0008513504777592988,0,Low
2022-07-28 18:00:00,0.0008513504777592988,0,Low
2022-07-28 19:00:00,0.0008513504777592988,0,Low
2022-07-28 20:00:00,0.0008513504777592988,0,Low
2022-07-28 21:00:00,0.0008513504777592988,0,Low
2022-07-28 22:00:00,0.0008513504777592988,0,Low
2022-07-28 23:00:00,0.0008513504777592988,0,Low
2022-07-29 00:00:00,0.0008513504777592988,0,Low
2022-07-29 01:00:00,0.0008513504777592988,0,Low
2022-07-29 02:00:00,0.0008200587457902384,0,Low
2022-07-29 03:00:00,0.0008200587457902384,0,Low
2022-07-29 04:00:00,0.0008200587457902384,0,Low
2022-07-29 05:00:00,0.0008513504777592988,0,Low
2022-07-29 06:00:00,0.0008513504777592988,0,Low
2022-07-29 07:00:00,0.0008513504777592988,0,Low
2022-07-29 08:00:00,0.0008513504777592988,0,Low
2022-07-29 09:00:00,0.0008513504777592988,0,Low
2022-07-29 10:00:00,0.0008513504777592988,0,Low
2022-07-29 11:00:00,0.0008513504777592988,0,Low
2022-07-29 12:00:00,0.0008513504777592988,0,Low
2022-07-29 13:00:00,0.0008513504777592988,0,Low
2022-07-29 14:00:00,0.0008513504777592988,0,Low
2022-07-29 15:00:00,0.0008513504777592988,0,Low
2022-07-29 16:00:00,0.0008513504777592988,0,Low
2022-07-29 17:00:00,0.0008513504777592988,0,Low
2022-07-29 18:00:00,0.0008200587457902384,0,Low
2022-07-29 19:00:00,0.0008513504777592988,0,Low
2022-07-29 20:00:00,0.0008200587457902384,0,Low
2022-07-29 21:00:00,0.0007681837326455806,0,Low
2022-07-29 22:00:00,0.0007681837326455806,0,Low
2022-07-29 23:00:00,0.0008392182127989067,0,Low
2022-07-30 00:00:00,0.0007681837326455806,0,Low
2022-07-30 01:00:00,0.0007681837326455806,0,Low
2022-07-30 02:00:00,0.0007681837326455806,0,Low
2022-07-30 03:00:00,0.0007681837326455806,0,Low
2022-07-30 04:00:00,0.0007910032632262282,0,Low
2022-07-30 05:00:00,0.0007910032632262282,0,Low
2022-07-30 06:00:00,0.0007910032632262282,0,Low
2022-07-30 07:00:00,0.0007910032632262282,0,Low
2022-07-30 08:00:00,0.0007681837326455806,0,Low
2022-07-30 09:00:00,0.0007910032632262282,0,Low
2022-07-30 10:00:00,0.0007910032632262282,0,Low
2022-07-30 11:00:00,0.0007910032632262282,0,Low
2022-07-30 12:00:00,0.0007910032632262282,0,Low
2022-07-30 13:00:00,0.0007910032632262282,0,Low
2022-07-30 14:00:00,0.0007681837326455806,0,Low
2022-07-30 15:00:00,0.0007681837326455806,0,Low
2022-07-30 16:00:00,0.0007681837326455806,0,Low
2022-07-30 17:00:00,0.0007681837326455806,0,Low
2022-07-30 18:00:00,0.0007681837326455806,0,Low
2022-07-30 19:00:00,0.0007681837326455806,0,Low
2022-07-30 20:00:00,0.0007681837326455806,0,Low
2022-07-30 21:00:00,0.0007681837326455806,0,Low
2022-07-30 22:00:00,0.0007681837326455806,0,Low
2022-07-30 23:00:00,0.0008392182127989067,0,Low
2022-07-31 00:00:00,0.0007681837326455806,0,Low
2022-07-31 01:00:00,0.0007681837326455806,0,Low
2022-07-31 02:00:00,0.0007681837326455806,0,Low
2022-07-31 03:00:00,0.0007681837326455806,0,Low
2022-07-31 04:00:00,0.0007910032632262282,0,Low
2022-07-31 05:00:00,0.0007681837326455806,0,Low
2022-07-31 06:00:00,0.0007681837326455806,0,Low
2022-07-31 07:00:00,0.0007681837326455806,0,Low
2022-07-31 08:00:00,0.0007681837326455806,0,Low
2022-07-31 09:00:00,0.0007910032632262282,0,Low
2022-07-31 10:00:00,0.0007910032632262282,0,Low
2022-07-31 11:00:00,0.0007910032632262282,0,Low
2022-07-31 12:00:00,0.0007681837326455806,0,Low
2022-07-31 13:00:00,0.0007681837326455806,0,Low
2022-07-31 14:00:00,0.0007910032632262282,0,Low
2022-07-31 15:00:00,0.0007910032632262282,0,Low
2022-07-31 16:00:00,0.0007681837326455806,0,Low
2022-07-31 17:00:00,0.0007681837326455806,0,Low
2022-07-31 18:00:00,0.0007681837326455806,0,Low
2022-07-31 19:00:00,0.0007681837326455806,0,Low
2022-07-31 20:00:00,0.0007681837326455806,0,Low
2022-07-31 21:00:00,0.0007681837326455806,0,Low
2022-07-31 22:00:00,0.0007681837326455806,0,Low
2022-07-31 23:00:00,0.0007681837326455806,0,Low
2022-08-01 00:00:00,0.0007681837326455806,0,Low
2022-08-01 01:00:00,0.0007681837326455806,0,Low
2022-08-01 02:00:00,0.0007681837326455806,0,Low
2022-08-01 03:00:00,0.0007681837326455806,0,Low
2022-08-01 04:00:00,0.0007681837326455806,0,Low
2022-08-01 05:00:00,0.0007681837326455806,0,Low
2022-08-01 06:00:00,0.0007681837326455806,0,Low
2022-08-01 07:00:00,0.0007681837326455806,0,Low
2022-08-01 08:00:00,0.0007681837326455806,0,Low
2022-08-01 09:00:00,0.0007681837326455806,0,Low
2022-08-01 10:00:00,0.0007681837326455806,0,Low
2022-08-01 11:00:00,0.0007681837326455806,0,Low
2022-08-01 12:00:00,0.0007681837326455806,0,Low
2022-08-01 13:00:00,0.0007681837326455806,0,Low
2022-08-01 14:00:00,0.0007681837326455806,0,Low
2022-08-01 15:00:00,0.0007910032632262282,0,Low
2022-08-01 16:00:00,0.0007910032632262282,0,Low
2022-08-01 17:00:00,0.0007910032632262282,0,Low
2022-08-01 18:00:00,0.0007681837326455806,0,Low
2022-08-01 19:00:00,0.0007681837326455806,0,Low
2022-08-01 20:00:00,0.0007681837326455806,0,Low
2022-08-01 21:00:00,0.0007681837326455806,0,Low
2022-08-01 22:00:00,0.0007681837326455806,0,Low
2022-08-01 23:00:00,0.0007681837326455806,0,Low
2022-08-02 00:00:00,0.0007681837326455806,0,Low
2022-08-02 01:00:00,0.0007681837326455806,0,Low
2022-08-02 02:00:00,0.0007681837326455806,0,Low
2022-08-02 03:00:00,0.0007974976021652737,0,Low
2022-08-02 04:00:00,0.0007974976021652737,0,Low
2022-08-02 05:00:00,0.0007974976021652737,0,Low
2022-08-02 06:00:00,0.0007974976021652737,0,Low
2022-08-02 07:00:00,0.0007681837326455806,0,Low
2022-08-02 08:00:00,0.0007974976021652737,0,Low
2022-08-02 09:00:00,0.0007974976021652737,0,Low
2022-08-02 10:00:00,0.0007974976021652737,0,Low
2022-08-02 11:00:00,0.0007974976021652737,0,Low
2022-08-02 12:00:00,0.0007974976021652737,0,Low
2022-08-02 13:00:00,0.0007974976021652737,0,Low
2022-08-02 14:00:00,0.0007974976021652737,0,Low
2022-08-02 15:00:00,0.0007974976021652737,0,Low
2022-08-02 16:00:00,0.0007681837326455806,0,Low
2022-08-02 17:00:00,0.0007681837326455806,0,Low
2022-08-02 18:00:00,0.0007681837326455806,0,Low
2022-08-02 19:00:00,0.0007910032632262282,0,Low
2022-08-02 20:00:00,0.0007681837326455806,0,Low
2022-08-02 21:00:00,0.0007681837326455806,0,Low
2022-08-02 22:00:00,0.0007681837326455806,0,Low
2022-08-02 23:00:00,0.0007681837326455806,0,Low
2022-08-03 00:00:00,0.0007910032632262282,0,Low
2022-08-03 01:00:00,0.0007681837326455806,0,Low
2022-08-03 02:00:00,0.0007681837326455806,0,Low
2022-08-03 03:00:00,0.0007681837326455806,0,Low
2022-08-03 04:00:00,0.0007681837326455806,0,Low
2022-08-03 05:00:00,0.0007681837326455806,0,Low
2022-08-03 06:00:00,0.0007681837326455806,0,Low
2022-08-03 07:00:00,0.0007681837326455806,0,Low
2022-08-03 08:00:00,0.0007681837326455806,0,Low
2022-08-03 09:00:00,0.0007681837326455806,0,Low
2022-08-03 10:00:00,0.0007974976021652737,0,Low
2022-08-03 11:00:00,0.0007974976021652737,0,Low
2022-08-03 12:00:00,0.0007974976021652737,0,Low
2022-08-03 13:00:00,0.0007974976021652737,0,Low
2022-08-03 14:00:00,0.0007681837326455806,0,Low
2022-08-03 15:00:00,0.0007681837326455806,0,Low
2022-08-03 16:00:00,0.0007974976021652737,0,Low
2022-08-03 17:00:00,0.0007974976021652737,0,Low
2022-08-03 18:00:00,0.7633990200546177,1,High
2022-08-03 19:00:00,0.7624834084615157,1,High
2022-08-03 20:00:00,0.6806173732322683,1,Medium
2022-08-03 21:00:00,0.6987839830262345,1,Medium
2022-08-03 22:00:00,0.6447443970275418,1,Medium
2022-08-03 23:00:00,0.6045785487184087,1,Medium
2022-08-04 00:00:00,0.6950404524574371,1,Medium
2022-08-04 01:00:00,0.6539587753589141,1,Medium
2022-08-04 02:00:00,0.0007681837326455806,0,Low
2022-08-04 03:00:00,0.0007681837326455806,0,Low
2022-08-04 04:00:00,0.0007681837326455806,0,Low
2022-08-04 05:00:00,0.0007681837326455806,0,Low
2022-08-04 06:00:00,0.0007681837326455806,0,Low
2022-08-04 07:00:00,0.5911580166623738,1,Medium
2022-08-04 08:00:00,0.6216534401771551,1,Medium
2022-08-04 09:00:00,0.8292086459590087,1,High
2022-08-04 10:00:00,0.8889239740600295,1,High
2022-08-04 11:00:00,0.8475659884736138,1,High
2022-08-04 12:00:00,0.8973401059712255,1,High
2022-08-04 13:00:00,0.900486285067953,1,High
2022-08-04 14:00:00,0.9261364444515793,1,High
2022-08-04 15:00:00,0.9030253184413486,1,High
2022-08-04 16:00:00,0.9169098464468274,1,High
2022-08-04 17:00:00,0.9378186956471811,1,High
2022-08-04 18:00:00,0.9405042947690376,1,High
2022-08-04 19:00:00,0.9405042947690376,1,High
2022-08-04 20:00:00,0.9398243610396221,1,High
2022-08-04 21:00:00,0.9391204428046838,1,High
2022-08-04 22:00:00,0.9134537540370952,1,High
2022-08-04 23:00:00,0.8789197210566116,1,High
2022-08-05 00:00:00,0.8365218308117596,1,High
2022-08-05 01:00:00,0.0007910032632262282,0,Low
2022-08-05 02:00:00,0.0007910032632262282,0,Low
2022-08-05 03:00:00,0.0007681837326455806,0,Low
2022-08-05 04:00:00,0.0007681837326455806,0,Low
2022-08-05 05:00:00,0.0007681837326455806,0,Low
2022-08-05 06:00:00,0.7308420897483593,1,High
2022-08-05 07:00:00,0.7616305607607422,1,High
2022-08-05 08:00:00,0.7631815259950727,1,High
2022-08-05 09:00:00,0.9153666315224369,1,High
2022-08-05 10:00:00,0.9359167629492084,1,High
2022-08-05 11:00:00,0.8453289489123571,1,High
2022-08-05 12:00:00,0.9405042947690376,1,High
2022-08-05 13:00:00,0.8285309614437543,1,High
2022-08-05 14:00:00,0.8285309614437543,1,High
2022-08-05 15:00:00,0.9066311928772239,1,High
2022-08-05 16:00:00,0.8163232197606184,1,High
2022-08-05 17:00:00,0.8993080457822208,1,High
2022-08-05 18:00:00,0.8163232197606184,1,High
2022-08-05 19:00:00,0.8163232197606184,1,High
2022-08-05 20:00:00,0.8163232197606184,1,High
2022-08-05 21:00:00,0.8144598281449279,1,High
2022-08-05 22:00:00,0.7869358881889226,1,High
2022-08-05 23:00:00,0.8145416113972973,1,High
2022-08-06 00:00:00,0.5231723273492103,0,Medium
2022-08-06 01:00:00,0.5121252575097387,0,Medium
2022-08-06 02:00:00,0.0007681837326455806,0,Low
2022-08-06 03:00:00,0.0007681837326455806,0,Low
2022-08-06 04:00:00,0.0007681837326455806,0,Low
2022-08-06 05:00:00,0.0017271332851339788,0,Low
2022-08-06 06:00:00,0.0017271332851339788,0,Low
2022-08-06 07:00:00,0.0019964006196090474,0,Low
2022-08-06 08:00:00,0.0019964006196090474,0,Low
2022-08-06 09:00:00,0.0019964006196090474,0,Low
2022-08-06 10:00:00,0.0019964006196090474,0,Low
2022-08-06 11:00:00,0.0018074718879694085,0,Low
2022-08-06 12:00:00,0.0018074718879694085,0,Low
2022-08-06 13:00:00,0.0018074718879694085,0,Low
2022-08-06 14:00:00,0.0018074718879694085,0,Low
2022-08-06 15:00:00,0.0018074718879694085,0,Low
2022-08-06 16:00:00,0.0018074718879694085,0,Low
2022-08-06 17:00:00,0.8862652643911207,1,High
2022-08-06 18:00:00,0.8862652643911207,1,High
2022-08-06 19:00:00,0.8688019013932492,1,High
2022-08-06 20:00:00,0.8688019013932492,1,High
2022-08-06 21:00:00,0.8085318107638458,1,High
2022-08-06 22:00:00,0.8622867499998089,1,High
2022-08-06 23:00:00,0.0017271332851339788,0,Low
2022-08-07 00:00:00,0.0017271332851339788,0,Low
2022-08-07 01:00:00,0.0007681837326455806,0,Low
2022-08-07 02:00:00,0.0007681837326455806,0,Low
2022-08-07 03:00:00,0.0007681837326455806,0,Low
2022-08-07 04:00:00,0.0007681837326455806,0,Low
2022-08-07 05:00:00,0.0007681837326455806,0,Low
2022-08-07 06:00:00,0.0007681837326455806,0,Low
2022-08-07 07:00:00,0.0007681837326455806,0,Low
2022-08-07 08:00:00,0.0007681837326455806,0,Low
2022-08-07 09:00:00,0.0007681837326455806,0,Low
2022-08-07 10:00:00,0.0007681837326455806,0,Low
2022-08-07 11:00:00,0.0007974976021652737,0,Low
2022-08-07 12:00:00,0.0007781564532890868,0,Low
2022-08-07 13:00:00,0.0007781564532890868,0,Low
2022-08-07 14:00:00,0.0007781564532890868,0,Low
2022-08-07 15:00:00,0.0007781564532890868,0,Low
2022-08-07 16:00:00,0.0017271332851339788,0,Low
2022-08-07 17:00:00,0.0017271332851339788,0,Low
2022-08-07 18:00:00,0.0017271332851339788,0,Low
2022-08-07 19:00:00,0.0017271332851339788,0,Low
2022-08-07 20:00:00,0.0017271332851339788,0,Low
2022-08-07 21:00:00,0.0017271332851339788,0,Low
2022-08-07 22:00:00,0.0007974976021652737,0,Low
2022-08-07 23:00:00,0.0007974976021652737,0,Low
2022-08-08 00:00:00,0.0007681837326455806,0,Low
2022-08-08 01:00:00,0.0007681837326455806,0,Low
2022-08-08 02:00:00,0.0007681837326455806,0,Low
2022-08-08 03:00:00,0.0007681837326455806,0,Low
2022-08-08 04:00:00,0.0007681837326455806,0,Low
2022-08-08 05:00:00,0.0007681837326455806,0,Low
2022-08-08 06:00:00,0.0007681837326455806,0,Low
2022-08-08 07:00:00,0.0007681837326455806,0,Low
2022-08-08 08:00:00,0.0007681837326455806,0,Low
2022-08-08 09:00:00,0.0007681837326455806,0,Low
2022-08-08 10:00:00,0.0007681837326455806,0,Low
2022-08-08 11:00:00,0.0007681837326455806,0,Low
2022-08-08 12:00:00,0.0007681837326455806,0,Low
2022-08-08 13:00:00,0.0007681837326455806,0,Low
2022-08-08 14:00:00,0.0007681837326455806,0,Low
2022-08-08 15:00:00,0.0007681837326455806,0,Low
2022-08-08 16:00:00,0.0007681837326455806,0,Low
2022-08-08 17:00:00,0.0007681837326455806,0,Low
2022-08-08 18:00:00,0.0007681837326455806,0,Low
2022-08-08 19:00:00,0.0007681837326455806,0,Low
2022-08-08 20:00:00,0.0007681837326455806,0,Low
2022-08-08 21:00:00,0.0007681837326455806,0,Low
2022-08-08 22:00:00,0.0007681837326455806,0,Low
2022-08-08 23:00:00,0.0007681837326455806,0,Low
2022-08-09 00:00:00,0.0007681837326455806,0,Low
2022-08-09 01:00:00,0.0007681837326455806,0,Low
2022-08-09 02:00:00,0.0007681837326455806,0,Low
2022-08-09 03:00:00,0.0007681837326455806,0,Low
2022-08-09 04:00:00,0.0007681837326455806,0,Low
2022-08-09 05:00:00,0.0007910032632262282,0,Low
2022-08-09 06:00:00,0.0007681837326455806,0,Low
2022-08-09 07:00:00,0.0007681837326455806,0,Low
2022-08-09 08:00:00,0.0007910032632262282,0,Low
2022-08-09 09:00:00,0.0007910032632262282,0,Low
2022-08-09 10:00:00,0.0007681837326455806,0,Low
2022-08-09 11:00:00,0.0007681837326455806,0,Low
2022-08-09 12:00:00,0.0007681837326455806,0,Low
2022-08-09 13:00:00,0.0007681837326455806,0,Low
2022-08-09 14:00:00,0.0007681837326455806,0,Low
2022-08-09 15:00:00,0.0007681837326455806,0,Low
2022-08-09 16:00:00,0.0007681837326455806,0,Low
2022-08-09 17:00:00,0.0007910032632262282,0,Low
2022-08-09 18:00:00,0.0007910032632262282,0,Low
2022-08-09 19:00:00,0.0007681837326455806,0,Low
2022-08-09 20:00:00,0.0007681837326455806,0,Low
2022-08-09 21:00:00,0.0007681837326455806,0,Low
2022-08-09 22:00:00,0.0007681837326455806,0,Low
2022-08-09 23:00:00,0.0007681837326455806,0,Low
2022-08-10 00:00:00,0.0007681837326455806,0,Low
2022-08-10 01:00:00,0.0007681837326455806,0,Low
2022-08-10 02:00:00,0.0007681837326455806,0,Low
2022-08-10 03:00:00,0.0007681837326455806,0,Low
2022-08-10 04:00:00,0.0007681837326455806,0,Low
2022-08-10 05:00:00,0.0007681837326455806,0,Low
2022-08-10 06:00:00,0.0007681837326455806,0,Low
2022-08-10 07:00:00,0.0007681837326455806,0,Low
2022-08-10 08:00:00,0.0007681837326455806,0,Low
2022-08-10 09:00:00,0.0007681837326455806,0,Low
2022-08-10 10:00:00,0.0007681837326455806,0,Low
2022-08-10 11:00:00,0.0007681837326455806,0,Low
2022-08-10 12:00:00,0.0007681837326455806,0,Low
2022-08-10 13:00:00,0.0007681837326455806,0,Low
2022-08-10 14:00:00,0.0007681837326455806,0,Low
2022-08-10 15:00:00,0.0007910032632262282,0,Low
2022-08-10 16:00:00,0.0007910032632262282,0,Low
2022-08-10 17:00:00,0.0007910032632262282,0,Low
2022-08-10 18:00:00,0.0007910032632262282,0,Low
2022-08-10 19:00:00,0.0007910032632262282,0,Low
2022-08-10 20:00:00,0.0007681837326455806,0,Low
2022-08-10 21:00:00,0.0007681837326455806,0,Low
2022-08-10 22:00:00,0.0007681837326455806,0,Low
2022-08-10 23:00:00,0.0007681837326455806,0,Low
2022-08-11 00:00:00,0.0007681837326455806,0,Low
2022-08-11 01:00:00,0.0007681837326455806,0,Low
2022-08-11 02:00:00,0.0007681837326455806,0,Low
2022-08-11 03:00:00,0.0007681837326455806,0,Low
2022-08-11 04:00:00,0.0007681837326455806,0,Low
2022-08-11 05:00:00,0.0007681837326455806,0,Low
2022-08-11 06:00:00,0.0007681837326455806,0,Low
2022-08-11 07:00:00,0.0007681837326455806,0,Low
2022-08-11 08:00:00,0.0007681837326455806,0,Low
2022-08-11 09:00:00,0.0007681837326455806,0,Low
2022-08-11 10:00:00,0.0007681837326455806,0,Low
2022-08-11 11:00:00,0.0007681837326455806,0,Low
2022-08-11 12:00:00,0.0007681837326455806,0,Low
2022-08-11 13:00:00,0.0007781564532890868,0,Low
2022-08-11 14:00:00,0.0008026114958494883,0,Low
2022-08-11 15:00:00,0.0007781564532890868,0,Low
2022-08-11 16:00:00,0.0007781564532890868,0,Low
2022-08-11 17:00:00,0.0007681837326455806,0,Low
2022-08-11 18:00:00,0.0007681837326455806,0,Low
2022-08-11 19:00:00,0.0007681837326455806,0,Low
2022-08-11 20:00:00,0.0007681837326455806,0,Low
2022-08-11 21:00:00,0.0007681837326455806,0,Low
2022-08-11 22:00:00,0.0007681837326455806,0,Low
2022-08-11 23:00:00,0.0007681837326455806,0,Low
2022-08-12 00:00:00,0.0007681837326455806,0,Low
2022-08-12 01:00:00,0.0007681837326455806,0,Low
2022-08-12 02:00:00,0.0007681837326455806,0,Low
2022-08-12 03:00:00,0.0007681837326455806,0,Low
2022-08-12 04:00:00,0.0007681837326455806,0,Low
2022-08-12 05:00:00,0.0007681837326455806,0,Low
2022-08-12 06:00:00,0.0007681837326455806,0,Low
2022-08-12 07:00:00,0.0007681837326455806,0,Low
2022-08-12 08:00:00,0.0007681837326455806,0,Low
2022-08-12 09:00:00,0.0007681837326455806,0,Low
2022-08-12 10:00:00,0.0007681837326455806,0,Low
2022-08-12 11:00:00,0.0007681837326455806,0,Low
2022-08-12 12:00:00,0.0007681837326455806,0,Low
2022-08-12 13:00:00,0.0007681837326455806,0,Low
2022-08-12 14:00:00,0.0008026114958494883,0,Low
2022-08-12 15:00:00,0.0007781564532890868,0,Low
2022-08-12 16:00:00,0.0007681837326455806,0,Low
2022-08-12 17:00:00,0.0007681837326455806,0,Low
2022-08-12 18:00:00,0.0007681837326455806,0,Low
2022-08-12 19:00:00,0.0007681837326455806,0,Low
2022-08-12 20:00:00,0.0007681837326455806,0,Low
2022-08-12 21:00:00,0.0007681837326455806,0,Low
2022-08-12 22:00:00,0.0007681837326455806,0,Low
2022-08-12 23:00:00,0.0008392182127989067,0,Low
2022-08-13 00:00:00,0.0007681837326455806,0,Low
2022-08-13 01:00:00,0.0007681837326455806,0,Low
2022-08-13 02:00:00,0.0007910032632262282,0,Low
2022-08-13 03:00:00,0.0008549711879557092,0,Low
2022-08-13 04:00:00,0.0007910032632262282,0,Low
2022-08-13 05:00:00,0.0008987183150424269,0,Low
2022-08-13 06:00:00,0.0007910032632262282,0,Low
2022-08-13 07:00:00,0.0007681837326455806,0,Low
2022-08-13 08:00:00,0.0007681837326455806,0,Low
2022-08-13 09:00:00,0.0007681837326455806,0,Low
2022-08-13 10:00:00,0.0007681837326455806,0,Low
2022-08-13 11:00:00,0.0007681837326455806,0,Low
2022-08-13 12:00:00,0.0007681837326455806,0,Low
2022-08-13 13:00:00,0.0007681837326455806,0,Low
2022-08-13 14:00:00,0.0007681837326455806,0,Low
2022-08-13 15:00:00,0.0007974976021652737,0,Low
2022-08-13 16:00:00,0.0007974976021652737,0,Low
2022-08-13 17:00:00,0.0007681837326455806,0,Low
2022-08-13 18:00:00,0.0007681837326455806,0,Low
2022-08-13 19:00:00,0.0007681837326455806,0,Low
2022-08-13 20:00:00,0.0007974976021652737,0,Low
2022-08-13 21:00:00,0.0007681837326455806,0,Low
2022-08-13 22:00:00,0.0007974976021652737,0,Low
2022-08-13 23:00:00,0.0007681837326455806,0,Low
2022-08-14 00:00:00,0.0007681837326455806,0,Low
2022-08-14 01:00:00,0.0007681837326455806,0,Low
2022-08-14 02:00:00,0.0007681837326455806,0,Low
2022-08-14 03:00:00,0.0007681837326455806,0,Low
2022-08-14 04:00:00,0.0007681837326455806,0,Low
2022-08-14 05:00:00,0.0007910032632262282,0,Low
2022-08-14 06:00:00,0.0007681837326455806,0,Low
2022-08-14 07:00:00,0.0007681837326455806,0,Low
2022-08-14 08:00:00,0.0007681837326455806,0,Low
2022-08-14 09:00:00,0.0007681837326455806,0,Low
2022-08-14 10:00:00,0.0007681837326455806,0,Low
2022-08-14 11:00:00,0.0007974976021652737,0,Low
2022-08-14 12:00:00,0.0007974976021652737,0,Low
2022-08-14 13:00:00,0.0007974976021652737,0,Low
2022-08-14 14:00:00,0.0007974976021652737,0,Low
2022-08-14 15:00:00,0.0007974976021652737,0,Low
2022-08-14 16:00:00,0.0007974976021652737,0,Low
2022-08-14 17:00:00,0.0007681837326455806,0,Low
2022-08-14 18:00:00,0.0007681837326455806,0,Low
2022-08-14 19:00:00,0.0007681837326455806,0,Low
2022-08-14 20:00:00,0.0007681837326455806,0,Low
2022-08-14 21:00:00,0.0007681837326455806,0,Low
2022-08-14 22:00:00,0.0007681837326455806,0,Low
2022-08-14 23:00:00,0.0007681837326455806,0,Low
2022-08-15 00:00:00,0.0007681837326455806,0,Low
2022-08-15 01:00:00,0.0007681837326455806,0,Low
2022-08-15 02:00:00,0.0007910032632262282,0,Low
2022-08-15 03:00:00,0.0007681837326455806,0,Low
2022-08-15 04:00:00,0.0007681837326455806,0,Low
2022-08-15 05:00:00,0.0007681837326455806,0,Low
2022-08-15 06:00:00,0.0007681837326455806,0,Low
2022-08-15 07:00:00,0.0007681837326455806,0,Low
2022-08-15 08:00:00,0.0007681837326455806,0,Low
2022-08-15 09:00:00,0.0007681837326455806,0,Low
2022-08-15 10:00:00,0.0007681837326455806,0,Low
2022-08-15 11:00:00,0.0007910032632262282,0,Low
2022-08-15 12:00:00,0.0007910032632262282,0,Low
2022-08-15 13:00:00,0.0007910032632262282,0,Low
2022-08-15 14:00:00,0.0008987183150424269,0,Low
2022-08-15 15:00:00,0.0008987183150424269,0,Low
2022-08-15 16:00:00,0.0007910032632262282,0,Low
2022-08-15 17:00:00,0.0007910032632262282,0,Low
2022-08-15 18:00:00,0.0007910032632262282,0,Low
2022-08-15 19:00:00,0.0007910032632262282,0,Low
2022-08-15 20:00:00,0.0007910032632262282,0,Low
2022-08-15 21:00:00,0.0007681837326455806,0,Low
2022-08-15 22:00:00,0.0007681837326455806,0,Low
2022-08-15 23:00:00,0.0007681837326455806,0,Low
2022-08-16 00:00:00,0.0007681837326455806,0,Low
2022-08-16 01:00:00,0.0007681837326455806,0,Low
2022-08-16 02:00:00,0.0007681837326455806,0,Low
2022-08-16 03:00:00,0.0007681837326455806,0,Low
2022-08-16 04:00:00,0.0007681837326455806,0,Low
2022-08-16 05:00:00,0.0007681837326455806,0,Low
2022-08-16 06:00:00,0.0007681837326455806,0,Low
2022-08-16 07:00:00,0.0007681837326455806,0,Low
2022-08-16 08:00:00,0.0007681837326455806,0,Low
2022-08-16 09:00:00,0.0007681837326455806,0,Low
2022-08-16 10:00:00,0.0007681837326455806,0,Low
2022-08-16 11:00:00,0.0007681837326455806,0,Low
2022-08-16 12:00:00,0.0007681837326455806,0,Low
2022-08-16 13:00:00,0.0007681837326455806,0,Low
2022-08-16 14:00:00,0.0007681837326455806,0,Low
2022-08-16 15:00:00,0.0007681837326455806,0,Low
2022-08-16 16:00:00,0.0007974976021652737,0,Low
2022-08-16 17:00:00,0.0007974976021652737,0,Low
2022-08-16 18:00:00,0.6867161461489327,1,Medium
2022-08-16 19:00:00,0.7047629230257215,1,High
2022-08-16 20:00:00,0.6867161461489327,1,Medium
2022-08-16 21:00:00,0.6820436550101691,1,Medium
2022-08-16 22:00:00,0.7336499230230247,1,High
2022-08-16 23:00:00,0.7059743960796007,1,High
2022-08-17 00:00:00,0.6938160380295431,1,Medium
2022-08-17 01:00:00,0.5736858030799217,1,Medium
2022-08-17 02:00:00,0.0007681837326455806,0,Low
2022-08-17 03:00:00,0.0007974976021652737,0,Low
2022-08-17 04:00:00,0.0007974976021652737,0,Low
2022-08-17 05:00:00,0.0007681837326455806,0,Low
2022-08-17 06:00:00,0.0007681837326455806,0,Low
2022-08-17 07:00:00,0.0007681837326455806,0,Low
2022-08-17 08:00:00,0.0007681837326455806,0,Low
2022-08-17 09:00:00,0.0007681837326455806,0,Low
2022-08-17 10:00:00,0.0007681837326455806,0,Low
2022-08-17 11:00:00,0.0007681837326455806,0,Low
2022-08-17 12:00:00,0.0007681837326455806,0,Low
2022-08-17 13:00:00,0.0007681837326455806,0,Low
2022-08-17 14:00:00,0.0007681837326455806,0,Low
2022-08-17 15:00:00,0.0007974976021652737,0,Low
2022-08-17 16:00:00,0.0007974976021652737,0,Low
2022-08-17 17:00:00,0.0017271332851339788,0,Low
2022-08-17 18:00:00,0.7630687591997086,1,High
2022-08-17 19:00:00,0.8910012760441486,1,High
2022-08-17 20:00:00,0.7571079836122184,1,High
2022-08-17 21:00:00,0.881809744543992,1,High
2022-08-17 22:00:00,0.7911061925345186,1,High
2022-08-17 23:00:00,0.6435197864552193,1,Medium
2022-08-18 00:00:00,0.6297168122512169,1,Medium
2022-08-18 01:00:00,0.39376516965231273,0,Medium
2022-08-18 02:00:00,0.0007681837326455806,0,Low
2022-08-18 03:00:00,0.0007681837326455806,0,Low
2022-08-18 04:00:00,0.0007681837326455806,0,Low
2022-08-18 05:00:00,0.0007681837326455806,0,Low
2022-08-18 06:00:00,0.0007681837326455806,0,Low
2022-08-18 07:00:00,0.0007681837326455806,0,Low
2022-08-18 08:00:00,0.0007681837326455806,0,Low
2022-08-18 09:00:00,0.0007681837326455806,0,Low
2022-08-18 10:00:00,0.0007681837326455806,0,Low
2022-08-18 11:00:00,0.0007681837326455806,0,Low
2022-08-18 12:00:00,0.0007681837326455806,0,Low
2022-08-18 13:00:00,0.0007681837326455806,0,Low
2022-08-18 14:00:00,0.0007681837326455806,0,Low
2022-08-18 15:00:00,0.0007974976021652737,0,Low
2022-08-18 16:00:00,0.0007974976021652737,0,Low
2022-08-18 17:00:00,0.0017271332851339788,0,Low
2022-08-18 18:00:00,0.8759780708069878,1,High
2022-08-18 19:00:00,0.8672950919188315,1,High
2022-08-18 20:00:00,0.8759780708069878,1,High
2022-08-18 21:00:00,0.9459662246667677,1,High
2022-08-18 22:00:00,0.9604898437943642,1,High
2022-08-18 23:00:00,0.8606652014787671,1,High
